R.Condition	R.FileName	R.Fraction	R.Replicate	PG.FastaFiles	PG.Genes	PG.ProteinAccessions	PG.ProteinGroups	PG.ProteinNames	PG.Qvalue	PG.Quantity	PEP.GroupingKey	PEP.StrippedSequence	PEP.Quantity	EG.iRTPredicted	EG.Library	EG.ModifiedSequence	EG.PrecursorId	EG.Qvalue	FG.Charge	FG.Id	FG.PrecMz	FG.Quantity	F.Charge	F.FrgIon	F.FrgLossType	F.FrgMz	F.FrgNum	F.FrgType	F.ExcludedFromQuantification	F.NormalizedPeakArea	F.NormalizedPeakHeight	F.PeakArea	F.PeakHeight
A	LFQ_timsTOFPro_diaPASEF_Condition_A_Sample_Alpha_01	NA	1	human_yeast_ecoli_uniport_reviewed_2023_8_30	TMA7B;TMA7	A0A024R1R8;Q9Y2S6	A0A024R1R8;Q9Y2S6	TMA7B_HUMAN;TMA7_HUMAN	0	3922.860595703125	GPLATGGIK	GPLATGGIK	3922.860595703125	-8.612555503845215	directDIA™	_GPLATGGIK_	_GPLATGGIK_.1	5.6152671614283445E-08	1	_GPLATGGIK_.1	813.4828491210938	3922.860595703125	1	y6	noloss	546.3245849609375	6	y	False	681.2704920080487	2599.24422491118	699.5537109375	2669
A	LFQ_timsTOFPro_diaPASEF_Condition_A_Sample_Alpha_01	NA	1	human_yeast_ecoli_uniport_reviewed_2023_8_30	TMA7B;TMA7	A0A024R1R8;Q9Y2S6	A0A024R1R8;Q9Y2S6	TMA7B_HUMAN;TMA7_HUMAN	0	3922.860595703125	GPLATGGIK	GPLATGGIK	3922.860595703125	-8.612555503845215	directDIA™	_GPLATGGIK_	_GPLATGGIK_.1	5.6152671614283445E-08	1	_GPLATGGIK_.1	813.4828491210938	3922.860595703125	1	y5	noloss	475.2874755859375	5	y	False	1521.4400700833125	4546.973130801911	1562.2708740234375	4669
A	LFQ_timsTOFPro_diaPASEF_Condition_A_Sample_Alpha_01	NA	1	human_yeast_ecoli_uniport_reviewed_2023_8_30	TMA7B;TMA7	A0A024R1R8;Q9Y2S6	A0A024R1R8;Q9Y2S6	TMA7B_HUMAN;TMA7_HUMAN	0	3922.860595703125	GPLATGGIK	GPLATGGIK	3922.860595703125	-8.612555503845215	directDIA™	_GPLATGGIK_	_GPLATGGIK_.1	5.6152671614283445E-08	1	_GPLATGGIK_.1	813.4828491210938	3922.860595703125	1	y4	noloss	374.23980712890625	4	y	False	1720.1501453424416	7046.883181512663	1766.313720703125	7236
A	LFQ_timsTOFPro_diaPASEF_Condition_A_Sample_Alpha_01	NA	1	human_yeast_ecoli_uniport_reviewed_2023_8_30	TMA7B;TMA7	A0A024R1R8;Q9Y2S6	A0A024R1R8;Q9Y2S6	TMA7B_HUMAN;TMA7_HUMAN	0	3922.860595703125	GPLATGGIK	GPLATGGIK	3922.860595703125	-8.612555503845215	directDIA™	_GPLATGGIK_	_GPLATGGIK_.1	5.6152671614283445E-08	1	_GPLATGGIK_.1	813.4828491210938	3922.860595703125	1	b8	noloss	667.3773803710938	8	b	True	404.212712421626	1342.9590806116587	415.060546875	1379
A	LFQ_timsTOFPro_diaPASEF_Condition_A_Sample_Alpha_01	NA	1	human_yeast_ecoli_uniport_reviewed_2023_8_30	TMA7B;TMA7	A0A024R1R8;Q9Y2S6	A0A024R1R8;Q9Y2S6	TMA7B_HUMAN;TMA7_HUMAN	0	3922.860595703125	GPLATGGIK	GPLATGGIK	3922.860595703125	-8.612555503845215	directDIA™	_GPLATGGIK_	_GPLATGGIK_.1	5.6152671614283445E-08	1	_GPLATGGIK_.1	813.4828491210938	3922.860595703125	1	b7	noloss	554.2932739257812	7	b	True	559.8759460136282	1563.0524469773113	574.9013061523438	1605
A	LFQ_timsTOFPro_diaPASEF_Condition_A_Sample_Alpha_01	NA	1	human_yeast_ecoli_uniport_reviewed_2023_8_30	TMA7B;TMA7	A0A024R1R8;Q9Y2S6	A0A024R1R8;Q9Y2S6	TMA7B_HUMAN;TMA7_HUMAN	0	3922.860595703125	GPLATGGIK	GPLATGGIK	3922.860595703125	-8.612555503845215	directDIA™	_GPLATGGIK_	_GPLATGGIK_.1	5.6152671614283445E-08	1	_GPLATGGIK_.1	813.4828491210938	3922.860595703125	1	b8	H2O	649.3667602539062	8	b	True	363.8353197646175	1228.0430751641056	373.59954833984375	1261
A	LFQ_timsTOFPro_diaPASEF_Condition_A_Sample_Alpha_01	NA	1	human_yeast_ecoli_uniport_reviewed_2023_8_30	NUDT4B	A0A024RBG1	A0A024RBG1	NUD4B_HUMAN	0	531.755859375	LLGIFEQNQDR	LLGIFEQNQDR	531.755859375	52.39510726928711	directDIA™	_LLGIFEQNQDR_	_LLGIFEQNQDR_.2	5.563445563376369E-15	2	_LLGIFEQNQDR_.2	666.8489379882812	531.755859375	1	y7	noloss	936.4169921875	7	y	False	217.7691366077068	978.9866962659823	221.7760772705078	997
A	LFQ_timsTOFPro_diaPASEF_Condition_A_Sample_Alpha_01	NA	1	human_yeast_ecoli_uniport_reviewed_2023_8_30	NUDT4B	A0A024RBG1	A0A024RBG1	NUD4B_HUMAN	0	531.755859375	LLGIFEQNQDR	LLGIFEQNQDR	531.755859375	52.39510726928711	directDIA™	_LLGIFEQNQDR_	_LLGIFEQNQDR_.2	5.563445563376369E-15	2	_LLGIFEQNQDR_.2	666.8489379882812	531.755859375	1	y9	noloss	1106.5224609375	9	y	False	155.92512949297378	720.7384504104624	158.7941436767578	734
A	LFQ_timsTOFPro_diaPASEF_Condition_A_Sample_Alpha_01	NA	1	human_yeast_ecoli_uniport_reviewed_2023_8_30	NUDT4B	A0A024RBG1	A0A024RBG1	NUD4B_HUMAN	0	531.755859375	LLGIFEQNQDR	LLGIFEQNQDR	531.755859375	52.39510726928711	directDIA™	_LLGIFEQNQDR_	_LLGIFEQNQDR_.2	5.563445563376369E-15	2	_LLGIFEQNQDR_.2	666.8489379882812	531.755859375	1	b3	noloss	284.1968688964844	3	b	True	90.90573135195615	424.1948372988008	92.5783920288086	432
A	LFQ_timsTOFPro_diaPASEF_Condition_A_Sample_Alpha_01	NA	1	human_yeast_ecoli_uniport_reviewed_2023_8_30	NUDT4B	A0A024RBG1	A0A024RBG1	NUD4B_HUMAN	0	531.755859375	LLGIFEQNQDR	LLGIFEQNQDR	531.755859375	52.39510726928711	directDIA™	_LLGIFEQNQDR_	_LLGIFEQNQDR_.2	5.563445563376369E-15	2	_LLGIFEQNQDR_.2	666.8489379882812	531.755859375	1	y6	noloss	789.3485717773438	6	y	False	158.06158481853393	735.4674378166708	160.96990966796875	749
A	LFQ_timsTOFPro_diaPASEF_Condition_A_Sample_Alpha_01	NA	1	human_yeast_ecoli_uniport_reviewed_2023_8_30	NUDT4B	A0A024RBG1	A0A024RBG1	NUD4B_HUMAN	0	531.755859375	LLGIFEQNQDR	LLGIFEQNQDR	531.755859375	52.39510726928711	directDIA™	_LLGIFEQNQDR_	_LLGIFEQNQDR_.2	5.563445563376369E-15	2	_LLGIFEQNQDR_.2	666.8489379882812	531.755859375	1	y5	noloss	660.3059692382812	5	y	True	458.2184625856843	1129.2223678093076	466.649658203125	1150
A	LFQ_timsTOFPro_diaPASEF_Condition_A_Sample_Alpha_01	NA	1	human_yeast_ecoli_uniport_reviewed_2023_8_30	NUDT4B	A0A024RBG1	A0A024RBG1	NUD4B_HUMAN	0	531.755859375	LLGIFEQNQDR	LLGIFEQNQDR	531.755859375	52.39510726928711	directDIA™	_LLGIFEQNQDR_	_LLGIFEQNQDR_.2	5.563445563376369E-15	2	_LLGIFEQNQDR_.2	666.8489379882812	531.755859375	1	b4	noloss	397.28094482421875	4	b	True	12.16978108236603	97.21131688097518	12.393704414367676	99
A	LFQ_timsTOFPro_diaPASEF_Condition_A_Sample_Alpha_01	NA	1	human_yeast_ecoli_uniport_reviewed_2023_8_30	SMIM26	A0A096LP01	A0A096LP01	SIM26_HUMAN	0	350.2216796875	DGSASEVPSELSERPK	DGSASEVPSELSERPK	350.2216796875	7.68002986907959	directDIA™	_DGSASEVPSELSERPK_	_DGSASEVPSELSERPK_.2	1.3612077271221715E-06	2	_DGSASEVPSELSERPK_.2	844.4102783203125	350.2216796875	1	y9	noloss	1042.552734375	9	y	False	186.38972458172734	1140.9891287084938	189.65866088867188	1161
A	LFQ_timsTOFPro_diaPASEF_Condition_A_Sample_Alpha_01	NA	1	human_yeast_ecoli_uniport_reviewed_2023_8_30	SMIM26	A0A096LP01	A0A096LP01	SIM26_HUMAN	0	350.2216796875	DGSASEVPSELSERPK	DGSASEVPSELSERPK	350.2216796875	7.68002986907959	directDIA™	_DGSASEVPSELSERPK_	_DGSASEVPSELSERPK_.2	1.3612077271221715E-06	2	_DGSASEVPSELSERPK_.2	844.4102783203125	350.2216796875	2	y15	noloss	786.8968505859375	15	y	True	27.464872252390393	229.96680113504527	27.946556091308594	234
A	LFQ_timsTOFPro_diaPASEF_Condition_A_Sample_Alpha_01	NA	1	human_yeast_ecoli_uniport_reviewed_2023_8_30	SMIM26	A0A096LP01	A0A096LP01	SIM26_HUMAN	0	350.2216796875	DGSASEVPSELSERPK	DGSASEVPSELSERPK	350.2216796875	7.68002986907959	directDIA™	_DGSASEVPSELSERPK_	_DGSASEVPSELSERPK_.2	1.3612077271221715E-06	2	_DGSASEVPSELSERPK_.2	844.4102783203125	350.2216796875	1	b7	noloss	646.2678833007812	7	b	False	113.27795184025648	868.7634709546155	115.26464080810547	884
A	LFQ_timsTOFPro_diaPASEF_Condition_A_Sample_Alpha_01	NA	1	human_yeast_ecoli_uniport_reviewed_2023_8_30	SMIM26	A0A096LP01	A0A096LP01	SIM26_HUMAN	0	350.2216796875	DGSASEVPSELSERPK	DGSASEVPSELSERPK	350.2216796875	7.68002986907959	directDIA™	_DGSASEVPSELSERPK_	_DGSASEVPSELSERPK_.2	1.3612077271221715E-06	2	_DGSASEVPSELSERPK_.2	844.4102783203125	350.2216796875	1	y8	noloss	945.5	8	y	True	25.564251441025167	92.379826096984	26.012601852416992	94
A	LFQ_timsTOFPro_diaPASEF_Condition_A_Sample_Alpha_01	NA	1	human_yeast_ecoli_uniport_reviewed_2023_8_30	SMIM26	A0A096LP01	A0A096LP01	SIM26_HUMAN	0	350.2216796875	DGSASEVPSELSERPK	DGSASEVPSELSERPK	350.2216796875	7.68002986907959	directDIA™	_DGSASEVPSELSERPK_	_DGSASEVPSELSERPK_.2	1.3612077271221715E-06	2	_DGSASEVPSELSERPK_.2	844.4102783203125	350.2216796875	1	y12	noloss	1357.69580078125	12	y	True	3.6306677893839856	109.0868159230343	3.694343090057373	111
A	LFQ_timsTOFPro_diaPASEF_Condition_A_Sample_Alpha_01	NA	1	human_yeast_ecoli_uniport_reviewed_2023_8_30	SMIM26	A0A096LP01	A0A096LP01	SIM26_HUMAN	0	350.2216796875	DGSASEVPSELSERPK	DGSASEVPSELSERPK	350.2216796875	7.68002986907959	directDIA™	_DGSASEVPSELSERPK_	_DGSASEVPSELSERPK_.2	1.3612077271221715E-06	2	_DGSASEVPSELSERPK_.2	844.4102783203125	350.2216796875	1	b7	H2O	628.25732421875	7	b	False	50.553999163190994	392.1228788584746	51.44062423706055	399
A	LFQ_timsTOFPro_diaPASEF_Condition_A_Sample_Alpha_01	NA	1	human_yeast_ecoli_uniport_reviewed_2023_8_30	GATD3B;GATD3	A0A0B4J2D5;P0DPI2	A0A0B4J2D5;P0DPI2	GAL3B_HUMAN;GAL3A_HUMAN	0	5231.4755859375	VVTTPAFMCETALHYIHDGIGAMVR	VVTTPAFMCETALHYIHDGIGAMVR	7656.82177734375	116.42144775390625	directDIA™	_VVTTPAFMC[Carbamidomethyl (C)]ETALHYIHDGIGAMVR_	_VVTTPAFMC[Carbamidomethyl (C)]ETALHYIHDGIGAMVR_.4	1.3824851952416972E-11	4	_VVTTPAFMC[Carbamidomethyl (C)]ETALHYIHDGIGAMVR_.4	698.0947265625	11118.2177734375	3	y21	noloss	797.0465087890625	21	y	False	5617.021370989685	11915.834651753788	5686.865234375	12064
A	LFQ_timsTOFPro_diaPASEF_Condition_A_Sample_Alpha_01	NA	1	human_yeast_ecoli_uniport_reviewed_2023_8_30	GATD3B;GATD3	A0A0B4J2D5;P0DPI2	A0A0B4J2D5;P0DPI2	GAL3B_HUMAN;GAL3A_HUMAN	0	5231.4755859375	VVTTPAFMCETALHYIHDGIGAMVR	VVTTPAFMCETALHYIHDGIGAMVR	7656.82177734375	116.42144775390625	directDIA™	_VVTTPAFMC[Carbamidomethyl (C)]ETALHYIHDGIGAMVR_	_VVTTPAFMC[Carbamidomethyl (C)]ETALHYIHDGIGAMVR_.4	1.3824851952416972E-11	4	_VVTTPAFMC[Carbamidomethyl (C)]ETALHYIHDGIGAMVR_.4	698.0947265625	11118.2177734375	3	y23	noloss	864.41162109375	23	y	True	83.25532653092405	380.27157998385354	84.2905502319336	385
A	LFQ_timsTOFPro_diaPASEF_Condition_A_Sample_Alpha_01	NA	1	human_yeast_ecoli_uniport_reviewed_2023_8_30	GATD3B;GATD3	A0A0B4J2D5;P0DPI2	A0A0B4J2D5;P0DPI2	GAL3B_HUMAN;GAL3A_HUMAN	0	5231.4755859375	VVTTPAFMCETALHYIHDGIGAMVR	VVTTPAFMCETALHYIHDGIGAMVR	7656.82177734375	116.42144775390625	directDIA™	_VVTTPAFMC[Carbamidomethyl (C)]ETALHYIHDGIGAMVR_	_VVTTPAFMC[Carbamidomethyl (C)]ETALHYIHDGIGAMVR_.4	1.3824851952416972E-11	4	_VVTTPAFMC[Carbamidomethyl (C)]ETALHYIHDGIGAMVR_.4	698.0947265625	11118.2177734375	2	y17	noloss	971.9667358398438	17	y	False	1579.5655906373306	3787.9000239950083	1599.2064208984375	3835
A	LFQ_timsTOFPro_diaPASEF_Condition_A_Sample_Alpha_01	NA	1	human_yeast_ecoli_uniport_reviewed_2023_8_30	GATD3B;GATD3	A0A0B4J2D5;P0DPI2	A0A0B4J2D5;P0DPI2	GAL3B_HUMAN;GAL3A_HUMAN	0	5231.4755859375	VVTTPAFMCETALHYIHDGIGAMVR	VVTTPAFMCETALHYIHDGIGAMVR	7656.82177734375	116.42144775390625	directDIA™	_VVTTPAFMC[Carbamidomethyl (C)]ETALHYIHDGIGAMVR_	_VVTTPAFMC[Carbamidomethyl (C)]ETALHYIHDGIGAMVR_.4	1.3824851952416972E-11	4	_VVTTPAFMC[Carbamidomethyl (C)]ETALHYIHDGIGAMVR_.4	698.0947265625	11118.2177734375	2	y18	noloss	1037.4869384765625	18	y	False	1375.8937663774238	3415.5301911277024	1393.0020751953125	3458
A	LFQ_timsTOFPro_diaPASEF_Condition_A_Sample_Alpha_01	NA	1	human_yeast_ecoli_uniport_reviewed_2023_8_30	GATD3B;GATD3	A0A0B4J2D5;P0DPI2	A0A0B4J2D5;P0DPI2	GAL3B_HUMAN;GAL3A_HUMAN	0	5231.4755859375	VVTTPAFMCETALHYIHDGIGAMVR	VVTTPAFMCETALHYIHDGIGAMVR	7656.82177734375	116.42144775390625	directDIA™	_VVTTPAFMC[Carbamidomethyl (C)]ETALHYIHDGIGAMVR_	_VVTTPAFMC[Carbamidomethyl (C)]ETALHYIHDGIGAMVR_.4	1.3824851952416972E-11	4	_VVTTPAFMC[Carbamidomethyl (C)]ETALHYIHDGIGAMVR_.4	698.0947265625	11118.2177734375	1	y7	noloss	703.3919677734375	7	y	False	1616.396442256163	3982.4805467399933	1636.4952392578125	4032
A	LFQ_timsTOFPro_diaPASEF_Condition_A_Sample_Alpha_01	NA	1	human_yeast_ecoli_uniport_reviewed_2023_8_30	GATD3B;GATD3	A0A0B4J2D5;P0DPI2	A0A0B4J2D5;P0DPI2	GAL3B_HUMAN;GAL3A_HUMAN	0	5231.4755859375	VVTTPAFMCETALHYIHDGIGAMVR	VVTTPAFMCETALHYIHDGIGAMVR	7656.82177734375	116.42144775390625	directDIA™	_VVTTPAFMC[Carbamidomethyl (C)]ETALHYIHDGIGAMVR_	_VVTTPAFMC[Carbamidomethyl (C)]ETALHYIHDGIGAMVR_.4	1.3824851952416972E-11	4	_VVTTPAFMC[Carbamidomethyl (C)]ETALHYIHDGIGAMVR_.4	698.0947265625	11118.2177734375	1	b4	H2O	383.2288818359375	4	b	False	929.3400368709371	2480.1608762063797	940.895751953125	2511
A	LFQ_timsTOFPro_diaPASEF_Condition_A_Sample_Alpha_01	NA	1	human_yeast_ecoli_uniport_reviewed_2023_8_30	GATD3B;GATD3	A0A0B4J2D5;P0DPI2	A0A0B4J2D5;P0DPI2	GAL3B_HUMAN;GAL3A_HUMAN	0	5231.4755859375	VVTTPAFMCETALHYIHDGIGAMVR	VVTTPAFMCETALHYIHDGIGAMVR	7656.82177734375	116.42144775390625	directDIA™	_VVTTPAFMC[Carbamidomethyl (C)]ETALHYIHDGIGAMVR_	_VVTTPAFMC[Carbamidomethyl (C)]ETALHYIHDGIGAMVR_.3	5.41614669289474E-08	3	_VVTTPAFMC[Carbamidomethyl (C)]ETALHYIHDGIGAMVR_.3	930.4572143554688	4195.42578125	2	y21	noloss	1195.066162109375	21	y	False	2163.570962987946	4987.275283136465	2187.745361328125	5043
A	LFQ_timsTOFPro_diaPASEF_Condition_A_Sample_Alpha_01	NA	1	human_yeast_ecoli_uniport_reviewed_2023_8_30	GATD3B;GATD3	A0A0B4J2D5;P0DPI2	A0A0B4J2D5;P0DPI2	GAL3B_HUMAN;GAL3A_HUMAN	0	5231.4755859375	VVTTPAFMCETALHYIHDGIGAMVR	VVTTPAFMCETALHYIHDGIGAMVR	7656.82177734375	116.42144775390625	directDIA™	_VVTTPAFMC[Carbamidomethyl (C)]ETALHYIHDGIGAMVR_	_VVTTPAFMC[Carbamidomethyl (C)]ETALHYIHDGIGAMVR_.3	5.41614669289474E-08	3	_VVTTPAFMC[Carbamidomethyl (C)]ETALHYIHDGIGAMVR_.3	930.4572143554688	4195.42578125	1	b4	H2O	383.2288818359375	4	b	False	1367.7138642548387	4299.954973443853	1382.995849609375	4348
A	LFQ_timsTOFPro_diaPASEF_Condition_A_Sample_Alpha_01	NA	1	human_yeast_ecoli_uniport_reviewed_2023_8_30	GATD3B;GATD3	A0A0B4J2D5;P0DPI2	A0A0B4J2D5;P0DPI2	GAL3B_HUMAN;GAL3A_HUMAN	0	5231.4755859375	VVTTPAFMCETALHYIHDGIGAMVR	VVTTPAFMCETALHYIHDGIGAMVR	7656.82177734375	116.42144775390625	directDIA™	_VVTTPAFMC[Carbamidomethyl (C)]ETALHYIHDGIGAMVR_	_VVTTPAFMC[Carbamidomethyl (C)]ETALHYIHDGIGAMVR_.3	5.41614669289474E-08	3	_VVTTPAFMC[Carbamidomethyl (C)]ETALHYIHDGIGAMVR_.3	930.4572143554688	4195.42578125	2	y20	noloss	1146.539794921875	20	y	True	181.79594968683512	834.6738724900212	183.8272247314453	844
A	LFQ_timsTOFPro_diaPASEF_Condition_A_Sample_Alpha_01	NA	1	human_yeast_ecoli_uniport_reviewed_2023_8_30	GATD3B;GATD3	A0A0B4J2D5;P0DPI2	A0A0B4J2D5;P0DPI2	GAL3B_HUMAN;GAL3A_HUMAN	0	5231.4755859375	VVTTPAFMCETALHYIHDGIGAMVR	VVTTPAFMCETALHYIHDGIGAMVR	7656.82177734375	116.42144775390625	directDIA™	_VVTTPAFMC[Carbamidomethyl (C)]ETALHYIHDGIGAMVR_	_VVTTPAFMC[Carbamidomethyl (C)]ETALHYIHDGIGAMVR_.3	5.41614669289474E-08	3	_VVTTPAFMC[Carbamidomethyl (C)]ETALHYIHDGIGAMVR_.3	930.4572143554688	4195.42578125	1	b4	noloss	401.2394714355469	4	b	True	329.39314345251603	1024.552288980642	333.0735778808594	1036
A	LFQ_timsTOFPro_diaPASEF_Condition_A_Sample_Alpha_01	NA	1	human_yeast_ecoli_uniport_reviewed_2023_8_30	GATD3B;GATD3	A0A0B4J2D5;P0DPI2	A0A0B4J2D5;P0DPI2	GAL3B_HUMAN;GAL3A_HUMAN	0	5231.4755859375	VVTTPAFMCETALHYIHDGIGAMVR	VVTTPAFMCETALHYIHDGIGAMVR	7656.82177734375	116.42144775390625	directDIA™	_VVTTPAFMC[Carbamidomethyl (C)]ETALHYIHDGIGAMVR_	_VVTTPAFMC[Carbamidomethyl (C)]ETALHYIHDGIGAMVR_.3	5.41614669289474E-08	3	_VVTTPAFMC[Carbamidomethyl (C)]ETALHYIHDGIGAMVR_.3	930.4572143554688	4195.42578125	2	y18	noloss	1037.4869384765625	18	y	True	393.82788328776155	1114.5467467965093	398.228271484375	1127
A	LFQ_timsTOFPro_diaPASEF_Condition_A_Sample_Alpha_01	NA	1	human_yeast_ecoli_uniport_reviewed_2023_8_30	GATD3B;GATD3	A0A0B4J2D5;P0DPI2	A0A0B4J2D5;P0DPI2	GAL3B_HUMAN;GAL3A_HUMAN	0	5231.4755859375	VVTTPAFMCETALHYIHDGIGAMVR	VVTTPAFMCETALHYIHDGIGAMVR	7656.82177734375	116.42144775390625	directDIA™	_VVTTPAFMC[Carbamidomethyl (C)]ETALHYIHDGIGAMVR_	_VVTTPAFMC[Carbamidomethyl (C)]ETALHYIHDGIGAMVR_.3	5.41614669289474E-08	3	_VVTTPAFMC[Carbamidomethyl (C)]ETALHYIHDGIGAMVR_.3	930.4572143554688	4195.42578125	2	y23	noloss	1296.11376953125	23	y	False	664.1408866437517	1671.3256451518196	671.5615844726562	1690
A	LFQ_timsTOFPro_diaPASEF_Condition_A_Sample_Alpha_01	NA	1	human_yeast_ecoli_uniport_reviewed_2023_8_30	GATD3B;GATD3	A0A0B4J2D5;P0DPI2	A0A0B4J2D5;P0DPI2	GAL3B_HUMAN;GAL3A_HUMAN	0	5231.4755859375	GGAEVQIFAPDVPQMHVIDHTK	GGAEVQIFAPDVPQMHVIDHTK	5461.24560546875	60.69122314453125	directDIA™	_GGAEVQIFAPDVPQMHVIDHTK_	_GGAEVQIFAPDVPQMHVIDHTK_.3	5.4224823698255895E-06	3	_GGAEVQIFAPDVPQMHVIDHTK_.3	797.0704956054688	10644.2294921875	2	y13	noloss	758.8824462890625	13	y	False	2664.7454318842656	11610.786540128025	2697.38427734375	11753
A	LFQ_timsTOFPro_diaPASEF_Condition_A_Sample_Alpha_01	NA	1	human_yeast_ecoli_uniport_reviewed_2023_8_30	GATD3B;GATD3	A0A0B4J2D5;P0DPI2	A0A0B4J2D5;P0DPI2	GAL3B_HUMAN;GAL3A_HUMAN	0	5231.4755859375	GGAEVQIFAPDVPQMHVIDHTK	GGAEVQIFAPDVPQMHVIDHTK	5461.24560546875	60.69122314453125	directDIA™	_GGAEVQIFAPDVPQMHVIDHTK_	_GGAEVQIFAPDVPQMHVIDHTK_.3	5.4224823698255895E-06	3	_GGAEVQIFAPDVPQMHVIDHTK_.3	797.0704956054688	10644.2294921875	2	y15	noloss	867.9352416992188	15	y	False	3254.720842203699	13977.794499810383	3294.5859375	14149
A	LFQ_timsTOFPro_diaPASEF_Condition_A_Sample_Alpha_01	NA	1	human_yeast_ecoli_uniport_reviewed_2023_8_30	GATD3B;GATD3	A0A0B4J2D5;P0DPI2	A0A0B4J2D5;P0DPI2	GAL3B_HUMAN;GAL3A_HUMAN	0	5231.4755859375	GGAEVQIFAPDVPQMHVIDHTK	GGAEVQIFAPDVPQMHVIDHTK	5461.24560546875	60.69122314453125	directDIA™	_GGAEVQIFAPDVPQMHVIDHTK_	_GGAEVQIFAPDVPQMHVIDHTK_.3	5.4224823698255895E-06	3	_GGAEVQIFAPDVPQMHVIDHTK_.3	797.0704956054688	10644.2294921875	2	y17	noloss	988.5065307617188	17	y	False	1419.7729073008848	7071.386884560232	1437.162841796875	7158
A	LFQ_timsTOFPro_diaPASEF_Condition_A_Sample_Alpha_01	NA	1	human_yeast_ecoli_uniport_reviewed_2023_8_30	GATD3B;GATD3	A0A0B4J2D5;P0DPI2	A0A0B4J2D5;P0DPI2	GAL3B_HUMAN;GAL3A_HUMAN	0	5231.4755859375	GGAEVQIFAPDVPQMHVIDHTK	GGAEVQIFAPDVPQMHVIDHTK	5461.24560546875	60.69122314453125	directDIA™	_GGAEVQIFAPDVPQMHVIDHTK_	_GGAEVQIFAPDVPQMHVIDHTK_.3	5.4224823698255895E-06	3	_GGAEVQIFAPDVPQMHVIDHTK_.3	797.0704956054688	10644.2294921875	2	y16	noloss	924.477294921875	16	y	False	1527.8513419931862	5940.241594979138	1546.5650634765625	6013
A	LFQ_timsTOFPro_diaPASEF_Condition_A_Sample_Alpha_01	NA	1	human_yeast_ecoli_uniport_reviewed_2023_8_30	GATD3B;GATD3	A0A0B4J2D5;P0DPI2	A0A0B4J2D5;P0DPI2	GAL3B_HUMAN;GAL3A_HUMAN	0	5231.4755859375	GGAEVQIFAPDVPQMHVIDHTK	GGAEVQIFAPDVPQMHVIDHTK	5461.24560546875	60.69122314453125	directDIA™	_GGAEVQIFAPDVPQMHVIDHTK_	_GGAEVQIFAPDVPQMHVIDHTK_.3	5.4224823698255895E-06	3	_GGAEVQIFAPDVPQMHVIDHTK_.3	797.0704956054688	10644.2294921875	1	y10	noloss	1205.6094970703125	10	y	True	230.08400169984333	1128.1815901324092	232.90216064453125	1142
A	LFQ_timsTOFPro_diaPASEF_Condition_A_Sample_Alpha_01	NA	1	human_yeast_ecoli_uniport_reviewed_2023_8_30	GATD3B;GATD3	A0A0B4J2D5;P0DPI2	A0A0B4J2D5;P0DPI2	GAL3B_HUMAN;GAL3A_HUMAN	0	5231.4755859375	GGAEVQIFAPDVPQMHVIDHTK	GGAEVQIFAPDVPQMHVIDHTK	5461.24560546875	60.69122314453125	directDIA™	_GGAEVQIFAPDVPQMHVIDHTK_	_GGAEVQIFAPDVPQMHVIDHTK_.3	5.4224823698255895E-06	3	_GGAEVQIFAPDVPQMHVIDHTK_.3	797.0704956054688	10644.2294921875	2	y14	noloss	794.4010620117188	14	y	False	1777.1395155661708	6810.581333076032	1798.9066162109375	6894
A	LFQ_timsTOFPro_diaPASEF_Condition_A_Sample_Alpha_01	NA	1	human_yeast_ecoli_uniport_reviewed_2023_8_30	GATD3B;GATD3	A0A0B4J2D5;P0DPI2	A0A0B4J2D5;P0DPI2	GAL3B_HUMAN;GAL3A_HUMAN	0	5231.4755859375	GGAEVQIFAPDVPQMHVIDHTK	GGAEVQIFAPDVPQMHVIDHTK	5461.24560546875	60.69122314453125	directDIA™	_GGAEVQIFAPDVPQMHVIDHTK_	_GGAEVQIFAPDVPQMHVIDHTK_.2	2.7370530164882576E-08	2	_GGAEVQIFAPDVPQMHVIDHTK_.2	1195.10205078125	278.26141357421875	1	y13	noloss	1516.7576904296875	13	y	False	17.792976977655282	213.41364357880983	18.008609771728516	216
A	LFQ_timsTOFPro_diaPASEF_Condition_A_Sample_Alpha_01	NA	1	human_yeast_ecoli_uniport_reviewed_2023_8_30	GATD3B;GATD3	A0A0B4J2D5;P0DPI2	A0A0B4J2D5;P0DPI2	GAL3B_HUMAN;GAL3A_HUMAN	0	5231.4755859375	GGAEVQIFAPDVPQMHVIDHTK	GGAEVQIFAPDVPQMHVIDHTK	5461.24560546875	60.69122314453125	directDIA™	_GGAEVQIFAPDVPQMHVIDHTK_	_GGAEVQIFAPDVPQMHVIDHTK_.2	2.7370530164882576E-08	2	_GGAEVQIFAPDVPQMHVIDHTK_.2	1195.10205078125	278.26141357421875	1	y10	noloss	1205.6094970703125	10	y	True	25.82515932344585	239.1023228984814	26.138134002685547	242
A	LFQ_timsTOFPro_diaPASEF_Condition_A_Sample_Alpha_01	NA	1	human_yeast_ecoli_uniport_reviewed_2023_8_30	GATD3B;GATD3	A0A0B4J2D5;P0DPI2	A0A0B4J2D5;P0DPI2	GAL3B_HUMAN;GAL3A_HUMAN	0	5231.4755859375	GGAEVQIFAPDVPQMHVIDHTK	GGAEVQIFAPDVPQMHVIDHTK	5461.24560546875	60.69122314453125	directDIA™	_GGAEVQIFAPDVPQMHVIDHTK_	_GGAEVQIFAPDVPQMHVIDHTK_.2	2.7370530164882576E-08	2	_GGAEVQIFAPDVPQMHVIDHTK_.2	1195.10205078125	278.26141357421875	1	b5	noloss	414.1983337402344	5	b	True	21.47342933096236	163.02431106714639	21.733665466308594	165
A	LFQ_timsTOFPro_diaPASEF_Condition_A_Sample_Alpha_01	NA	1	human_yeast_ecoli_uniport_reviewed_2023_8_30	GATD3B;GATD3	A0A0B4J2D5;P0DPI2	A0A0B4J2D5;P0DPI2	GAL3B_HUMAN;GAL3A_HUMAN	0	5231.4755859375	GGAEVQIFAPDVPQMHVIDHTK	GGAEVQIFAPDVPQMHVIDHTK	5461.24560546875	60.69122314453125	directDIA™	_GGAEVQIFAPDVPQMHVIDHTK_	_GGAEVQIFAPDVPQMHVIDHTK_.2	2.7370530164882576E-08	2	_GGAEVQIFAPDVPQMHVIDHTK_.2	1195.10205078125	278.26141357421875	1	b7	noloss	655.3409423828125	7	b	False	103.25188878176172	671.8577668221791	104.5031967163086	680
A	LFQ_timsTOFPro_diaPASEF_Condition_A_Sample_Alpha_01	NA	1	human_yeast_ecoli_uniport_reviewed_2023_8_30	GATD3B;GATD3	A0A0B4J2D5;P0DPI2	A0A0B4J2D5;P0DPI2	GAL3B_HUMAN;GAL3A_HUMAN	0	5231.4755859375	GGAEVQIFAPDVPQMHVIDHTK	GGAEVQIFAPDVPQMHVIDHTK	5461.24560546875	60.69122314453125	directDIA™	_GGAEVQIFAPDVPQMHVIDHTK_	_GGAEVQIFAPDVPQMHVIDHTK_.2	2.7370530164882576E-08	2	_GGAEVQIFAPDVPQMHVIDHTK_.2	1195.10205078125	278.26141357421875	1	b9	noloss	873.4464721679688	9	b	False	157.21655189408057	720.2710470784832	159.12185668945312	729
A	LFQ_timsTOFPro_diaPASEF_Condition_A_Sample_Alpha_01	NA	1	human_yeast_ecoli_uniport_reviewed_2023_8_30	GATD3B;GATD3	A0A0B4J2D5;P0DPI2	A0A0B4J2D5;P0DPI2	GAL3B_HUMAN;GAL3A_HUMAN	0	5231.4755859375	GGAEVQIFAPDVPQMHVIDHTK	GGAEVQIFAPDVPQMHVIDHTK	5461.24560546875	60.69122314453125	directDIA™	_GGAEVQIFAPDVPQMHVIDHTK_	_GGAEVQIFAPDVPQMHVIDHTK_.2	2.7370530164882576E-08	2	_GGAEVQIFAPDVPQMHVIDHTK_.2	1195.10205078125	278.26141357421875	1	y15	noloss	1734.8631591796875	15	y	True	1	1	0.7335052490234375	0.954077959060669
A	LFQ_timsTOFPro_diaPASEF_Condition_A_Sample_Alpha_01	NA	1	human_yeast_ecoli_uniport_reviewed_2023_8_30	GATD3B;GATD3	A0A0B4J2D5;P0DPI2	A0A0B4J2D5;P0DPI2	GAL3B_HUMAN;GAL3A_HUMAN	0	5231.4755859375	EVVEAHVDQK	EVVEAHVDQK	2576.35986328125	-26.96857452392578	directDIA™	_EVVEAHVDQK_	_EVVEAHVDQK_.2	2.112793733403632E-10	2	_EVVEAHVDQK_.2	577.2960205078125	2576.35986328125	1	y8	noloss	925.4737548828125	8	y	False	1005.8998319838034	4094.399192223018	827.6859130859375	3369
A	LFQ_timsTOFPro_diaPASEF_Condition_A_Sample_Alpha_01	NA	1	human_yeast_ecoli_uniport_reviewed_2023_8_30	GATD3B;GATD3	A0A0B4J2D5;P0DPI2	A0A0B4J2D5;P0DPI2	GAL3B_HUMAN;GAL3A_HUMAN	0	5231.4755859375	EVVEAHVDQK	EVVEAHVDQK	2576.35986328125	-26.96857452392578	directDIA™	_EVVEAHVDQK_	_EVVEAHVDQK_.2	2.112793733403632E-10	2	_EVVEAHVDQK_.2	577.2960205078125	2576.35986328125	1	y7	noloss	826.4053344726562	7	y	False	941.4353506186588	3530.49262493555	774.6425170898438	2905
A	LFQ_timsTOFPro_diaPASEF_Condition_A_Sample_Alpha_01	NA	1	human_yeast_ecoli_uniport_reviewed_2023_8_30	GATD3B;GATD3	A0A0B4J2D5;P0DPI2	A0A0B4J2D5;P0DPI2	GAL3B_HUMAN;GAL3A_HUMAN	0	5231.4755859375	EVVEAHVDQK	EVVEAHVDQK	2576.35986328125	-26.96857452392578	directDIA™	_EVVEAHVDQK_	_EVVEAHVDQK_.2	2.112793733403632E-10	2	_EVVEAHVDQK_.2	577.2960205078125	2576.35986328125	1	y6	noloss	697.36279296875	6	y	False	629.0246221510913	2673.694931104375	517.5811767578125	2200
A	LFQ_timsTOFPro_diaPASEF_Condition_A_Sample_Alpha_01	NA	1	human_yeast_ecoli_uniport_reviewed_2023_8_30	GATD3B;GATD3	A0A0B4J2D5;P0DPI2	A0A0B4J2D5;P0DPI2	GAL3B_HUMAN;GAL3A_HUMAN	0	5231.4755859375	EVVEAHVDQK	EVVEAHVDQK	2576.35986328125	-26.96857452392578	directDIA™	_EVVEAHVDQK_	_EVVEAHVDQK_.2	2.112793733403632E-10	2	_EVVEAHVDQK_.2	577.2960205078125	2576.35986328125	2	y8	noloss	463.2405090332031	8	y	True	316.3678856812874	1618.8007491959218	260.3174133300781	1332
A	LFQ_timsTOFPro_diaPASEF_Condition_A_Sample_Alpha_01	NA	1	human_yeast_ecoli_uniport_reviewed_2023_8_30	GATD3B;GATD3	A0A0B4J2D5;P0DPI2	A0A0B4J2D5;P0DPI2	GAL3B_HUMAN;GAL3A_HUMAN	0	5231.4755859375	EVVEAHVDQK	EVVEAHVDQK	2576.35986328125	-26.96857452392578	directDIA™	_EVVEAHVDQK_	_EVVEAHVDQK_.2	2.112793733403632E-10	2	_EVVEAHVDQK_.2	577.2960205078125	2576.35986328125	1	y5	noloss	626.3256225585938	5	y	True	569.5636386839861	2575.2543450046232	468.6548156738281	2119
A	LFQ_timsTOFPro_diaPASEF_Condition_A_Sample_Alpha_01	NA	1	human_yeast_ecoli_uniport_reviewed_2023_8_30	GATD3B;GATD3	A0A0B4J2D5;P0DPI2	A0A0B4J2D5;P0DPI2	GAL3B_HUMAN;GAL3A_HUMAN	0	5231.4755859375	EVVEAHVDQK	EVVEAHVDQK	2576.35986328125	-26.96857452392578	directDIA™	_EVVEAHVDQK_	_EVVEAHVDQK_.2	2.112793733403632E-10	2	_EVVEAHVDQK_.2	577.2960205078125	2576.35986328125	1	b8	noloss	879.420654296875	8	b	True	273.3007041343533	1209.2392983858424	224.88038635253906	995
A	LFQ_timsTOFPro_diaPASEF_Condition_A_Sample_Alpha_01	NA	1	human_yeast_ecoli_uniport_reviewed_2023_8_30	GATD3B;GATD3	A0A0B4J2D5;P0DPI2	A0A0B4J2D5;P0DPI2	GAL3B_HUMAN;GAL3A_HUMAN	0	5231.4755859375	WPYAGTAEAIK	WPYAGTAEAIK	1892.7933349609375	34.029911041259766	directDIA™	_WPYAGTAEAIK_	_WPYAGTAEAIK_.2	1.1122255510141606E-12	2	_WPYAGTAEAIK_.2	603.8113403320312	1892.7933349609375	1	y9	noloss	923.4832763671875	9	y	False	493.89670371193574	1176.6423367844252	500.7628479003906	1193
A	LFQ_timsTOFPro_diaPASEF_Condition_A_Sample_Alpha_01	NA	1	human_yeast_ecoli_uniport_reviewed_2023_8_30	GATD3B;GATD3	A0A0B4J2D5;P0DPI2	A0A0B4J2D5;P0DPI2	GAL3B_HUMAN;GAL3A_HUMAN	0	5231.4755859375	WPYAGTAEAIK	WPYAGTAEAIK	1892.7933349609375	34.029911041259766	directDIA™	_WPYAGTAEAIK_	_WPYAGTAEAIK_.2	1.1122255510141606E-12	2	_WPYAGTAEAIK_.2	603.8113403320312	1892.7933349609375	1	y8	noloss	760.419921875	8	y	False	888.5644276634462	2294.107355708779	900.917236328125	2326
A	LFQ_timsTOFPro_diaPASEF_Condition_A_Sample_Alpha_01	NA	1	human_yeast_ecoli_uniport_reviewed_2023_8_30	GATD3B;GATD3	A0A0B4J2D5;P0DPI2	A0A0B4J2D5;P0DPI2	GAL3B_HUMAN;GAL3A_HUMAN	0	5231.4755859375	WPYAGTAEAIK	WPYAGTAEAIK	1892.7933349609375	34.029911041259766	directDIA™	_WPYAGTAEAIK_	_WPYAGTAEAIK_.2	1.1122255510141606E-12	2	_WPYAGTAEAIK_.2	603.8113403320312	1892.7933349609375	2	y10	noloss	510.77166748046875	10	y	False	510.33218880455803	1665.8414977610178	517.4268188476562	1689
A	LFQ_timsTOFPro_diaPASEF_Condition_A_Sample_Alpha_01	NA	1	human_yeast_ecoli_uniport_reviewed_2023_8_30	GATD3B;GATD3	A0A0B4J2D5;P0DPI2	A0A0B4J2D5;P0DPI2	GAL3B_HUMAN;GAL3A_HUMAN	0	5231.4755859375	WPYAGTAEAIK	WPYAGTAEAIK	1892.7933349609375	34.029911041259766	directDIA™	_WPYAGTAEAIK_	_WPYAGTAEAIK_.2	1.1122255510141606E-12	2	_WPYAGTAEAIK_.2	603.8113403320312	1892.7933349609375	1	y7	noloss	689.3828125	7	y	True	483.46367948540694	1241.737386430504	490.1847839355469	1259
A	LFQ_timsTOFPro_diaPASEF_Condition_A_Sample_Alpha_01	NA	1	human_yeast_ecoli_uniport_reviewed_2023_8_30	GATD3B;GATD3	A0A0B4J2D5;P0DPI2	A0A0B4J2D5;P0DPI2	GAL3B_HUMAN;GAL3A_HUMAN	0	5231.4755859375	WPYAGTAEAIK	WPYAGTAEAIK	1892.7933349609375	34.029911041259766	directDIA™	_WPYAGTAEAIK_	_WPYAGTAEAIK_.2	1.1122255510141606E-12	2	_WPYAGTAEAIK_.2	603.8113403320312	1892.7933349609375	1	y10	noloss	1020.5360107421875	10	y	True	455.6477997237277	1213.1350161314695	461.9822082519531	1230
A	LFQ_timsTOFPro_diaPASEF_Condition_A_Sample_Alpha_01	NA	1	human_yeast_ecoli_uniport_reviewed_2023_8_30	GATD3B;GATD3	A0A0B4J2D5;P0DPI2	A0A0B4J2D5;P0DPI2	GAL3B_HUMAN;GAL3A_HUMAN	0	5231.4755859375	WPYAGTAEAIK	WPYAGTAEAIK	1892.7933349609375	34.029911041259766	directDIA™	_WPYAGTAEAIK_	_WPYAGTAEAIK_.2	1.1122255510141606E-12	2	_WPYAGTAEAIK_.2	603.8113403320312	1892.7933349609375	1	b9	noloss	947.42578125	9	b	True	80.34687099485234	365.91308210144325	81.46385192871094	371
A	LFQ_timsTOFPro_diaPASEF_Condition_A_Sample_Alpha_01	NA	1	human_yeast_ecoli_uniport_reviewed_2023_8_30	GATD3B;GATD3	A0A0B4J2D5;P0DPI2	A0A0B4J2D5;P0DPI2	GAL3B_HUMAN;GAL3A_HUMAN	0	5231.4755859375	GVEVTVGHEQEEGGK	GVEVTVGHEQEEGGK	1630.239990234375	-14.701010704040527	directDIA™	_GVEVTVGHEQEEGGK_	_GVEVTVGHEQEEGGK_.2	6.096520792162769E-06	2	_GVEVTVGHEQEEGGK_.2	777.8733520507812	1630.239990234375	1	y9	noloss	970.4224853515625	9	y	False	815.3988294488721	2742.782290332265	858.8677368164062	2889
A	LFQ_timsTOFPro_diaPASEF_Condition_A_Sample_Alpha_01	NA	1	human_yeast_ecoli_uniport_reviewed_2023_8_30	GATD3B;GATD3	A0A0B4J2D5;P0DPI2	A0A0B4J2D5;P0DPI2	GAL3B_HUMAN;GAL3A_HUMAN	0	5231.4755859375	GVEVTVGHEQEEGGK	GVEVTVGHEQEEGGK	1630.239990234375	-14.701010704040527	directDIA™	_GVEVTVGHEQEEGGK_	_GVEVTVGHEQEEGGK_.2	6.096520792162769E-06	2	_GVEVTVGHEQEEGGK_.2	777.8733520507812	1630.239990234375	2	y13	noloss	699.8284301757812	13	y	False	461.57255507912765	1946.2456542683085	486.1789855957031	2050
A	LFQ_timsTOFPro_diaPASEF_Condition_A_Sample_Alpha_01	NA	1	human_yeast_ecoli_uniport_reviewed_2023_8_30	GATD3B;GATD3	A0A0B4J2D5;P0DPI2	A0A0B4J2D5;P0DPI2	GAL3B_HUMAN;GAL3A_HUMAN	0	5231.4755859375	GVEVTVGHEQEEGGK	GVEVTVGHEQEEGGK	1630.239990234375	-14.701010704040527	directDIA™	_GVEVTVGHEQEEGGK_	_GVEVTVGHEQEEGGK_.2	6.096520792162769E-06	2	_GVEVTVGHEQEEGGK_.2	777.8733520507812	1630.239990234375	1	y11	noloss	1170.53857421875	11	y	True	276.83691810549607	1052.8714295529533	291.5950927734375	1109
A	LFQ_timsTOFPro_diaPASEF_Condition_A_Sample_Alpha_01	NA	1	human_yeast_ecoli_uniport_reviewed_2023_8_30	GATD3B;GATD3	A0A0B4J2D5;P0DPI2	A0A0B4J2D5;P0DPI2	GAL3B_HUMAN;GAL3A_HUMAN	0	5231.4755859375	GVEVTVGHEQEEGGK	GVEVTVGHEQEEGGK	1630.239990234375	-14.701010704040527	directDIA™	_GVEVTVGHEQEEGGK_	_GVEVTVGHEQEEGGK_.2	6.096520792162769E-06	2	_GVEVTVGHEQEEGGK_.2	777.8733520507812	1630.239990234375	1	b3	noloss	286.1397399902344	3	b	True	223.7315339733008	1298.7629536775835	235.65866088867188	1368
A	LFQ_timsTOFPro_diaPASEF_Condition_A_Sample_Alpha_01	NA	1	human_yeast_ecoli_uniport_reviewed_2023_8_30	GATD3B;GATD3	A0A0B4J2D5;P0DPI2	A0A0B4J2D5;P0DPI2	GAL3B_HUMAN;GAL3A_HUMAN	0	5231.4755859375	GVEVTVGHEQEEGGK	GVEVTVGHEQEEGGK	1630.239990234375	-14.701010704040527	directDIA™	_GVEVTVGHEQEEGGK_	_GVEVTVGHEQEEGGK_.2	6.096520792162769E-06	2	_GVEVTVGHEQEEGGK_.2	777.8733520507812	1630.239990234375	2	y12	noloss	635.30712890625	12	y	False	353.2685725875326	1219.0143512587845	372.101318359375	1284
A	LFQ_timsTOFPro_diaPASEF_Condition_A_Sample_Alpha_01	NA	1	human_yeast_ecoli_uniport_reviewed_2023_8_30	GATD3B;GATD3	A0A0B4J2D5;P0DPI2	A0A0B4J2D5;P0DPI2	GAL3B_HUMAN;GAL3A_HUMAN	0	5231.4755859375	GVEVTVGHEQEEGGK	GVEVTVGHEQEEGGK	1630.239990234375	-14.701010704040527	directDIA™	_GVEVTVGHEQEEGGK_	_GVEVTVGHEQEEGGK_.2	6.096520792162769E-06	2	_GVEVTVGHEQEEGGK_.2	777.8733520507812	1630.239990234375	1	y10	noloss	1069.4908447265625	10	y	True	250.29498951864886	835.4615491493227	263.6382141113281	880
A	LFQ_timsTOFPro_diaPASEF_Condition_A_Sample_Alpha_01	NA	1	human_yeast_ecoli_uniport_reviewed_2023_8_30	GATD3B;GATD3	A0A0B4J2D5;P0DPI2	A0A0B4J2D5;P0DPI2	GAL3B_HUMAN;GAL3A_HUMAN	0	5231.4755859375	GVEVTVGHEQEEGGKWPYAGTAEAIK	GVEVTVGHEQEEGGKWPYAGTAEAIK	523.3821411132812	36.488426208496094	directDIA™	_GVEVTVGHEQEEGGKWPYAGTAEAIK_	_GVEVTVGHEQEEGGKWPYAGTAEAIK_.3	4.0804993177985715E-19	3	_GVEVTVGHEQEEGGKWPYAGTAEAIK_.3	914.7838134765625	523.3821411132812	2	b16	noloss	861.90771484375	16	b	False	185.5190096832533	995.6442360291724	192.66586303710938	1034
A	LFQ_timsTOFPro_diaPASEF_Condition_A_Sample_Alpha_01	NA	1	human_yeast_ecoli_uniport_reviewed_2023_8_30	GATD3B;GATD3	A0A0B4J2D5;P0DPI2	A0A0B4J2D5;P0DPI2	GAL3B_HUMAN;GAL3A_HUMAN	0	5231.4755859375	GVEVTVGHEQEEGGKWPYAGTAEAIK	GVEVTVGHEQEEGGKWPYAGTAEAIK	523.3821411132812	36.488426208496094	directDIA™	_GVEVTVGHEQEEGGKWPYAGTAEAIK_	_GVEVTVGHEQEEGGKWPYAGTAEAIK_.3	4.0804993177985715E-19	3	_GVEVTVGHEQEEGGKWPYAGTAEAIK_.3	914.7838134765625	523.3821411132812	1	y10	noloss	1020.5360107421875	10	y	False	255.82256794623697	1125.636471874374	265.6777648925781	1169
A	LFQ_timsTOFPro_diaPASEF_Condition_A_Sample_Alpha_01	NA	1	human_yeast_ecoli_uniport_reviewed_2023_8_30	GATD3B;GATD3	A0A0B4J2D5;P0DPI2	A0A0B4J2D5;P0DPI2	GAL3B_HUMAN;GAL3A_HUMAN	0	5231.4755859375	GVEVTVGHEQEEGGKWPYAGTAEAIK	GVEVTVGHEQEEGGKWPYAGTAEAIK	523.3821411132812	36.488426208496094	directDIA™	_GVEVTVGHEQEEGGKWPYAGTAEAIK_	_GVEVTVGHEQEEGGKWPYAGTAEAIK_.3	4.0804993177985715E-19	3	_GVEVTVGHEQEEGGKWPYAGTAEAIK_.3	914.7838134765625	523.3821411132812	2	b15	noloss	768.8681030273438	15	b	False	82.04054056996729	353.38630040880685	85.20103454589844	367
A	LFQ_timsTOFPro_diaPASEF_Condition_A_Sample_Alpha_01	NA	1	human_yeast_ecoli_uniport_reviewed_2023_8_30	GATD3B;GATD3	A0A0B4J2D5;P0DPI2	A0A0B4J2D5;P0DPI2	GAL3B_HUMAN;GAL3A_HUMAN	0	5231.4755859375	GVEVTVGHEQEEGGKWPYAGTAEAIK	GVEVTVGHEQEEGGKWPYAGTAEAIK	523.3821411132812	36.488426208496094	directDIA™	_GVEVTVGHEQEEGGKWPYAGTAEAIK_	_GVEVTVGHEQEEGGKWPYAGTAEAIK_.3	4.0804993177985715E-19	3	_GVEVTVGHEQEEGGKWPYAGTAEAIK_.3	914.7838134765625	523.3821411132812	1	b11	noloss	1165.54833984375	11	b	True	14.00591900306966	189.69237378892356	14.545476913452148	197
A	LFQ_timsTOFPro_diaPASEF_Condition_A_Sample_Alpha_01	NA	1	human_yeast_ecoli_uniport_reviewed_2023_8_30	GATD3B;GATD3	A0A0B4J2D5;P0DPI2	A0A0B4J2D5;P0DPI2	GAL3B_HUMAN;GAL3A_HUMAN	0	5231.4755859375	GVEVTVGHEQEEGGKWPYAGTAEAIK	GVEVTVGHEQEEGGKWPYAGTAEAIK	523.3821411132812	36.488426208496094	directDIA™	_GVEVTVGHEQEEGGKWPYAGTAEAIK_	_GVEVTVGHEQEEGGKWPYAGTAEAIK_.3	4.0804993177985715E-19	3	_GVEVTVGHEQEEGGKWPYAGTAEAIK_.3	914.7838134765625	523.3821411132812	2	y20	noloss	1079.513671875	20	y	True	81.32710368077825	415.0122492539394	84.46011352539062	431
A	LFQ_timsTOFPro_diaPASEF_Condition_A_Sample_Alpha_01	NA	1	human_yeast_ecoli_uniport_reviewed_2023_8_30	GATD3B;GATD3	A0A0B4J2D5;P0DPI2	A0A0B4J2D5;P0DPI2	GAL3B_HUMAN;GAL3A_HUMAN	0	5231.4755859375	GVEVTVGHEQEEGGKWPYAGTAEAIK	GVEVTVGHEQEEGGKWPYAGTAEAIK	523.3821411132812	36.488426208496094	directDIA™	_GVEVTVGHEQEEGGKWPYAGTAEAIK_	_GVEVTVGHEQEEGGKWPYAGTAEAIK_.3	4.0804993177985715E-19	3	_GVEVTVGHEQEEGGKWPYAGTAEAIK_.3	914.7838134765625	523.3821411132812	2	y22	noloss	1179.5716552734375	22	y	True	49.28763181971362	326.4249477890614	51.18636703491211	339
A	LFQ_timsTOFPro_diaPASEF_Condition_A_Sample_Alpha_01	NA	1	human_yeast_ecoli_uniport_reviewed_2023_8_30	GATD3B;GATD3	A0A0B4J2D5;P0DPI2	A0A0B4J2D5;P0DPI2	GAL3B_HUMAN;GAL3A_HUMAN	0	5231.4755859375	NVLTESAR	NVLTESAR	350.86785888671875	-16.46673583984375	directDIA™	_NVLTESAR_	_NVLTESAR_.1	1.882360568748001E-05	1	_NVLTESAR_.1	889.4737548828125	350.86785888671875	1	y3	noloss	333.1880798339844	3	y	False	82.1674593686395	623.4544762639334	85.00702667236328	645
A	LFQ_timsTOFPro_diaPASEF_Condition_A_Sample_Alpha_01	NA	1	human_yeast_ecoli_uniport_reviewed_2023_8_30	GATD3B;GATD3	A0A0B4J2D5;P0DPI2	A0A0B4J2D5;P0DPI2	GAL3B_HUMAN;GAL3A_HUMAN	0	5231.4755859375	NVLTESAR	NVLTESAR	350.86785888671875	-16.46673583984375	directDIA™	_NVLTESAR_	_NVLTESAR_.1	1.882360568748001E-05	1	_NVLTESAR_.1	889.4737548828125	350.86785888671875	1	y5	NH3	546.2518310546875	5	y	False	164.08934645864747	747.1787754294893	169.75999450683594	773
A	LFQ_timsTOFPro_diaPASEF_Condition_A_Sample_Alpha_01	NA	1	human_yeast_ecoli_uniport_reviewed_2023_8_30	GATD3B;GATD3	A0A0B4J2D5;P0DPI2	A0A0B4J2D5;P0DPI2	GAL3B_HUMAN;GAL3A_HUMAN	0	5231.4755859375	NVLTESAR	NVLTESAR	350.86785888671875	-16.46673583984375	directDIA™	_NVLTESAR_	_NVLTESAR_.1	1.882360568748001E-05	1	_NVLTESAR_.1	889.4737548828125	350.86785888671875	1	y6	NH3	659.3358764648438	6	y	True	525.7824312949342	1683.810383956236	543.9525756835938	1742
A	LFQ_timsTOFPro_diaPASEF_Condition_A_Sample_Alpha_01	NA	1	human_yeast_ecoli_uniport_reviewed_2023_8_30	GATD3B;GATD3	A0A0B4J2D5;P0DPI2	A0A0B4J2D5;P0DPI2	GAL3B_HUMAN;GAL3A_HUMAN	0	5231.4755859375	NVLTESAR	NVLTESAR	350.86785888671875	-16.46673583984375	directDIA™	_NVLTESAR_	_NVLTESAR_.1	1.882360568748001E-05	1	_NVLTESAR_.1	889.4737548828125	350.86785888671875	1	b5	H2O	539.2824096679688	5	b	True	287.3251706514707	695.9491828062513	297.254638671875	720
A	LFQ_timsTOFPro_diaPASEF_Condition_A_Sample_Alpha_01	NA	1	human_yeast_ecoli_uniport_reviewed_2023_8_30	GATD3B;GATD3	A0A0B4J2D5;P0DPI2	A0A0B4J2D5;P0DPI2	GAL3B_HUMAN;GAL3A_HUMAN	0	5231.4755859375	NVLTESAR	NVLTESAR	350.86785888671875	-16.46673583984375	directDIA™	_NVLTESAR_	_NVLTESAR_.1	1.882360568748001E-05	1	_NVLTESAR_.1	889.4737548828125	350.86785888671875	1	b4	noloss	428.2503662109375	4	b	True	182.68486109817292	602.1893623448536	188.99813842773438	623
A	LFQ_timsTOFPro_diaPASEF_Condition_A_Sample_Alpha_01	NA	1	human_yeast_ecoli_uniport_reviewed_2023_8_30	GATD3B;GATD3	A0A0B4J2D5;P0DPI2	A0A0B4J2D5;P0DPI2	GAL3B_HUMAN;GAL3A_HUMAN	0	5231.4755859375	NVLTESAR	NVLTESAR	350.86785888671875	-16.46673583984375	directDIA™	_NVLTESAR_	_NVLTESAR_.1	1.882360568748001E-05	1	_NVLTESAR_.1	889.4737548828125	350.86785888671875	1	b3	noloss	327.2026672363281	3	b	False	104.61105474160617	929.8654359161302	108.22623443603516	962
A	LFQ_timsTOFPro_diaPASEF_Condition_A_Sample_Alpha_01	NA	1	human_yeast_ecoli_uniport_reviewed_2023_8_30	GATD3B;GATD3	A0A0B4J2D5;P0DPI2	A0A0B4J2D5;P0DPI2	GAL3B_HUMAN;GAL3A_HUMAN	0	5231.4755859375	VALVLSGCGVYDGTEIHEASAILVHLSR	VALVLSGCGVYDGTEIHEASAILVHLSR	245.46865844726562	104.86956787109375	directDIA™	_VALVLSGC[Carbamidomethyl (C)]GVYDGTEIHEASAILVHLSR_	_VALVLSGC[Carbamidomethyl (C)]GVYDGTEIHEASAILVHLSR_.4	1.8915607413374014E-08	4	_VALVLSGC[Carbamidomethyl (C)]GVYDGTEIHEASAILVHLSR_.4	742.3905639648438	316.75714111328125	1	b3	noloss	284.1968688964844	3	b	False	146.1841700873978	554.8050305662226	144.6546173095703	549
A	LFQ_timsTOFPro_diaPASEF_Condition_A_Sample_Alpha_01	NA	1	human_yeast_ecoli_uniport_reviewed_2023_8_30	GATD3B;GATD3	A0A0B4J2D5;P0DPI2	A0A0B4J2D5;P0DPI2	GAL3B_HUMAN;GAL3A_HUMAN	0	5231.4755859375	VALVLSGCGVYDGTEIHEASAILVHLSR	VALVLSGCGVYDGTEIHEASAILVHLSR	245.46865844726562	104.86956787109375	directDIA™	_VALVLSGC[Carbamidomethyl (C)]GVYDGTEIHEASAILVHLSR_	_VALVLSGC[Carbamidomethyl (C)]GVYDGTEIHEASAILVHLSR_.4	1.8915607413374014E-08	4	_VALVLSGC[Carbamidomethyl (C)]GVYDGTEIHEASAILVHLSR_.4	742.3905639648438	316.75714111328125	2	y18	noloss	1006.0158081054688	18	y	False	106.88132007044862	353.700839158794	105.76300048828125	350
A	LFQ_timsTOFPro_diaPASEF_Condition_A_Sample_Alpha_01	NA	1	human_yeast_ecoli_uniport_reviewed_2023_8_30	GATD3B;GATD3	A0A0B4J2D5;P0DPI2	A0A0B4J2D5;P0DPI2	GAL3B_HUMAN;GAL3A_HUMAN	0	5231.4755859375	VALVLSGCGVYDGTEIHEASAILVHLSR	VALVLSGCGVYDGTEIHEASAILVHLSR	245.46865844726562	104.86956787109375	directDIA™	_VALVLSGC[Carbamidomethyl (C)]GVYDGTEIHEASAILVHLSR_	_VALVLSGC[Carbamidomethyl (C)]GVYDGTEIHEASAILVHLSR_.4	1.8915607413374014E-08	4	_VALVLSGC[Carbamidomethyl (C)]GVYDGTEIHEASAILVHLSR_.4	742.3905639648438	316.75714111328125	3	y24	noloss	862.0989990234375	24	y	True	17.845284123437764	104.08910409530223	17.658565521240234	103
A	LFQ_timsTOFPro_diaPASEF_Condition_A_Sample_Alpha_01	NA	1	human_yeast_ecoli_uniport_reviewed_2023_8_30	GATD3B;GATD3	A0A0B4J2D5;P0DPI2	A0A0B4J2D5;P0DPI2	GAL3B_HUMAN;GAL3A_HUMAN	0	5231.4755859375	VALVLSGCGVYDGTEIHEASAILVHLSR	VALVLSGCGVYDGTEIHEASAILVHLSR	245.46865844726562	104.86956787109375	directDIA™	_VALVLSGC[Carbamidomethyl (C)]GVYDGTEIHEASAILVHLSR_	_VALVLSGC[Carbamidomethyl (C)]GVYDGTEIHEASAILVHLSR_.4	1.8915607413374014E-08	4	_VALVLSGC[Carbamidomethyl (C)]GVYDGTEIHEASAILVHLSR_.4	742.3905639648438	316.75714111328125	3	y23	noloss	824.404296875	23	y	True	68.5564534288983	295.087557241051	67.8391342163086	292
A	LFQ_timsTOFPro_diaPASEF_Condition_A_Sample_Alpha_01	NA	1	human_yeast_ecoli_uniport_reviewed_2023_8_30	GATD3B;GATD3	A0A0B4J2D5;P0DPI2	A0A0B4J2D5;P0DPI2	GAL3B_HUMAN;GAL3A_HUMAN	0	5231.4755859375	VALVLSGCGVYDGTEIHEASAILVHLSR	VALVLSGCGVYDGTEIHEASAILVHLSR	245.46865844726562	104.86956787109375	directDIA™	_VALVLSGC[Carbamidomethyl (C)]GVYDGTEIHEASAILVHLSR_	_VALVLSGC[Carbamidomethyl (C)]GVYDGTEIHEASAILVHLSR_.4	1.8915607413374014E-08	4	_VALVLSGC[Carbamidomethyl (C)]GVYDGTEIHEASAILVHLSR_.4	742.3905639648438	316.75714111328125	1	b4	noloss	383.2652893066406	4	b	False	63.69163281811024	116.21599000931803	63.02521514892578	115
A	LFQ_timsTOFPro_diaPASEF_Condition_A_Sample_Alpha_01	NA	1	human_yeast_ecoli_uniport_reviewed_2023_8_30	GATD3B;GATD3	A0A0B4J2D5;P0DPI2	A0A0B4J2D5;P0DPI2	GAL3B_HUMAN;GAL3A_HUMAN	0	5231.4755859375	VALVLSGCGVYDGTEIHEASAILVHLSR	VALVLSGCGVYDGTEIHEASAILVHLSR	245.46865844726562	104.86956787109375	directDIA™	_VALVLSGC[Carbamidomethyl (C)]GVYDGTEIHEASAILVHLSR_	_VALVLSGC[Carbamidomethyl (C)]GVYDGTEIHEASAILVHLSR_.4	1.8915607413374014E-08	4	_VALVLSGC[Carbamidomethyl (C)]GVYDGTEIHEASAILVHLSR_.4	742.3905639648438	316.75714111328125	2	y17	noloss	924.484130859375	17	y	True	247.02856982933292	404.2295304671932	244.44386291503906	400
A	LFQ_timsTOFPro_diaPASEF_Condition_A_Sample_Alpha_01	NA	1	human_yeast_ecoli_uniport_reviewed_2023_8_30	GATD3B;GATD3	A0A0B4J2D5;P0DPI2	A0A0B4J2D5;P0DPI2	GAL3B_HUMAN;GAL3A_HUMAN	0	5231.4755859375	VALVLSGCGVYDGTEIHEASAILVHLSR	VALVLSGCGVYDGTEIHEASAILVHLSR	245.46865844726562	104.86956787109375	directDIA™	_VALVLSGC[Carbamidomethyl (C)]GVYDGTEIHEASAILVHLSR_	_VALVLSGC[Carbamidomethyl (C)]GVYDGTEIHEASAILVHLSR_.3	3.216130569754661E-05	3	_VALVLSGC[Carbamidomethyl (C)]GVYDGTEIHEASAILVHLSR_.3	989.518310546875	174.18017578125	2	y24	noloss	1292.6448974609375	24	y	False	107.45391593444197	458.320119186391	105.50325012207031	450
A	LFQ_timsTOFPro_diaPASEF_Condition_A_Sample_Alpha_01	NA	1	human_yeast_ecoli_uniport_reviewed_2023_8_30	GATD3B;GATD3	A0A0B4J2D5;P0DPI2	A0A0B4J2D5;P0DPI2	GAL3B_HUMAN;GAL3A_HUMAN	0	5231.4755859375	VALVLSGCGVYDGTEIHEASAILVHLSR	VALVLSGCGVYDGTEIHEASAILVHLSR	245.46865844726562	104.86956787109375	directDIA™	_VALVLSGC[Carbamidomethyl (C)]GVYDGTEIHEASAILVHLSR_	_VALVLSGC[Carbamidomethyl (C)]GVYDGTEIHEASAILVHLSR_.3	3.216130569754661E-05	3	_VALVLSGC[Carbamidomethyl (C)]GVYDGTEIHEASAILVHLSR_.3	989.518310546875	174.18017578125	2	y23	noloss	1236.102783203125	23	y	True	73.71751172805811	406.3771723452667	72.37928009033203	399
A	LFQ_timsTOFPro_diaPASEF_Condition_A_Sample_Alpha_01	NA	1	human_yeast_ecoli_uniport_reviewed_2023_8_30	GATD3B;GATD3	A0A0B4J2D5;P0DPI2	A0A0B4J2D5;P0DPI2	GAL3B_HUMAN;GAL3A_HUMAN	0	5231.4755859375	VALVLSGCGVYDGTEIHEASAILVHLSR	VALVLSGCGVYDGTEIHEASAILVHLSR	245.46865844726562	104.86956787109375	directDIA™	_VALVLSGC[Carbamidomethyl (C)]GVYDGTEIHEASAILVHLSR_	_VALVLSGC[Carbamidomethyl (C)]GVYDGTEIHEASAILVHLSR_.3	3.216130569754661E-05	3	_VALVLSGC[Carbamidomethyl (C)]GVYDGTEIHEASAILVHLSR_.3	989.518310546875	174.18017578125	2	y22	noloss	1192.5867919921875	22	y	True	154.68232534349363	589.7052200198231	151.87429809570312	579
A	LFQ_timsTOFPro_diaPASEF_Condition_A_Sample_Alpha_01	NA	1	human_yeast_ecoli_uniport_reviewed_2023_8_30	GATD3B;GATD3	A0A0B4J2D5;P0DPI2	A0A0B4J2D5;P0DPI2	GAL3B_HUMAN;GAL3A_HUMAN	0	5231.4755859375	VALVLSGCGVYDGTEIHEASAILVHLSR	VALVLSGCGVYDGTEIHEASAILVHLSR	245.46865844726562	104.86956787109375	directDIA™	_VALVLSGC[Carbamidomethyl (C)]GVYDGTEIHEASAILVHLSR_	_VALVLSGC[Carbamidomethyl (C)]GVYDGTEIHEASAILVHLSR_.3	3.216130569754661E-05	3	_VALVLSGC[Carbamidomethyl (C)]GVYDGTEIHEASAILVHLSR_.3	989.518310546875	174.18017578125	1	b3	noloss	284.1968688964844	3	b	False	48.214285960731026	222.03063551696275	47.339027404785156	218
A	LFQ_timsTOFPro_diaPASEF_Condition_A_Sample_Alpha_01	NA	1	human_yeast_ecoli_uniport_reviewed_2023_8_30	GATD3B;GATD3	A0A0B4J2D5;P0DPI2	A0A0B4J2D5;P0DPI2	GAL3B_HUMAN;GAL3A_HUMAN	0	5231.4755859375	VALVLSGCGVYDGTEIHEASAILVHLSR	VALVLSGCGVYDGTEIHEASAILVHLSR	245.46865844726562	104.86956787109375	directDIA™	_VALVLSGC[Carbamidomethyl (C)]GVYDGTEIHEASAILVHLSR_	_VALVLSGC[Carbamidomethyl (C)]GVYDGTEIHEASAILVHLSR_.3	3.216130569754661E-05	3	_VALVLSGC[Carbamidomethyl (C)]GVYDGTEIHEASAILVHLSR_.3	989.518310546875	174.18017578125	1	b4	noloss	383.2652893066406	4	b	True	61.5664346186469	332.0274641216966	60.448787689208984	326
A	LFQ_timsTOFPro_diaPASEF_Condition_A_Sample_Alpha_01	NA	1	human_yeast_ecoli_uniport_reviewed_2023_8_30	GATD3B;GATD3	A0A0B4J2D5;P0DPI2	A0A0B4J2D5;P0DPI2	GAL3B_HUMAN;GAL3A_HUMAN	0	5231.4755859375	VALVLSGCGVYDGTEIHEASAILVHLSR	VALVLSGCGVYDGTEIHEASAILVHLSR	245.46865844726562	104.86956787109375	directDIA™	_VALVLSGC[Carbamidomethyl (C)]GVYDGTEIHEASAILVHLSR_	_VALVLSGC[Carbamidomethyl (C)]GVYDGTEIHEASAILVHLSR_.3	3.216130569754661E-05	3	_VALVLSGC[Carbamidomethyl (C)]GVYDGTEIHEASAILVHLSR_.3	989.518310546875	174.18017578125	2	y21	noloss	1164.0760498046875	21	y	False	18.511970104371574	205.7348090570022	18.175912857055664	202
A	LFQ_timsTOFPro_diaPASEF_Condition_A_Sample_Alpha_01	NA	1	human_yeast_ecoli_uniport_reviewed_2023_8_30	GATD3B;GATD3	A0A0B4J2D5;P0DPI2	A0A0B4J2D5;P0DPI2	GAL3B_HUMAN;GAL3A_HUMAN	0	5231.4755859375	ITDLANLSAANHDAAIFPGGFGAAK	ITDLANLSAANHDAAIFPGGFGAAK	172.60353088378906	73.94904327392578	directDIA™	_ITDLANLSAANHDAAIFPGGFGAAK_	_ITDLANLSAANHDAAIFPGGFGAAK_.3	3.1111381274923845E-08	3	_ITDLANLSAANHDAAIFPGGFGAAK_.3	814.7518920898438	172.60353088378906	1	y8	noloss	704.3726196289062	8	y	False	84.94836168467673	503.7952946799908	90.54723358154297	537
A	LFQ_timsTOFPro_diaPASEF_Condition_A_Sample_Alpha_01	NA	1	human_yeast_ecoli_uniport_reviewed_2023_8_30	GATD3B;GATD3	A0A0B4J2D5;P0DPI2	A0A0B4J2D5;P0DPI2	GAL3B_HUMAN;GAL3A_HUMAN	0	5231.4755859375	ITDLANLSAANHDAAIFPGGFGAAK	ITDLANLSAANHDAAIFPGGFGAAK	172.60353088378906	73.94904327392578	directDIA™	_ITDLANLSAANHDAAIFPGGFGAAK_	_ITDLANLSAANHDAAIFPGGFGAAK_.3	3.1111381274923845E-08	3	_ITDLANLSAANHDAAIFPGGFGAAK_.3	814.7518920898438	172.60353088378906	2	y21	noloss	1000.5028686523438	21	y	True	50.488770096416474	281.44988529608423	53.81644058227539	300
A	LFQ_timsTOFPro_diaPASEF_Condition_A_Sample_Alpha_01	NA	1	human_yeast_ecoli_uniport_reviewed_2023_8_30	GATD3B;GATD3	A0A0B4J2D5;P0DPI2	A0A0B4J2D5;P0DPI2	GAL3B_HUMAN;GAL3A_HUMAN	0	5231.4755859375	ITDLANLSAANHDAAIFPGGFGAAK	ITDLANLSAANHDAAIFPGGFGAAK	172.60353088378906	73.94904327392578	directDIA™	_ITDLANLSAANHDAAIFPGGFGAAK_	_ITDLANLSAANHDAAIFPGGFGAAK_.3	3.1111381274923845E-08	3	_ITDLANLSAANHDAAIFPGGFGAAK_.3	814.7518920898438	172.60353088378906	2	y20	noloss	964.9843139648438	20	y	True	33.43920906382122	201.70575112886038	35.643157958984375	215
A	LFQ_timsTOFPro_diaPASEF_Condition_A_Sample_Alpha_01	NA	1	human_yeast_ecoli_uniport_reviewed_2023_8_30	GATD3B;GATD3	A0A0B4J2D5;P0DPI2	A0A0B4J2D5;P0DPI2	GAL3B_HUMAN;GAL3A_HUMAN	0	5231.4755859375	ITDLANLSAANHDAAIFPGGFGAAK	ITDLANLSAANHDAAIFPGGFGAAK	172.60353088378906	73.94904327392578	directDIA™	_ITDLANLSAANHDAAIFPGGFGAAK_	_ITDLANLSAANHDAAIFPGGFGAAK_.3	3.1111381274923845E-08	3	_ITDLANLSAANHDAAIFPGGFGAAK_.3	814.7518920898438	172.60353088378906	2	y23	noloss	1114.558349609375	23	y	False	45.58657712320347	268.3155573156003	48.591148376464844	286
A	LFQ_timsTOFPro_diaPASEF_Condition_A_Sample_Alpha_01	NA	1	human_yeast_ecoli_uniport_reviewed_2023_8_30	GATD3B;GATD3	A0A0B4J2D5;P0DPI2	A0A0B4J2D5;P0DPI2	GAL3B_HUMAN;GAL3A_HUMAN	0	5231.4755859375	ITDLANLSAANHDAAIFPGGFGAAK	ITDLANLSAANHDAAIFPGGFGAAK	172.60353088378906	73.94904327392578	directDIA™	_ITDLANLSAANHDAAIFPGGFGAAK_	_ITDLANLSAANHDAAIFPGGFGAAK_.3	3.1111381274923845E-08	3	_ITDLANLSAANHDAAIFPGGFGAAK_.3	814.7518920898438	172.60353088378906	2	y18	noloss	851.4208374023438	18	y	False	42.068582394535355	236.41790364871076	44.841285705566406	252
A	LFQ_timsTOFPro_diaPASEF_Condition_A_Sample_Alpha_01	NA	1	human_yeast_ecoli_uniport_reviewed_2023_8_30	GATD3B;GATD3	A0A0B4J2D5;P0DPI2	A0A0B4J2D5;P0DPI2	GAL3B_HUMAN;GAL3A_HUMAN	0	5231.4755859375	ITDLANLSAANHDAAIFPGGFGAAK	ITDLANLSAANHDAAIFPGGFGAAK	172.60353088378906	73.94904327392578	directDIA™	_ITDLANLSAANHDAAIFPGGFGAAK_	_ITDLANLSAANHDAAIFPGGFGAAK_.3	3.1111381274923845E-08	3	_ITDLANLSAANHDAAIFPGGFGAAK_.3	814.7518920898438	172.60353088378906	1	y9	noloss	851.4410400390625	9	y	True	56.24479445217818	319.91470295321574	59.951839447021484	341
A	LFQ_timsTOFPro_diaPASEF_Condition_A_Sample_Alpha_01	NA	1	human_yeast_ecoli_uniport_reviewed_2023_8_30	PIGBOS1	A0A0B4J2F0	A0A0B4J2F0	PIOS1_HUMAN	0	1107.2799072265625	MQLVQESEEK	MQLVQESEEK	1107.2799072265625	-2.3505399227142334	directDIA™	_MQLVQESEEK_	_MQLVQESEEK_.2	3.4728613259049954E-06	2	_MQLVQESEEK_.2	610.7949829101562	1107.2799072265625	1	y8	noloss	961.483642578125	8	y	False	445.35135789894207	1781.2677116990778	455.53521728515625	1822
A	LFQ_timsTOFPro_diaPASEF_Condition_A_Sample_Alpha_01	NA	1	human_yeast_ecoli_uniport_reviewed_2023_8_30	PIGBOS1	A0A0B4J2F0	A0A0B4J2F0	PIOS1_HUMAN	0	1107.2799072265625	MQLVQESEEK	MQLVQESEEK	1107.2799072265625	-2.3505399227142334	directDIA™	_MQLVQESEEK_	_MQLVQESEEK_.2	3.4728613259049954E-06	2	_MQLVQESEEK_.2	610.7949829101562	1107.2799072265625	1	y6	noloss	749.3311767578125	6	y	False	331.39971949671224	1189.7929775728746	338.97784423828125	1217
A	LFQ_timsTOFPro_diaPASEF_Condition_A_Sample_Alpha_01	NA	1	human_yeast_ecoli_uniport_reviewed_2023_8_30	PIGBOS1	A0A0B4J2F0	A0A0B4J2F0	PIOS1_HUMAN	0	1107.2799072265625	MQLVQESEEK	MQLVQESEEK	1107.2799072265625	-2.3505399227142334	directDIA™	_MQLVQESEEK_	_MQLVQESEEK_.2	3.4728613259049954E-06	2	_MQLVQESEEK_.2	610.7949829101562	1107.2799072265625	1	y7	noloss	848.3995971679688	7	y	False	330.5287664585429	1262.1386475321128	338.08697509765625	1291
A	LFQ_timsTOFPro_diaPASEF_Condition_A_Sample_Alpha_01	NA	1	human_yeast_ecoli_uniport_reviewed_2023_8_30	PIGBOS1	A0A0B4J2F0	A0A0B4J2F0	PIOS1_HUMAN	0	1107.2799072265625	MQLVQESEEK	MQLVQESEEK	1107.2799072265625	-2.3505399227142334	directDIA™	_MQLVQESEEK_	_MQLVQESEEK_.2	3.4728613259049954E-06	2	_MQLVQESEEK_.2	610.7949829101562	1107.2799072265625	1	b7	noloss	816.3920288085938	7	b	True	49.530650557279735	275.69566119601535	50.66326904296875	282
A	LFQ_timsTOFPro_diaPASEF_Condition_A_Sample_Alpha_01	NA	1	human_yeast_ecoli_uniport_reviewed_2023_8_30	PIGBOS1	A0A0B4J2F0	A0A0B4J2F0	PIOS1_HUMAN	0	1107.2799072265625	MQLVQESEEK	MQLVQESEEK	1107.2799072265625	-2.3505399227142334	directDIA™	_MQLVQESEEK_	_MQLVQESEEK_.2	3.4728613259049954E-06	2	_MQLVQESEEK_.2	610.7949829101562	1107.2799072265625	1	y5	noloss	621.2725830078125	5	y	True	258.7221016235706	806.5564556266406	264.6383056640625	825
A	LFQ_timsTOFPro_diaPASEF_Condition_A_Sample_Alpha_01	NA	1	human_yeast_ecoli_uniport_reviewed_2023_8_30	PIGBOS1	A0A0B4J2F0	A0A0B4J2F0	PIOS1_HUMAN	0	1107.2799072265625	MQLVQESEEK	MQLVQESEEK	1107.2799072265625	-2.3505399227142334	directDIA™	_MQLVQESEEK_	_MQLVQESEEK_.2	3.4728613259049954E-06	2	_MQLVQESEEK_.2	610.7949829101562	1107.2799072265625	1	b5	noloss	600.3173828125	5	b	True	576.379368430808	2004.170586708622	589.5594482421875	2050
A	LFQ_timsTOFPro_diaPASEF_Condition_A_Sample_Alpha_01	NA	1	human_yeast_ecoli_uniport_reviewed_2023_8_30	MMP24OS	A0A0U1RRL7	A0A0U1RRL7	MMPOS_HUMAN	0	123.7548828125	HPPQPQPQPQPQPQPEPSPWGPLDDVR	HPPQPQPQPQPQPQPEPSPWGPLDDVR	181.72360229492188	50.82013702392578	directDIA™	_HPPQPQPQPQPQPQPEPSPWGPLDDVR_	_HPPQPQPQPQPQPQPEPSPWGPLDDVR_.3	3.781457617389176E-15	3	_HPPQPQPQPQPQPQPEPSPWGPLDDVR_.3	1017.168701171875	181.72360229492188	1	b8	noloss	910.4530029296875	8	b	False	87.34182236153829	374.14554349069573	89.64228057861328	384
A	LFQ_timsTOFPro_diaPASEF_Condition_A_Sample_Alpha_01	NA	1	human_yeast_ecoli_uniport_reviewed_2023_8_30	MMP24OS	A0A0U1RRL7	A0A0U1RRL7	MMPOS_HUMAN	0	123.7548828125	HPPQPQPQPQPQPQPEPSPWGPLDDVR	HPPQPQPQPQPQPQPEPSPWGPLDDVR	181.72360229492188	50.82013702392578	directDIA™	_HPPQPQPQPQPQPQPEPSPWGPLDDVR_	_HPPQPQPQPQPQPQPEPSPWGPLDDVR_.3	3.781457617389176E-15	3	_HPPQPQPQPQPQPQPEPSPWGPLDDVR_.3	1017.168701171875	181.72360229492188	1	y13	noloss	1464.7117919921875	13	y	True	13.296708752149867	127.63819322208631	13.64692497253418	131
A	LFQ_timsTOFPro_diaPASEF_Condition_A_Sample_Alpha_01	NA	1	human_yeast_ecoli_uniport_reviewed_2023_8_30	MMP24OS	A0A0U1RRL7	A0A0U1RRL7	MMPOS_HUMAN	0	123.7548828125	HPPQPQPQPQPQPQPEPSPWGPLDDVR	HPPQPQPQPQPQPQPEPSPWGPLDDVR	181.72360229492188	50.82013702392578	directDIA™	_HPPQPQPQPQPQPQPEPSPWGPLDDVR_	_HPPQPQPQPQPQPQPEPSPWGPLDDVR_.3	3.781457617389176E-15	3	_HPPQPQPQPQPQPQPEPSPWGPLDDVR_.3	1017.168701171875	181.72360229492188	1	b10	noloss	1135.5643310546875	10	b	False	70.54604741216501	254.30204909133226	72.40412902832031	261
A	LFQ_timsTOFPro_diaPASEF_Condition_A_Sample_Alpha_01	NA	1	human_yeast_ecoli_uniport_reviewed_2023_8_30	MMP24OS	A0A0U1RRL7	A0A0U1RRL7	MMPOS_HUMAN	0	123.7548828125	HPPQPQPQPQPQPQPEPSPWGPLDDVR	HPPQPQPQPQPQPQPEPSPWGPLDDVR	181.72360229492188	50.82013702392578	directDIA™	_HPPQPQPQPQPQPQPEPSPWGPLDDVR_	_HPPQPQPQPQPQPQPEPSPWGPLDDVR_.3	3.781457617389176E-15	3	_HPPQPQPQPQPQPQPEPSPWGPLDDVR_.3	1017.168701171875	181.72360229492188	1	y11	noloss	1238.616455078125	11	y	True	27.58945168902335	161.74000057149868	28.316118240356445	166
A	LFQ_timsTOFPro_diaPASEF_Condition_A_Sample_Alpha_01	NA	1	human_yeast_ecoli_uniport_reviewed_2023_8_30	MMP24OS	A0A0U1RRL7	A0A0U1RRL7	MMPOS_HUMAN	0	123.7548828125	HPPQPQPQPQPQPQPEPSPWGPLDDVR	HPPQPQPQPQPQPQPEPSPWGPLDDVR	181.72360229492188	50.82013702392578	directDIA™	_HPPQPQPQPQPQPQPEPSPWGPLDDVR_	_HPPQPQPQPQPQPQPEPSPWGPLDDVR_.3	3.781457617389176E-15	3	_HPPQPQPQPQPQPQPEPSPWGPLDDVR_.3	1017.168701171875	181.72360229492188	1	b12	noloss	1360.6756591796875	12	b	False	23.835730658726575	180.2524102754654	24.463529586791992	185
A	LFQ_timsTOFPro_diaPASEF_Condition_A_Sample_Alpha_01	NA	1	human_yeast_ecoli_uniport_reviewed_2023_8_30	MMP24OS	A0A0U1RRL7	A0A0U1RRL7	MMPOS_HUMAN	0	123.7548828125	HPPQPQPQPQPQPQPEPSPWGPLDDVR	HPPQPQPQPQPQPQPEPSPWGPLDDVR	181.72360229492188	50.82013702392578	directDIA™	_HPPQPQPQPQPQPQPEPSPWGPLDDVR_	_HPPQPQPQPQPQPQPEPSPWGPLDDVR_.3	3.781457617389176E-15	3	_HPPQPQPQPQPQPQPEPSPWGPLDDVR_.3	1017.168701171875	181.72360229492188	2	y25	noloss	1408.193603515625	25	y	True	4.5315919443333055	77.94698822722827	4.650947570800781	80
A	LFQ_timsTOFPro_diaPASEF_Condition_A_Sample_Alpha_01	NA	1	human_yeast_ecoli_uniport_reviewed_2023_8_30	MMP24OS	A0A0U1RRL7	A0A0U1RRL7	MMPOS_HUMAN	0	123.7548828125	GAPEPAQTQPQPQPQPAAPEGPEQPR	GAPEPAQTQPQPQPQPAAPEGPEQPR	65.78616333007812	6.630877494812012	directDIA™	_GAPEPAQTQPQPQPQPAAPEGPEQPR_	_GAPEPAQTQPQPQPQPAAPEGPEQPR_.3	0.0003277936896592808	3	_GAPEPAQTQPQPQPQPAAPEGPEQPR_.3	901.7755737304688	65.78616333007812	1	y11	noloss	1148.5694580078125	11	y	True	5.683924084322184	22.500939601260267	5.809990882873535	23
A	LFQ_timsTOFPro_diaPASEF_Condition_A_Sample_Alpha_01	NA	1	human_yeast_ecoli_uniport_reviewed_2023_8_30	MMP24OS	A0A0U1RRL7	A0A0U1RRL7	MMPOS_HUMAN	0	123.7548828125	GAPEPAQTQPQPQPQPAAPEGPEQPR	GAPEPAQTQPQPQPQPAAPEGPEQPR	65.78616333007812	6.630877494812012	directDIA™	_GAPEPAQTQPQPQPQPAAPEGPEQPR_	_GAPEPAQTQPQPQPQPAAPEGPEQPR_.3	0.0003277936896592808	3	_GAPEPAQTQPQPQPQPAAPEGPEQPR_.3	901.7755737304688	65.78616333007812	1	y8	noloss	909.4424438476562	8	y	False	38.216295551714225	184.89902541905178	39.06391525268555	189
A	LFQ_timsTOFPro_diaPASEF_Condition_A_Sample_Alpha_01	NA	1	human_yeast_ecoli_uniport_reviewed_2023_8_30	MMP24OS	A0A0U1RRL7	A0A0U1RRL7	MMPOS_HUMAN	0	123.7548828125	GAPEPAQTQPQPQPQPAAPEGPEQPR	GAPEPAQTQPQPQPQPAAPEGPEQPR	65.78616333007812	6.630877494812012	directDIA™	_GAPEPAQTQPQPQPQPAAPEGPEQPR_	_GAPEPAQTQPQPQPQPAAPEGPEQPR_.3	0.0003277936896592808	3	_GAPEPAQTQPQPQPQPAAPEGPEQPR_.3	901.7755737304688	65.78616333007812	1	b13	noloss	1330.6385498046875	13	b	False	1.9029013941004373	1	1.945106863975525	0.18916036188602448
A	LFQ_timsTOFPro_diaPASEF_Condition_A_Sample_Alpha_01	NA	1	human_yeast_ecoli_uniport_reviewed_2023_8_30	MMP24OS	A0A0U1RRL7	A0A0U1RRL7	MMPOS_HUMAN	0	123.7548828125	GAPEPAQTQPQPQPQPAAPEGPEQPR	GAPEPAQTQPQPQPQPAAPEGPEQPR	65.78616333007812	6.630877494812012	directDIA™	_GAPEPAQTQPQPQPQPAAPEGPEQPR_	_GAPEPAQTQPQPQPQPAAPEGPEQPR_.3	0.0003277936896592808	3	_GAPEPAQTQPQPQPQPAAPEGPEQPR_.3	901.7755737304688	65.78616333007812	1	b9	noloss	880.4158935546875	9	b	True	2.6921338873786276	1	2.7518441677093506	0.9095043540000916
A	LFQ_timsTOFPro_diaPASEF_Condition_A_Sample_Alpha_01	NA	1	human_yeast_ecoli_uniport_reviewed_2023_8_30	MMP24OS	A0A0U1RRL7	A0A0U1RRL7	MMPOS_HUMAN	0	123.7548828125	GAPEPAQTQPQPQPQPAAPEGPEQPR	GAPEPAQTQPQPQPQPAAPEGPEQPR	65.78616333007812	6.630877494812012	directDIA™	_GAPEPAQTQPQPQPQPAAPEGPEQPR_	_GAPEPAQTQPQPQPQPAAPEGPEQPR_.3	0.0003277936896592808	3	_GAPEPAQTQPQPQPQPAAPEGPEQPR_.3	901.7755737304688	65.78616333007812	2	y17	noloss	912.4553833007812	17	y	False	25.666964741852457	105.65658595374387	26.23624610900879	108
A	LFQ_timsTOFPro_diaPASEF_Condition_A_Sample_Alpha_01	NA	1	human_yeast_ecoli_uniport_reviewed_2023_8_30	MMP24OS	A0A0U1RRL7	A0A0U1RRL7	MMPOS_HUMAN	0	123.7548828125	GAPEPAQTQPQPQPQPAAPEGPEQPR	GAPEPAQTQPQPQPQPAAPEGPEQPR	65.78616333007812	6.630877494812012	directDIA™	_GAPEPAQTQPQPQPQPAAPEGPEQPR_	_GAPEPAQTQPQPQPQPAAPEGPEQPR_.3	0.0003277936896592808	3	_GAPEPAQTQPQPQPQPAAPEGPEQPR_.3	901.7755737304688	65.78616333007812	1	b11	noloss	1105.5272216796875	11	b	True	1	1	0.7335128784179688	0.6468530297279358
A	LFQ_timsTOFPro_diaPASEF_Condition_A_Sample_Alpha_01	NA	1	human_yeast_ecoli_uniport_reviewed_2023_8_30	UBE2L5	A0A1B0GUS4	A0A1B0GUS4	UB2L5_HUMAN	0.00548159749412686	94.58683776855469	NIQVDEANLLTWQGLIVPDNPPYNK	NIQVDEANLLTWQGLIVPDNPPYNK	94.58683776855469	115.73890686035156	directDIA™	_NIQVDEANLLTWQGLIVPDNPPYNK_	_NIQVDEANLLTWQGLIVPDNPPYNK_.3	9.592028299773475E-05	3	_NIQVDEANLLTWQGLIVPDNPPYNK_.3	951.1589965820312	94.58683776855469	2	b14	noloss	791.8966064453125	14	b	False	26.525701878673196	323.44973650017516	26.81685447692871	327
A	LFQ_timsTOFPro_diaPASEF_Condition_A_Sample_Alpha_01	NA	1	human_yeast_ecoli_uniport_reviewed_2023_8_30	UBE2L5	A0A1B0GUS4	A0A1B0GUS4	UB2L5_HUMAN	0.00548159749412686	94.58683776855469	NIQVDEANLLTWQGLIVPDNPPYNK	NIQVDEANLLTWQGLIVPDNPPYNK	94.58683776855469	115.73890686035156	directDIA™	_NIQVDEANLLTWQGLIVPDNPPYNK_	_NIQVDEANLLTWQGLIVPDNPPYNK_.3	9.592028299773475E-05	3	_NIQVDEANLLTWQGLIVPDNPPYNK_.3	951.1589965820312	94.58683776855469	1	b4	noloss	455.2612609863281	4	b	True	218.29553932808113	802.1949122374375	220.6916046142578	811
A	LFQ_timsTOFPro_diaPASEF_Condition_A_Sample_Alpha_01	NA	1	human_yeast_ecoli_uniport_reviewed_2023_8_30	UBE2L5	A0A1B0GUS4	A0A1B0GUS4	UB2L5_HUMAN	0.00548159749412686	94.58683776855469	NIQVDEANLLTWQGLIVPDNPPYNK	NIQVDEANLLTWQGLIVPDNPPYNK	94.58683776855469	115.73890686035156	directDIA™	_NIQVDEANLLTWQGLIVPDNPPYNK_	_NIQVDEANLLTWQGLIVPDNPPYNK_.3	9.592028299773475E-05	3	_NIQVDEANLLTWQGLIVPDNPPYNK_.3	951.1589965820312	94.58683776855469	2	b12	H2O	690.351318359375	12	b	True	71.2393756987184	399.6137417311033	72.02131652832031	404
A	LFQ_timsTOFPro_diaPASEF_Condition_A_Sample_Alpha_01	NA	1	human_yeast_ecoli_uniport_reviewed_2023_8_30	UBE2L5	A0A1B0GUS4	A0A1B0GUS4	UB2L5_HUMAN	0.00548159749412686	94.58683776855469	NIQVDEANLLTWQGLIVPDNPPYNK	NIQVDEANLLTWQGLIVPDNPPYNK	94.58683776855469	115.73890686035156	directDIA™	_NIQVDEANLLTWQGLIVPDNPPYNK_	_NIQVDEANLLTWQGLIVPDNPPYNK_.3	9.592028299773475E-05	3	_NIQVDEANLLTWQGLIVPDNPPYNK_.3	951.1589965820312	94.58683776855469	2	b15	noloss	848.4386596679688	15	b	False	37.27603738066716	205.74172841601356	37.68518829345703	208
A	LFQ_timsTOFPro_diaPASEF_Condition_A_Sample_Alpha_01	NA	1	human_yeast_ecoli_uniport_reviewed_2023_8_30	UBE2L5	A0A1B0GUS4	A0A1B0GUS4	UB2L5_HUMAN	0.00548159749412686	94.58683776855469	NIQVDEANLLTWQGLIVPDNPPYNK	NIQVDEANLLTWQGLIVPDNPPYNK	94.58683776855469	115.73890686035156	directDIA™	_NIQVDEANLLTWQGLIVPDNPPYNK_	_NIQVDEANLLTWQGLIVPDNPPYNK_.3	9.592028299773475E-05	3	_NIQVDEANLLTWQGLIVPDNPPYNK_.3	951.1589965820312	94.58683776855469	2	b16	noloss	904.980712890625	16	b	False	30.78509634387598	162.21943971262607	31.123001098632812	164
A	LFQ_timsTOFPro_diaPASEF_Condition_A_Sample_Alpha_01	NA	1	human_yeast_ecoli_uniport_reviewed_2023_8_30	UBE2L5	A0A1B0GUS4	A0A1B0GUS4	UB2L5_HUMAN	0.00548159749412686	94.58683776855469	NIQVDEANLLTWQGLIVPDNPPYNK	NIQVDEANLLTWQGLIVPDNPPYNK	94.58683776855469	115.73890686035156	directDIA™	_NIQVDEANLLTWQGLIVPDNPPYNK_	_NIQVDEANLLTWQGLIVPDNPPYNK_.3	9.592028299773475E-05	3	_NIQVDEANLLTWQGLIVPDNPPYNK_.3	951.1589965820312	94.58683776855469	1	b3	noloss	356.1928405761719	3	b	True	329.19457162896475	1228.5155129456195	332.8078918457031	1242
A	LFQ_timsTOFPro_diaPASEF_Condition_A_Sample_Alpha_01	NA	1	human_yeast_ecoli_uniport_reviewed_2023_8_30	MCTS2	A0A3B3IRV3	A0A3B3IRV3	MCTS2_HUMAN	0.0031477473932716897	526.7669067382812	ESVSNCIQLK	ESVSNCIQLK	526.7669067382812	9.636268615722656	directDIA™	_ESVSNC[Carbamidomethyl (C)]IQLK_	_ESVSNC[Carbamidomethyl (C)]IQLK_.2	2.9517002299448564E-05	2	_ESVSNC[Carbamidomethyl (C)]IQLK_.2	589.2977294921875	526.7669067382812	1	y7	noloss	862.4451293945312	7	y	False	185.83197385033122	817.5245655992785	187.75852966308594	826
A	LFQ_timsTOFPro_diaPASEF_Condition_A_Sample_Alpha_01	NA	1	human_yeast_ecoli_uniport_reviewed_2023_8_30	MCTS2	A0A3B3IRV3	A0A3B3IRV3	MCTS2_HUMAN	0.0031477473932716897	526.7669067382812	ESVSNCIQLK	ESVSNCIQLK	526.7669067382812	9.636268615722656	directDIA™	_ESVSNC[Carbamidomethyl (C)]IQLK_	_ESVSNC[Carbamidomethyl (C)]IQLK_.2	2.9517002299448564E-05	2	_ESVSNC[Carbamidomethyl (C)]IQLK_.2	589.2977294921875	526.7669067382812	1	y6	noloss	775.4130859375	6	y	False	173.42581609351785	556.2334211462404	175.2237548828125	562
A	LFQ_timsTOFPro_diaPASEF_Condition_A_Sample_Alpha_01	NA	1	human_yeast_ecoli_uniport_reviewed_2023_8_30	MCTS2	A0A3B3IRV3	A0A3B3IRV3	MCTS2_HUMAN	0.0031477473932716897	526.7669067382812	ESVSNCIQLK	ESVSNCIQLK	526.7669067382812	9.636268615722656	directDIA™	_ESVSNC[Carbamidomethyl (C)]IQLK_	_ESVSNC[Carbamidomethyl (C)]IQLK_.2	2.9517002299448564E-05	2	_ESVSNC[Carbamidomethyl (C)]IQLK_.2	589.2977294921875	526.7669067382812	1	y5	noloss	661.3701782226562	5	y	False	167.50914329339082	704.6942986763756	169.24574279785156	712
A	LFQ_timsTOFPro_diaPASEF_Condition_A_Sample_Alpha_01	NA	1	human_yeast_ecoli_uniport_reviewed_2023_8_30	MCTS2	A0A3B3IRV3	A0A3B3IRV3	MCTS2_HUMAN	0.0031477473932716897	526.7669067382812	ESVSNCIQLK	ESVSNCIQLK	526.7669067382812	9.636268615722656	directDIA™	_ESVSNC[Carbamidomethyl (C)]IQLK_	_ESVSNC[Carbamidomethyl (C)]IQLK_.2	2.9517002299448564E-05	2	_ESVSNC[Carbamidomethyl (C)]IQLK_.2	589.2977294921875	526.7669067382812	1	y8	noloss	961.5135498046875	8	y	True	64.54521803857347	417.6699354514474	65.21437072753906	422
A	LFQ_timsTOFPro_diaPASEF_Condition_A_Sample_Alpha_01	NA	1	human_yeast_ecoli_uniport_reviewed_2023_8_30	MCTS2	A0A3B3IRV3	A0A3B3IRV3	MCTS2_HUMAN	0.0031477473932716897	526.7669067382812	ESVSNCIQLK	ESVSNCIQLK	526.7669067382812	9.636268615722656	directDIA™	_ESVSNC[Carbamidomethyl (C)]IQLK_	_ESVSNC[Carbamidomethyl (C)]IQLK_.2	2.9517002299448564E-05	2	_ESVSNC[Carbamidomethyl (C)]IQLK_.2	589.2977294921875	526.7669067382812	1	y4	noloss	501.3395080566406	4	y	True	24.499080338979446	224.67079466227145	24.753067016601562	227
A	LFQ_timsTOFPro_diaPASEF_Condition_A_Sample_Alpha_01	NA	1	human_yeast_ecoli_uniport_reviewed_2023_8_30	MCTS2	A0A3B3IRV3	A0A3B3IRV3	MCTS2_HUMAN	0.0031477473932716897	526.7669067382812	ESVSNCIQLK	ESVSNCIQLK	526.7669067382812	9.636268615722656	directDIA™	_ESVSNC[Carbamidomethyl (C)]IQLK_	_ESVSNC[Carbamidomethyl (C)]IQLK_.2	2.9517002299448564E-05	2	_ESVSNC[Carbamidomethyl (C)]IQLK_.2	589.2977294921875	526.7669067382812	1	y7	NH3	845.4185791015625	7	y	True	237.8603650534637	658.1765570502666	240.32630920410156	665
A	LFQ_timsTOFPro_diaPASEF_Condition_A_Sample_Alpha_01	NA	1	human_yeast_ecoli_uniport_reviewed_2023_8_30	RAMACL;RAMAC	A0A3B3IU46;Q9BTL3	A0A3B3IU46;Q9BTL3	RMACL_HUMAN;RAMAC_HUMAN	0	1155.51171875	SWGNNYPQHR	SWGNNYPQHR	1155.51171875	-17.72594451904297	directDIA™	_SWGNNYPQHR_	_SWGNNYPQHR_.2	2.2262234163042373E-12	2	_SWGNNYPQHR_.2	629.7892456054688	1547.64111328125	1	y8	noloss	985.4598388671875	8	y	False	604.3264775997135	2535.4462908845235	617.091064453125	2589
A	LFQ_timsTOFPro_diaPASEF_Condition_A_Sample_Alpha_01	NA	1	human_yeast_ecoli_uniport_reviewed_2023_8_30	RAMACL;RAMAC	A0A3B3IU46;Q9BTL3	A0A3B3IU46;Q9BTL3	RMACL_HUMAN;RAMAC_HUMAN	0	1155.51171875	SWGNNYPQHR	SWGNNYPQHR	1155.51171875	-17.72594451904297	directDIA™	_SWGNNYPQHR_	_SWGNNYPQHR_.2	2.2262234163042373E-12	2	_SWGNNYPQHR_.2	629.7892456054688	1547.64111328125	1	y4	noloss	537.2891845703125	4	y	False	690.0968662752426	2523.694512015997	704.673095703125	2577
A	LFQ_timsTOFPro_diaPASEF_Condition_A_Sample_Alpha_01	NA	1	human_yeast_ecoli_uniport_reviewed_2023_8_30	RAMACL;RAMAC	A0A3B3IU46;Q9BTL3	A0A3B3IU46;Q9BTL3	RMACL_HUMAN;RAMAC_HUMAN	0	1155.51171875	SWGNNYPQHR	SWGNNYPQHR	1155.51171875	-17.72594451904297	directDIA™	_SWGNNYPQHR_	_SWGNNYPQHR_.2	2.2262234163042373E-12	2	_SWGNNYPQHR_.2	629.7892456054688	1547.64111328125	1	y5	noloss	700.3525390625	5	y	False	253.21778632502975	1083.1222857158295	258.5662536621094	1106
A	LFQ_timsTOFPro_diaPASEF_Condition_A_Sample_Alpha_01	NA	1	human_yeast_ecoli_uniport_reviewed_2023_8_30	RAMACL;RAMAC	A0A3B3IU46;Q9BTL3	A0A3B3IU46;Q9BTL3	RMACL_HUMAN;RAMAC_HUMAN	0	1155.51171875	SWGNNYPQHR	SWGNNYPQHR	1155.51171875	-17.72594451904297	directDIA™	_SWGNNYPQHR_	_SWGNNYPQHR_.2	2.2262234163042373E-12	2	_SWGNNYPQHR_.2	629.7892456054688	1547.64111328125	1	y6	noloss	814.3954467773438	6	y	True	156.24004291366109	497.49197210094167	159.54014587402344	508
A	LFQ_timsTOFPro_diaPASEF_Condition_A_Sample_Alpha_01	NA	1	human_yeast_ecoli_uniport_reviewed_2023_8_30	RAMACL;RAMAC	A0A3B3IU46;Q9BTL3	A0A3B3IU46;Q9BTL3	RMACL_HUMAN;RAMAC_HUMAN	0	1155.51171875	SWGNNYPQHR	SWGNNYPQHR	1155.51171875	-17.72594451904297	directDIA™	_SWGNNYPQHR_	_SWGNNYPQHR_.2	2.2262234163042373E-12	2	_SWGNNYPQHR_.2	629.7892456054688	1547.64111328125	2	y9	NH3	577.7599487304688	9	y	True	59.90447431331926	210.55270472776073	61.169776916503906	215
A	LFQ_timsTOFPro_diaPASEF_Condition_A_Sample_Alpha_01	NA	1	human_yeast_ecoli_uniport_reviewed_2023_8_30	RAMACL;RAMAC	A0A3B3IU46;Q9BTL3	A0A3B3IU46;Q9BTL3	RMACL_HUMAN;RAMAC_HUMAN	0	1155.51171875	SWGNNYPQHR	SWGNNYPQHR	1155.51171875	-17.72594451904297	directDIA™	_SWGNNYPQHR_	_SWGNNYPQHR_.2	2.2262234163042373E-12	2	_SWGNNYPQHR_.2	629.7892456054688	1547.64111328125	2	y9	noloss	586.273193359375	9	y	True	196.75806145730616	1177.1365166640392	200.9139862060547	1202
A	LFQ_timsTOFPro_diaPASEF_Condition_A_Sample_Alpha_01	NA	1	human_yeast_ecoli_uniport_reviewed_2023_8_30	RAMACL;RAMAC	A0A3B3IU46;Q9BTL3	A0A3B3IU46;Q9BTL3	RMACL_HUMAN;RAMAC_HUMAN	0	1155.51171875	SWGNNYPQHR	SWGNNYPQHR	1155.51171875	-17.72594451904297	directDIA™	_SWGNNYPQHR_	_SWGNNYPQHR_.3	1.137769715139615E-08	3	_SWGNNYPQHR_.3	420.19525146484375	763.3823852539062	1	y4	noloss	537.2891845703125	4	y	False	652.0979650982499	2409.5769320967197	666.0144653320312	2461
A	LFQ_timsTOFPro_diaPASEF_Condition_A_Sample_Alpha_01	NA	1	human_yeast_ecoli_uniport_reviewed_2023_8_30	RAMACL;RAMAC	A0A3B3IU46;Q9BTL3	A0A3B3IU46;Q9BTL3	RMACL_HUMAN;RAMAC_HUMAN	0	1155.51171875	SWGNNYPQHR	SWGNNYPQHR	1155.51171875	-17.72594451904297	directDIA™	_SWGNNYPQHR_	_SWGNNYPQHR_.3	1.137769715139615E-08	3	_SWGNNYPQHR_.3	420.19525146484375	763.3823852539062	2	y8	noloss	493.2335510253906	8	y	True	57.216638897584275	366.18519813253687	58.437705993652344	374
A	LFQ_timsTOFPro_diaPASEF_Condition_A_Sample_Alpha_01	NA	1	human_yeast_ecoli_uniport_reviewed_2023_8_30	RAMACL;RAMAC	A0A3B3IU46;Q9BTL3	A0A3B3IU46;Q9BTL3	RMACL_HUMAN;RAMAC_HUMAN	0	1155.51171875	SWGNNYPQHR	SWGNNYPQHR	1155.51171875	-17.72594451904297	directDIA™	_SWGNNYPQHR_	_SWGNNYPQHR_.3	1.137769715139615E-08	3	_SWGNNYPQHR_.3	420.19525146484375	763.3823852539062	1	y5	noloss	700.3525390625	5	y	True	112.97698339512104	455.2837356460685	115.3880386352539	465
A	LFQ_timsTOFPro_diaPASEF_Condition_A_Sample_Alpha_01	NA	1	human_yeast_ecoli_uniport_reviewed_2023_8_30	RAMACL;RAMAC	A0A3B3IU46;Q9BTL3	A0A3B3IU46;Q9BTL3	RMACL_HUMAN;RAMAC_HUMAN	0	1155.51171875	SWGNNYPQHR	SWGNNYPQHR	1155.51171875	-17.72594451904297	directDIA™	_SWGNNYPQHR_	_SWGNNYPQHR_.3	1.137769715139615E-08	3	_SWGNNYPQHR_.3	420.19525146484375	763.3823852539062	1	y3	noloss	440.2364501953125	3	y	False	57.31126109455176	435.7016394892484	58.53434753417969	445
A	LFQ_timsTOFPro_diaPASEF_Condition_A_Sample_Alpha_01	NA	1	human_yeast_ecoli_uniport_reviewed_2023_8_30	RAMACL;RAMAC	A0A3B3IU46;Q9BTL3	A0A3B3IU46;Q9BTL3	RMACL_HUMAN;RAMAC_HUMAN	0	1155.51171875	SWGNNYPQHR	SWGNNYPQHR	1155.51171875	-17.72594451904297	directDIA™	_SWGNNYPQHR_	_SWGNNYPQHR_.3	1.137769715139615E-08	3	_SWGNNYPQHR_.3	420.19525146484375	763.3823852539062	2	y8	NH3	484.72027587890625	8	y	True	20.374509435320306	242.8179923445699	20.809324264526367	248
A	LFQ_timsTOFPro_diaPASEF_Condition_A_Sample_Alpha_01	NA	1	human_yeast_ecoli_uniport_reviewed_2023_8_30	RAMACL;RAMAC	A0A3B3IU46;Q9BTL3	A0A3B3IU46;Q9BTL3	RMACL_HUMAN;RAMAC_HUMAN	0	1155.51171875	SWGNNYPQHR	SWGNNYPQHR	1155.51171875	-17.72594451904297	directDIA™	_SWGNNYPQHR_	_SWGNNYPQHR_.3	1.137769715139615E-08	3	_SWGNNYPQHR_.3	420.19525146484375	763.3823852539062	1	y6	noloss	814.3954467773438	6	y	False	53.97314879724711	269.25382215627707	55.124996185302734	275
A	LFQ_timsTOFPro_diaPASEF_Condition_A_Sample_Alpha_01	NA	1	human_yeast_ecoli_uniport_reviewed_2023_8_30	RBM47	A0AV96	A0AV96	RBM47_HUMAN	0	294.61138916015625	REEILEEIAK	REEILEEIAK	402.08782958984375	26.842084884643555	directDIA™	_REEILEEIAK_	_REEILEEIAK_.2	3.794645400120255E-08	2	_REEILEEIAK_.2	615.3404541015625	402.08782958984375	1	b7	noloss	899.4468994140625	7	b	False	117.97642718280309	675.5385951389746	124.51870727539062	713
A	LFQ_timsTOFPro_diaPASEF_Condition_A_Sample_Alpha_01	NA	1	human_yeast_ecoli_uniport_reviewed_2023_8_30	RBM47	A0AV96	A0AV96	RBM47_HUMAN	0	294.61138916015625	REEILEEIAK	REEILEEIAK	402.08782958984375	26.842084884643555	directDIA™	_REEILEEIAK_	_REEILEEIAK_.2	3.794645400120255E-08	2	_REEILEEIAK_.2	615.3404541015625	402.08782958984375	1	b9	noloss	1083.568115234375	9	b	True	73.1624231051728	247.2869191181941	77.2195816040039	261
A	LFQ_timsTOFPro_diaPASEF_Condition_A_Sample_Alpha_01	NA	1	human_yeast_ecoli_uniport_reviewed_2023_8_30	RBM47	A0AV96	A0AV96	RBM47_HUMAN	0	294.61138916015625	REEILEEIAK	REEILEEIAK	402.08782958984375	26.842084884643555	directDIA™	_REEILEEIAK_	_REEILEEIAK_.2	3.794645400120255E-08	2	_REEILEEIAK_.2	615.3404541015625	402.08782958984375	1	b8	noloss	1012.5309448242188	8	b	False	188.99085288271348	762.7048654794876	199.47117614746094	805
A	LFQ_timsTOFPro_diaPASEF_Condition_A_Sample_Alpha_01	NA	1	human_yeast_ecoli_uniport_reviewed_2023_8_30	RBM47	A0AV96	A0AV96	RBM47_HUMAN	0	294.61138916015625	REEILEEIAK	REEILEEIAK	402.08782958984375	26.842084884643555	directDIA™	_REEILEEIAK_	_REEILEEIAK_.2	3.794645400120255E-08	2	_REEILEEIAK_.2	615.3404541015625	402.08782958984375	1	b6	noloss	770.404296875	6	b	False	95.12055798416941	426.3567571003347	100.3953857421875	450
A	LFQ_timsTOFPro_diaPASEF_Condition_A_Sample_Alpha_01	NA	1	human_yeast_ecoli_uniport_reviewed_2023_8_30	RBM47	A0AV96	A0AV96	RBM47_HUMAN	0	294.61138916015625	REEILEEIAK	REEILEEIAK	402.08782958984375	26.842084884643555	directDIA™	_REEILEEIAK_	_REEILEEIAK_.2	3.794645400120255E-08	2	_REEILEEIAK_.2	615.3404541015625	402.08782958984375	1	b5	noloss	641.3616943359375	5	b	True	37.916178693653734	186.6495136639243	40.0187873840332	197
A	LFQ_timsTOFPro_diaPASEF_Condition_A_Sample_Alpha_01	NA	1	human_yeast_ecoli_uniport_reviewed_2023_8_30	RBM47	A0AV96	A0AV96	RBM47_HUMAN	0	294.61138916015625	REEILEEIAK	REEILEEIAK	402.08782958984375	26.842084884643555	directDIA™	_REEILEEIAK_	_REEILEEIAK_.2	3.794645400120255E-08	2	_REEILEEIAK_.2	615.3404541015625	402.08782958984375	1	y3	noloss	331.2339782714844	3	y	True	111.10904480356233	301.29210835090316	117.27050018310547	318
A	LFQ_timsTOFPro_diaPASEF_Condition_A_Sample_Alpha_01	NA	1	human_yeast_ecoli_uniport_reviewed_2023_8_30	RBM47	A0AV96	A0AV96	RBM47_HUMAN	0	294.61138916015625	PITPVYTVAPNVQR	PITPVYTVAPNVQR	352.5890808105469	37.50322341918945	directDIA™	_PITPVYTVAPNVQR_	_PITPVYTVAPNVQR_.2	4.452498972500421E-05	2	_PITPVYTVAPNVQR_.2	777.935546875	352.5890808105469	1	y11	noloss	1243.6793212890625	11	y	False	19.07964033507081	224.72103684394733	19.86745834350586	234
A	LFQ_timsTOFPro_diaPASEF_Condition_A_Sample_Alpha_01	NA	1	human_yeast_ecoli_uniport_reviewed_2023_8_30	RBM47	A0AV96	A0AV96	RBM47_HUMAN	0	294.61138916015625	PITPVYTVAPNVQR	PITPVYTVAPNVQR	352.5890808105469	37.50322341918945	directDIA™	_PITPVYTVAPNVQR_	_PITPVYTVAPNVQR_.2	4.452498972500421E-05	2	_PITPVYTVAPNVQR_.2	777.935546875	352.5890808105469	1	b3	noloss	312.1917724609375	3	b	False	50.032663903453205	363.97125198229077	52.09856414794922	379
A	LFQ_timsTOFPro_diaPASEF_Condition_A_Sample_Alpha_01	NA	1	human_yeast_ecoli_uniport_reviewed_2023_8_30	RBM47	A0AV96	A0AV96	RBM47_HUMAN	0	294.61138916015625	PITPVYTVAPNVQR	PITPVYTVAPNVQR	352.5890808105469	37.50322341918945	directDIA™	_PITPVYTVAPNVQR_	_PITPVYTVAPNVQR_.2	4.452498972500421E-05	2	_PITPVYTVAPNVQR_.2	777.935546875	352.5890808105469	1	y9	noloss	1047.5582275390625	9	y	True	71.31299651367499	326.51774584163286	74.25758361816406	340
A	LFQ_timsTOFPro_diaPASEF_Condition_A_Sample_Alpha_01	NA	1	human_yeast_ecoli_uniport_reviewed_2023_8_30	RBM47	A0AV96	A0AV96	RBM47_HUMAN	0	294.61138916015625	PITPVYTVAPNVQR	PITPVYTVAPNVQR	352.5890808105469	37.50322341918945	directDIA™	_PITPVYTVAPNVQR_	_PITPVYTVAPNVQR_.2	4.452498972500421E-05	2	_PITPVYTVAPNVQR_.2	777.935546875	352.5890808105469	2	y12	noloss	672.8671264648438	12	y	True	90.99997133866762	422.5523769715249	94.75745391845703	440
A	LFQ_timsTOFPro_diaPASEF_Condition_A_Sample_Alpha_01	NA	1	human_yeast_ecoli_uniport_reviewed_2023_8_30	RBM47	A0AV96	A0AV96	RBM47_HUMAN	0	294.61138916015625	PITPVYTVAPNVQR	PITPVYTVAPNVQR	352.5890808105469	37.50322341918945	directDIA™	_PITPVYTVAPNVQR_	_PITPVYTVAPNVQR_.2	4.452498972500421E-05	2	_PITPVYTVAPNVQR_.2	777.935546875	352.5890808105469	1	y8	noloss	884.4948120117188	8	y	False	283.47677558204373	1235.9657026417103	295.18182373046875	1287
A	LFQ_timsTOFPro_diaPASEF_Condition_A_Sample_Alpha_01	NA	1	human_yeast_ecoli_uniport_reviewed_2023_8_30	RBM47	A0AV96	A0AV96	RBM47_HUMAN	0	294.61138916015625	PITPVYTVAPNVQR	PITPVYTVAPNVQR	352.5890808105469	37.50322341918945	directDIA™	_PITPVYTVAPNVQR_	_PITPVYTVAPNVQR_.2	4.452498972500421E-05	2	_PITPVYTVAPNVQR_.2	777.935546875	352.5890808105469	1	y6	noloss	684.3787231445312	6	y	True	115.11537415752761	422.5523769715249	119.86860656738281	440
A	LFQ_timsTOFPro_diaPASEF_Condition_A_Sample_Alpha_01	NA	1	human_yeast_ecoli_uniport_reviewed_2023_8_30	RBM47	A0AV96	A0AV96	RBM47_HUMAN	0	294.61138916015625	EDAVHAMNNLNGTELEGSCLEVTLAKPVDK	EDAVHAMNNLNGTELEGSCLEVTLAKPVDK	129.1572265625	64.35479736328125	directDIA™	_EDAVHAMNNLNGTELEGSC[Carbamidomethyl (C)]LEVTLAKPVDK_	_EDAVHAMNNLNGTELEGSC[Carbamidomethyl (C)]LEVTLAKPVDK_.4	9.552860389709019E-06	4	_EDAVHAMNNLNGTELEGSC[Carbamidomethyl (C)]LEVTLAKPVDK_.4	814.3971557617188	129.1572265625	2	y15	noloss	823.4269409179688	15	y	False	94.98387240856042	341.1009804008317	97.7403793334961	351
A	LFQ_timsTOFPro_diaPASEF_Condition_A_Sample_Alpha_01	NA	1	human_yeast_ecoli_uniport_reviewed_2023_8_30	RBM47	A0AV96	A0AV96	RBM47_HUMAN	0	294.61138916015625	EDAVHAMNNLNGTELEGSCLEVTLAKPVDK	EDAVHAMNNLNGTELEGSCLEVTLAKPVDK	129.1572265625	64.35479736328125	directDIA™	_EDAVHAMNNLNGTELEGSC[Carbamidomethyl (C)]LEVTLAKPVDK_	_EDAVHAMNNLNGTELEGSC[Carbamidomethyl (C)]LEVTLAKPVDK_.4	9.552860389709019E-06	4	_EDAVHAMNNLNGTELEGSC[Carbamidomethyl (C)]LEVTLAKPVDK_.4	814.3971557617188	129.1572265625	2	y14	noloss	758.9056396484375	14	y	True	10.338565124454252	130.22088710459101	10.638598442077637	134
A	LFQ_timsTOFPro_diaPASEF_Condition_A_Sample_Alpha_01	NA	1	human_yeast_ecoli_uniport_reviewed_2023_8_30	RBM47	A0AV96	A0AV96	RBM47_HUMAN	0	294.61138916015625	EDAVHAMNNLNGTELEGSCLEVTLAKPVDK	EDAVHAMNNLNGTELEGSCLEVTLAKPVDK	129.1572265625	64.35479736328125	directDIA™	_EDAVHAMNNLNGTELEGSC[Carbamidomethyl (C)]LEVTLAKPVDK_	_EDAVHAMNNLNGTELEGSC[Carbamidomethyl (C)]LEVTLAKPVDK_.4	9.552860389709019E-06	4	_EDAVHAMNNLNGTELEGSC[Carbamidomethyl (C)]LEVTLAKPVDK_.4	814.3971557617188	129.1572265625	2	y19	noloss	1023.5248413085938	19	y	True	11.755336938046957	100.09515949084235	12.09648609161377	103
A	LFQ_timsTOFPro_diaPASEF_Condition_A_Sample_Alpha_01	NA	1	human_yeast_ecoli_uniport_reviewed_2023_8_30	RBM47	A0AV96	A0AV96	RBM47_HUMAN	0	294.61138916015625	EDAVHAMNNLNGTELEGSCLEVTLAKPVDK	EDAVHAMNNLNGTELEGSCLEVTLAKPVDK	129.1572265625	64.35479736328125	directDIA™	_EDAVHAMNNLNGTELEGSC[Carbamidomethyl (C)]LEVTLAKPVDK_	_EDAVHAMNNLNGTELEGSC[Carbamidomethyl (C)]LEVTLAKPVDK_.4	9.552860389709019E-06	4	_EDAVHAMNNLNGTELEGSC[Carbamidomethyl (C)]LEVTLAKPVDK_.4	814.3971557617188	129.1572265625	2	y17	noloss	944.490234375	17	y	False	24.138343865270244	96.20796883100381	24.838857650756836	99
A	LFQ_timsTOFPro_diaPASEF_Condition_A_Sample_Alpha_01	NA	1	human_yeast_ecoli_uniport_reviewed_2023_8_30	RBM47	A0AV96	A0AV96	RBM47_HUMAN	0	294.61138916015625	EDAVHAMNNLNGTELEGSCLEVTLAKPVDK	EDAVHAMNNLNGTELEGSCLEVTLAKPVDK	129.1572265625	64.35479736328125	directDIA™	_EDAVHAMNNLNGTELEGSC[Carbamidomethyl (C)]LEVTLAKPVDK_	_EDAVHAMNNLNGTELEGSC[Carbamidomethyl (C)]LEVTLAKPVDK_.4	9.552860389709019E-06	4	_EDAVHAMNNLNGTELEGSC[Carbamidomethyl (C)]LEVTLAKPVDK_.4	814.3971557617188	129.1572265625	2	y16	noloss	879.9689331054688	16	y	False	10.035004396026805	141.88245908410664	10.326228141784668	146
A	LFQ_timsTOFPro_diaPASEF_Condition_A_Sample_Alpha_01	NA	1	human_yeast_ecoli_uniport_reviewed_2023_8_30	RBM47	A0AV96	A0AV96	RBM47_HUMAN	0	294.61138916015625	EDAVHAMNNLNGTELEGSCLEVTLAKPVDK	EDAVHAMNNLNGTELEGSCLEVTLAKPVDK	129.1572265625	64.35479736328125	directDIA™	_EDAVHAMNNLNGTELEGSC[Carbamidomethyl (C)]LEVTLAKPVDK_	_EDAVHAMNNLNGTELEGSC[Carbamidomethyl (C)]LEVTLAKPVDK_.4	9.552860389709019E-06	4	_EDAVHAMNNLNGTELEGSC[Carbamidomethyl (C)]LEVTLAKPVDK_.4	814.3971557617188	129.1572265625	2	y18	noloss	995.0140991210938	18	y	True	5.581856072026366	80.65920619164966	5.7438459396362305	83
A	LFQ_timsTOFPro_diaPASEF_Condition_A_Sample_Alpha_01	NA	1	human_yeast_ecoli_uniport_reviewed_2023_8_30	RBM47	A0AV96	A0AV96	RBM47_HUMAN	0	294.61138916015625	LLGVCCSVDNCR	LLGVCCSVDNCR	92.29718780517578	20.31559944152832	directDIA™	_LLGVC[Carbamidomethyl (C)]C[Carbamidomethyl (C)]SVDNC[Carbamidomethyl (C)]R_	_LLGVC[Carbamidomethyl (C)]C[Carbamidomethyl (C)]SVDNC[Carbamidomethyl (C)]R_.2	4.5494233631419493E-10	2	_LLGVC[Carbamidomethyl (C)]C[Carbamidomethyl (C)]SVDNC[Carbamidomethyl (C)]R_.2	726.8232421875	92.29718780517578	1	y8	noloss	1070.3812255859375	8	y	False	40.82716671077498	378.41697880305634	42.83207702636719	397
A	LFQ_timsTOFPro_diaPASEF_Condition_A_Sample_Alpha_01	NA	1	human_yeast_ecoli_uniport_reviewed_2023_8_30	RBM47	A0AV96	A0AV96	RBM47_HUMAN	0	294.61138916015625	LLGVCCSVDNCR	LLGVCCSVDNCR	92.29718780517578	20.31559944152832	directDIA™	_LLGVC[Carbamidomethyl (C)]C[Carbamidomethyl (C)]SVDNC[Carbamidomethyl (C)]R_	_LLGVC[Carbamidomethyl (C)]C[Carbamidomethyl (C)]SVDNC[Carbamidomethyl (C)]R_.2	4.5494233631419493E-10	2	_LLGVC[Carbamidomethyl (C)]C[Carbamidomethyl (C)]SVDNC[Carbamidomethyl (C)]R_.2	726.8232421875	92.29718780517578	1	y10	noloss	1226.4710693359375	10	y	False	26.76192326577173	154.417003944824	28.076128005981445	162
A	LFQ_timsTOFPro_diaPASEF_Condition_A_Sample_Alpha_01	NA	1	human_yeast_ecoli_uniport_reviewed_2023_8_30	RBM47	A0AV96	A0AV96	RBM47_HUMAN	0	294.61138916015625	LLGVCCSVDNCR	LLGVCCSVDNCR	92.29718780517578	20.31559944152832	directDIA™	_LLGVC[Carbamidomethyl (C)]C[Carbamidomethyl (C)]SVDNC[Carbamidomethyl (C)]R_	_LLGVC[Carbamidomethyl (C)]C[Carbamidomethyl (C)]SVDNC[Carbamidomethyl (C)]R_.2	4.5494233631419493E-10	2	_LLGVC[Carbamidomethyl (C)]C[Carbamidomethyl (C)]SVDNC[Carbamidomethyl (C)]R_.2	726.8232421875	92.29718780517578	1	y7	noloss	910.3505859375	7	y	False	24.7080987996508	173.48083159233312	25.921445846557617	182
A	LFQ_timsTOFPro_diaPASEF_Condition_A_Sample_Alpha_01	NA	1	human_yeast_ecoli_uniport_reviewed_2023_8_30	RBM47	A0AV96	A0AV96	RBM47_HUMAN	0	294.61138916015625	LLGVCCSVDNCR	LLGVCCSVDNCR	92.29718780517578	20.31559944152832	directDIA™	_LLGVC[Carbamidomethyl (C)]C[Carbamidomethyl (C)]SVDNC[Carbamidomethyl (C)]R_	_LLGVC[Carbamidomethyl (C)]C[Carbamidomethyl (C)]SVDNC[Carbamidomethyl (C)]R_.2	4.5494233631419493E-10	2	_LLGVC[Carbamidomethyl (C)]C[Carbamidomethyl (C)]SVDNC[Carbamidomethyl (C)]R_.2	726.8232421875	92.29718780517578	1	y6	noloss	750.3198852539062	6	y	True	1199.4865176302153	3422.910254110265	1258.3900146484375	3591
A	LFQ_timsTOFPro_diaPASEF_Condition_A_Sample_Alpha_01	NA	1	human_yeast_ecoli_uniport_reviewed_2023_8_30	RBM47	A0AV96	A0AV96	RBM47_HUMAN	0	294.61138916015625	LLGVCCSVDNCR	LLGVCCSVDNCR	92.29718780517578	20.31559944152832	directDIA™	_LLGVC[Carbamidomethyl (C)]C[Carbamidomethyl (C)]SVDNC[Carbamidomethyl (C)]R_	_LLGVC[Carbamidomethyl (C)]C[Carbamidomethyl (C)]SVDNC[Carbamidomethyl (C)]R_.2	4.5494233631419493E-10	2	_LLGVC[Carbamidomethyl (C)]C[Carbamidomethyl (C)]SVDNC[Carbamidomethyl (C)]R_.2	726.8232421875	92.29718780517578	1	b3	noloss	284.1968688964844	3	b	True	11.035889900584857	83.88084164904019	11.577832221984863	88
A	LFQ_timsTOFPro_diaPASEF_Condition_A_Sample_Alpha_01	NA	1	human_yeast_ecoli_uniport_reviewed_2023_8_30	RBM47	A0AV96	A0AV96	RBM47_HUMAN	0	294.61138916015625	LLGVCCSVDNCR	LLGVCCSVDNCR	92.29718780517578	20.31559944152832	directDIA™	_LLGVC[Carbamidomethyl (C)]C[Carbamidomethyl (C)]SVDNC[Carbamidomethyl (C)]R_	_LLGVC[Carbamidomethyl (C)]C[Carbamidomethyl (C)]SVDNC[Carbamidomethyl (C)]R_.2	4.5494233631419493E-10	2	_LLGVC[Carbamidomethyl (C)]C[Carbamidomethyl (C)]SVDNC[Carbamidomethyl (C)]R_.2	726.8232421875	92.29718780517578	1	y3	noloss	449.1925354003906	3	y	True	47.451996627110674	447.9999497164647	49.78223419189453	470
A	LFQ_timsTOFPro_diaPASEF_Condition_A_Sample_Alpha_01	NA	1	human_yeast_ecoli_uniport_reviewed_2023_8_30	RBM47	A0AV96	A0AV96	RBM47_HUMAN	0	294.61138916015625	TAEDSTAAMSSDSAAGSSAK	TAEDSTAAMSSDSAAGSSAK	77.56069946289062	-18.523569107055664	directDIA™	_TAEDSTAAMSSDSAAGSSAK_	_TAEDSTAAMSSDSAAGSSAK_.2	2.0645125888465483E-13	2	_TAEDSTAAMSSDSAAGSSAK_.2	922.8943481445312	77.56069946289062	1	y11	noloss	967.4326782226562	11	y	False	44.55633488756774	256.72499997204415	45.124732971191406	260
A	LFQ_timsTOFPro_diaPASEF_Condition_A_Sample_Alpha_01	NA	1	human_yeast_ecoli_uniport_reviewed_2023_8_30	RBM47	A0AV96	A0AV96	RBM47_HUMAN	0	294.61138916015625	TAEDSTAAMSSDSAAGSSAK	TAEDSTAAMSSDSAAGSSAK	77.56069946289062	-18.523569107055664	directDIA™	_TAEDSTAAMSSDSAAGSSAK_	_TAEDSTAAMSSDSAAGSSAK_.2	2.0645125888465483E-13	2	_TAEDSTAAMSSDSAAGSSAK_.2	922.8943481445312	77.56069946289062	1	y12	noloss	1098.47314453125	12	y	False	15.901319242909965	101.70259614277134	16.104169845581055	103
A	LFQ_timsTOFPro_diaPASEF_Condition_A_Sample_Alpha_01	NA	1	human_yeast_ecoli_uniport_reviewed_2023_8_30	RBM47	A0AV96	A0AV96	RBM47_HUMAN	0	294.61138916015625	TAEDSTAAMSSDSAAGSSAK	TAEDSTAAMSSDSAAGSSAK	77.56069946289062	-18.523569107055664	directDIA™	_TAEDSTAAMSSDSAAGSSAK_	_TAEDSTAAMSSDSAAGSSAK_.2	2.0645125888465483E-13	2	_TAEDSTAAMSSDSAAGSSAK_.2	922.8943481445312	77.56069946289062	1	y13	noloss	1169.51025390625	13	y	True	10.718973601439467	76.03009614556693	10.855713844299316	77
A	LFQ_timsTOFPro_diaPASEF_Condition_A_Sample_Alpha_01	NA	1	human_yeast_ecoli_uniport_reviewed_2023_8_30	RBM47	A0AV96	A0AV96	RBM47_HUMAN	0	294.61138916015625	TAEDSTAAMSSDSAAGSSAK	TAEDSTAAMSSDSAAGSSAK	77.56069946289062	-18.523569107055664	directDIA™	_TAEDSTAAMSSDSAAGSSAK_	_TAEDSTAAMSSDSAAGSSAK_.2	2.0645125888465483E-13	2	_TAEDSTAAMSSDSAAGSSAK_.2	922.8943481445312	77.56069946289062	1	y10	noloss	880.4006958007812	10	y	False	17.103039639151092	124.41288460183678	17.32122039794922	126
A	LFQ_timsTOFPro_diaPASEF_Condition_A_Sample_Alpha_01	NA	1	human_yeast_ecoli_uniport_reviewed_2023_8_30	RBM47	A0AV96	A0AV96	RBM47_HUMAN	0	294.61138916015625	TAEDSTAAMSSDSAAGSSAK	TAEDSTAAMSSDSAAGSSAK	77.56069946289062	-18.523569107055664	directDIA™	_TAEDSTAAMSSDSAAGSSAK_	_TAEDSTAAMSSDSAAGSSAK_.2	2.0645125888465483E-13	2	_TAEDSTAAMSSDSAAGSSAK_.2	922.8943481445312	77.56069946289062	1	y14	noloss	1240.54736328125	14	y	True	6.572396021136432	59.244230762779424	6.656239032745361	60
A	LFQ_timsTOFPro_diaPASEF_Condition_A_Sample_Alpha_01	NA	1	human_yeast_ecoli_uniport_reviewed_2023_8_30	RBM47	A0AV96	A0AV96	RBM47_HUMAN	0	294.61138916015625	TAEDSTAAMSSDSAAGSSAK	TAEDSTAAMSSDSAAGSSAK	77.56069946289062	-18.523569107055664	directDIA™	_TAEDSTAAMSSDSAAGSSAK_	_TAEDSTAAMSSDSAAGSSAK_.2	2.0645125888465483E-13	2	_TAEDSTAAMSSDSAAGSSAK_.2	922.8943481445312	77.56069946289062	1	y5	noloss	449.2354431152344	5	y	True	8.022895431195105	75.0426922995206	8.125242233276367	76
A	LFQ_timsTOFPro_diaPASEF_Condition_A_Sample_Alpha_01	NA	1	human_yeast_ecoli_uniport_reviewed_2023_8_30	RBM47	A0AV96	A0AV96	RBM47_HUMAN	0	294.61138916015625	IQLWGHQIAVDWAEPEIDVDEDVMETVK	IQLWGHQIAVDWAEPEIDVDEDVMETVK	21.570392608642578	126.34768676757812	directDIA™	_IQLWGHQIAVDWAEPEIDVDEDVMETVK_	_IQLWGHQIAVDWAEPEIDVDEDVMETVK_.3	4.519063783979735E-06	3	_IQLWGHQIAVDWAEPEIDVDEDVMETVK_.3	1089.195556640625	21.570392608642578	1	b14	noloss	1647.8277587890625	14	b	False	1	13.345661095658897	0.8474052548408508	15
A	LFQ_timsTOFPro_diaPASEF_Condition_A_Sample_Alpha_01	NA	1	human_yeast_ecoli_uniport_reviewed_2023_8_30	RBM47	A0AV96	A0AV96	RBM47_HUMAN	0	294.61138916015625	IQLWGHQIAVDWAEPEIDVDEDVMETVK	IQLWGHQIAVDWAEPEIDVDEDVMETVK	21.570392608642578	126.34768676757812	directDIA™	_IQLWGHQIAVDWAEPEIDVDEDVMETVK_	_IQLWGHQIAVDWAEPEIDVDEDVMETVK_.3	4.519063783979735E-06	3	_IQLWGHQIAVDWAEPEIDVDEDVMETVK_.3	1089.195556640625	21.570392608642578	1	y14	noloss	1618.7515869140625	14	y	False	1	8.897107397105932	0.9146010875701904	10
A	LFQ_timsTOFPro_diaPASEF_Condition_A_Sample_Alpha_01	NA	1	human_yeast_ecoli_uniport_reviewed_2023_8_30	RBM47	A0AV96	A0AV96	RBM47_HUMAN	0	294.61138916015625	IQLWGHQIAVDWAEPEIDVDEDVMETVK	IQLWGHQIAVDWAEPEIDVDEDVMETVK	21.570392608642578	126.34768676757812	directDIA™	_IQLWGHQIAVDWAEPEIDVDEDVMETVK_	_IQLWGHQIAVDWAEPEIDVDEDVMETVK_.3	4.519063783979735E-06	3	_IQLWGHQIAVDWAEPEIDVDEDVMETVK_.3	1089.195556640625	21.570392608642578	1	b10	noloss	1146.641845703125	10	b	True	9.631316286835903	59.61061956060975	10.82522201538086	67
A	LFQ_timsTOFPro_diaPASEF_Condition_A_Sample_Alpha_01	NA	1	human_yeast_ecoli_uniport_reviewed_2023_8_30	RBM47	A0AV96	A0AV96	RBM47_HUMAN	0	294.61138916015625	IQLWGHQIAVDWAEPEIDVDEDVMETVK	IQLWGHQIAVDWAEPEIDVDEDVMETVK	21.570392608642578	126.34768676757812	directDIA™	_IQLWGHQIAVDWAEPEIDVDEDVMETVK_	_IQLWGHQIAVDWAEPEIDVDEDVMETVK_.3	4.519063783979735E-06	3	_IQLWGHQIAVDWAEPEIDVDEDVMETVK_.3	1089.195556640625	21.570392608642578	1	y9	noloss	1065.476806640625	9	y	False	20.002716437806832	124.55950355948305	22.482269287109375	140
A	LFQ_timsTOFPro_diaPASEF_Condition_A_Sample_Alpha_01	NA	1	human_yeast_ecoli_uniport_reviewed_2023_8_30	RBM47	A0AV96	A0AV96	RBM47_HUMAN	0	294.61138916015625	IQLWGHQIAVDWAEPEIDVDEDVMETVK	IQLWGHQIAVDWAEPEIDVDEDVMETVK	21.570392608642578	126.34768676757812	directDIA™	_IQLWGHQIAVDWAEPEIDVDEDVMETVK_	_IQLWGHQIAVDWAEPEIDVDEDVMETVK_.3	4.519063783979735E-06	3	_IQLWGHQIAVDWAEPEIDVDEDVMETVK_.3	1089.195556640625	21.570392608642578	1	y11	noloss	1279.572265625	11	y	True	5.560405332124063	96.08875988874406	6.249677658081055	108
A	LFQ_timsTOFPro_diaPASEF_Condition_A_Sample_Alpha_01	NA	1	human_yeast_ecoli_uniport_reviewed_2023_8_30	RBM47	A0AV96	A0AV96	RBM47_HUMAN	0	294.61138916015625	IQLWGHQIAVDWAEPEIDVDEDVMETVK	IQLWGHQIAVDWAEPEIDVDEDVMETVK	21.570392608642578	126.34768676757812	directDIA™	_IQLWGHQIAVDWAEPEIDVDEDVMETVK_	_IQLWGHQIAVDWAEPEIDVDEDVMETVK_.3	4.519063783979735E-06	3	_IQLWGHQIAVDWAEPEIDVDEDVMETVK_.3	1089.195556640625	21.570392608642578	1	b13	noloss	1518.78515625	13	b	True	1.6109145454645537	40.03698328697669	1.8106048107147217	45
A	LFQ_timsTOFPro_diaPASEF_Condition_A_Sample_Alpha_01	NA	1	human_yeast_ecoli_uniport_reviewed_2023_8_30	RBM47	A0AV96	A0AV96	RBM47_HUMAN	0	294.61138916015625	TGYSMVQENGQR	TGYSMVQENGQR	259.02557373046875	-8.449280738830566	directDIA™	_TGYSMVQENGQR_	_TGYSMVQENGQR_.2	3.1538382043464974E-05	2	_TGYSMVQENGQR_.2	685.3118896484375	259.02557373046875	1	y7	noloss	830.4114990234375	7	y	True	38.5084544294966	208.33194217226836	39.556148529052734	214
A	LFQ_timsTOFPro_diaPASEF_Condition_A_Sample_Alpha_01	NA	1	human_yeast_ecoli_uniport_reviewed_2023_8_30	RBM47	A0AV96	A0AV96	RBM47_HUMAN	0	294.61138916015625	TGYSMVQENGQR	TGYSMVQENGQR	259.02557373046875	-8.449280738830566	directDIA™	_TGYSMVQENGQR_	_TGYSMVQENGQR_.2	3.1538382043464974E-05	2	_TGYSMVQENGQR_.2	685.3118896484375	259.02557373046875	1	y6	noloss	731.3430786132812	6	y	False	85.43224863299965	321.25953699461945	87.756591796875	330
A	LFQ_timsTOFPro_diaPASEF_Condition_A_Sample_Alpha_01	NA	1	human_yeast_ecoli_uniport_reviewed_2023_8_30	RBM47	A0AV96	A0AV96	RBM47_HUMAN	0	294.61138916015625	TGYSMVQENGQR	TGYSMVQENGQR	259.02557373046875	-8.449280738830566	directDIA™	_TGYSMVQENGQR_	_TGYSMVQENGQR_.2	3.1538382043464974E-05	2	_TGYSMVQENGQR_.2	685.3118896484375	259.02557373046875	1	y9	noloss	1048.4840087890625	9	y	False	38.929564931768596	323.20656449155655	39.98871612548828	332
A	LFQ_timsTOFPro_diaPASEF_Condition_A_Sample_Alpha_01	NA	1	human_yeast_ecoli_uniport_reviewed_2023_8_30	RBM47	A0AV96	A0AV96	RBM47_HUMAN	0	294.61138916015625	TGYSMVQENGQR	TGYSMVQENGQR	259.02557373046875	-8.449280738830566	directDIA™	_TGYSMVQENGQR_	_TGYSMVQENGQR_.2	3.1538382043464974E-05	2	_TGYSMVQENGQR_.2	685.3118896484375	259.02557373046875	1	y8	noloss	961.4519653320312	8	y	True	56.65473525212368	366.04116942417244	58.19613265991211	376
A	LFQ_timsTOFPro_diaPASEF_Condition_A_Sample_Alpha_01	NA	1	human_yeast_ecoli_uniport_reviewed_2023_8_30	RBM47	A0AV96	A0AV96	RBM47_HUMAN	0	294.61138916015625	TGYSMVQENGQR	TGYSMVQENGQR	259.02557373046875	-8.449280738830566	directDIA™	_TGYSMVQENGQR_	_TGYSMVQENGQR_.2	3.1538382043464974E-05	2	_TGYSMVQENGQR_.2	685.3118896484375	259.02557373046875	1	y5	noloss	603.2844848632812	5	y	True	110.68686879212167	436.1341593139076	113.69831085205078	448
A	LFQ_timsTOFPro_diaPASEF_Condition_A_Sample_Alpha_01	NA	1	human_yeast_ecoli_uniport_reviewed_2023_8_30	RBM47	A0AV96	A0AV96	RBM47_HUMAN	0	294.61138916015625	TGYSMVQENGQR	TGYSMVQENGQR	259.02557373046875	-8.449280738830566	directDIA™	_TGYSMVQENGQR_	_TGYSMVQENGQR_.2	3.1538382043464974E-05	2	_TGYSMVQENGQR_.2	685.3118896484375	259.02557373046875	1	y4	noloss	474.2419128417969	4	y	False	134.66376701101967	696.0623301550088	138.32754516601562	715
A	LFQ_timsTOFPro_diaPASEF_Condition_A_Sample_Alpha_01	NA	1	human_yeast_ecoli_uniport_reviewed_2023_8_30	RBM47	A0AV96	A0AV96	RBM47_HUMAN	0	294.61138916015625	DYAFVHFTSR	DYAFVHFTSR	451.5726623535156	41.24368667602539	directDIA™	_DYAFVHFTSR_	_DYAFVHFTSR_.2	0.00028449817928697405	2	_DYAFVHFTSR_.2	621.7987670898438	451.5726623535156	1	y5	noloss	647.3259887695312	5	y	False	255.91220963002007	881.192560513327	261.0837707519531	899
A	LFQ_timsTOFPro_diaPASEF_Condition_A_Sample_Alpha_01	NA	1	human_yeast_ecoli_uniport_reviewed_2023_8_30	RBM47	A0AV96	A0AV96	RBM47_HUMAN	0	294.61138916015625	DYAFVHFTSR	DYAFVHFTSR	451.5726623535156	41.24368667602539	directDIA™	_DYAFVHFTSR_	_DYAFVHFTSR_.2	0.00028449817928697405	2	_DYAFVHFTSR_.2	621.7987670898438	451.5726623535156	1	y6	noloss	746.3944091796875	6	y	True	175.24067442704344	686.1343630248375	178.78199768066406	700
A	LFQ_timsTOFPro_diaPASEF_Condition_A_Sample_Alpha_01	NA	1	human_yeast_ecoli_uniport_reviewed_2023_8_30	RBM47	A0AV96	A0AV96	RBM47_HUMAN	0	294.61138916015625	DYAFVHFTSR	DYAFVHFTSR	451.5726623535156	41.24368667602539	directDIA™	_DYAFVHFTSR_	_DYAFVHFTSR_.2	0.00028449817928697405	2	_DYAFVHFTSR_.2	621.7987670898438	451.5726623535156	1	y7	noloss	893.4628295898438	7	y	True	464.231565400948	1904.512953367513	473.6129150390625	1943
A	LFQ_timsTOFPro_diaPASEF_Condition_A_Sample_Alpha_01	NA	1	human_yeast_ecoli_uniport_reviewed_2023_8_30	RBM47	A0AV96	A0AV96	RBM47_HUMAN	0	294.61138916015625	DYAFVHFTSR	DYAFVHFTSR	451.5726623535156	41.24368667602539	directDIA™	_DYAFVHFTSR_	_DYAFVHFTSR_.2	0.00028449817928697405	2	_DYAFVHFTSR_.2	621.7987670898438	451.5726623535156	1	b3	noloss	350.1346740722656	3	b	True	27.81828972587302	188.19685385824113	28.380451202392578	192
A	LFQ_timsTOFPro_diaPASEF_Condition_A_Sample_Alpha_01	NA	1	human_yeast_ecoli_uniport_reviewed_2023_8_30	RBM47	A0AV96	A0AV96	RBM47_HUMAN	0	294.61138916015625	DYAFVHFTSR	DYAFVHFTSR	451.5726623535156	41.24368667602539	directDIA™	_DYAFVHFTSR_	_DYAFVHFTSR_.2	0.00028449817928697405	2	_DYAFVHFTSR_.2	621.7987670898438	451.5726623535156	1	y4	noloss	510.2670593261719	4	y	False	109.12438988232442	563.6103696275451	111.3296127319336	575
A	LFQ_timsTOFPro_diaPASEF_Condition_A_Sample_Alpha_01	NA	1	human_yeast_ecoli_uniport_reviewed_2023_8_30	RBM47	A0AV96	A0AV96	RBM47_HUMAN	0	294.61138916015625	DYAFVHFTSR	DYAFVHFTSR	451.5726623535156	41.24368667602539	directDIA™	_DYAFVHFTSR_	_DYAFVHFTSR_.2	0.00028449817928697405	2	_DYAFVHFTSR_.2	621.7987670898438	451.5726623535156	1	y8	noloss	964.4999389648438	8	y	False	86.53604773289061	329.34449425192196	88.28479766845703	336
A	LFQ_timsTOFPro_diaPASEF_Condition_A_Sample_Alpha_01	NA	1	human_yeast_ecoli_uniport_reviewed_2023_8_30	UBA6	A0AVT1	A0AVT1	UBA6_HUMAN	0	4687.048828125	FDLNEPLHLSFLQNAAK	FDLNEPLHLSFLQNAAK	4079.055908203125	89.8597640991211	directDIA™	_FDLNEPLHLSFLQNAAK_	_FDLNEPLHLSFLQNAAK_.3	1.6165327484121022E-11	3	_FDLNEPLHLSFLQNAAK_.3	653.0108032226562	7912.033203125	2	y12	noloss	669.8800659179688	12	y	False	1844.4811393066584	7816.551426438621	1796.212890625	7612
A	LFQ_timsTOFPro_diaPASEF_Condition_A_Sample_Alpha_01	NA	1	human_yeast_ecoli_uniport_reviewed_2023_8_30	UBA6	A0AVT1	A0AVT1	UBA6_HUMAN	0	4687.048828125	FDLNEPLHLSFLQNAAK	FDLNEPLHLSFLQNAAK	4079.055908203125	89.8597640991211	directDIA™	_FDLNEPLHLSFLQNAAK_	_FDLNEPLHLSFLQNAAK_.3	1.6165327484121022E-11	3	_FDLNEPLHLSFLQNAAK_.3	653.0108032226562	7912.033203125	2	y15	noloss	847.96484375	15	y	False	2004.8035720647686	8073.269484322181	1952.33984375	7862
A	LFQ_timsTOFPro_diaPASEF_Condition_A_Sample_Alpha_01	NA	1	human_yeast_ecoli_uniport_reviewed_2023_8_30	UBA6	A0AVT1	A0AVT1	UBA6_HUMAN	0	4687.048828125	FDLNEPLHLSFLQNAAK	FDLNEPLHLSFLQNAAK	4079.055908203125	89.8597640991211	directDIA™	_FDLNEPLHLSFLQNAAK_	_FDLNEPLHLSFLQNAAK_.3	1.6165327484121022E-11	3	_FDLNEPLHLSFLQNAAK_.3	653.0108032226562	7912.033203125	2	y14	noloss	791.4228515625	14	y	False	1805.1427321038148	7615.28446905791	1757.9039306640625	7416
A	LFQ_timsTOFPro_diaPASEF_Condition_A_Sample_Alpha_01	NA	1	human_yeast_ecoli_uniport_reviewed_2023_8_30	UBA6	A0AVT1	A0AVT1	UBA6_HUMAN	0	4687.048828125	FDLNEPLHLSFLQNAAK	FDLNEPLHLSFLQNAAK	4079.055908203125	89.8597640991211	directDIA™	_FDLNEPLHLSFLQNAAK_	_FDLNEPLHLSFLQNAAK_.3	1.6165327484121022E-11	3	_FDLNEPLHLSFLQNAAK_.3	653.0108032226562	7912.033203125	2	y13	noloss	734.4013671875	13	y	True	730.5002589518912	2686.2977576935673	711.3837890625	2616
A	LFQ_timsTOFPro_diaPASEF_Condition_A_Sample_Alpha_01	NA	1	human_yeast_ecoli_uniport_reviewed_2023_8_30	UBA6	A0AVT1	A0AVT1	UBA6_HUMAN	0	4687.048828125	FDLNEPLHLSFLQNAAK	FDLNEPLHLSFLQNAAK	4079.055908203125	89.8597640991211	directDIA™	_FDLNEPLHLSFLQNAAK_	_FDLNEPLHLSFLQNAAK_.3	1.6165327484121022E-11	3	_FDLNEPLHLSFLQNAAK_.3	653.0108032226562	7912.033203125	2	y16	noloss	905.4783325195312	16	y	False	1524.1480207679558	6586.358493060604	1484.2625732421875	6414
A	LFQ_timsTOFPro_diaPASEF_Condition_A_Sample_Alpha_01	NA	1	human_yeast_ecoli_uniport_reviewed_2023_8_30	UBA6	A0AVT1	A0AVT1	UBA6_HUMAN	0	4687.048828125	FDLNEPLHLSFLQNAAK	FDLNEPLHLSFLQNAAK	4079.055908203125	89.8597640991211	directDIA™	_FDLNEPLHLSFLQNAAK_	_FDLNEPLHLSFLQNAAK_.3	1.6165327484121022E-11	3	_FDLNEPLHLSFLQNAAK_.3	653.0108032226562	7912.033203125	1	y8	noloss	878.4730224609375	8	y	False	733.4576559927343	3481.0968649010674	714.2637939453125	3390
A	LFQ_timsTOFPro_diaPASEF_Condition_A_Sample_Alpha_01	NA	1	human_yeast_ecoli_uniport_reviewed_2023_8_30	UBA6	A0AVT1	A0AVT1	UBA6_HUMAN	0	4687.048828125	FDLNEPLHLSFLQNAAK	FDLNEPLHLSFLQNAAK	4079.055908203125	89.8597640991211	directDIA™	_FDLNEPLHLSFLQNAAK_	_FDLNEPLHLSFLQNAAK_.2	4.773431050207064E-14	2	_FDLNEPLHLSFLQNAAK_.2	979.0125122070312	246.07882690429688	2	y15	noloss	847.96484375	15	y	False	147.96550040764885	911.3344973811973	144.1768798828125	888
A	LFQ_timsTOFPro_diaPASEF_Condition_A_Sample_Alpha_01	NA	1	human_yeast_ecoli_uniport_reviewed_2023_8_30	UBA6	A0AVT1	A0AVT1	UBA6_HUMAN	0	4687.048828125	FDLNEPLHLSFLQNAAK	FDLNEPLHLSFLQNAAK	4079.055908203125	89.8597640991211	directDIA™	_FDLNEPLHLSFLQNAAK_	_FDLNEPLHLSFLQNAAK_.2	4.773431050207064E-14	2	_FDLNEPLHLSFLQNAAK_.2	979.0125122070312	246.07882690429688	1	y12	noloss	1338.7528076171875	12	y	False	51.40815890132098	257.595674372388	50.09186553955078	251
A	LFQ_timsTOFPro_diaPASEF_Condition_A_Sample_Alpha_01	NA	1	human_yeast_ecoli_uniport_reviewed_2023_8_30	UBA6	A0AVT1	A0AVT1	UBA6_HUMAN	0	4687.048828125	FDLNEPLHLSFLQNAAK	FDLNEPLHLSFLQNAAK	4079.055908203125	89.8597640991211	directDIA™	_FDLNEPLHLSFLQNAAK_	_FDLNEPLHLSFLQNAAK_.2	4.773431050207064E-14	2	_FDLNEPLHLSFLQNAAK_.2	979.0125122070312	246.07882690429688	2	b15	noloss	870.4412231445312	15	b	True	168.80990038581677	482.3504659562643	164.48756408691406	470
A	LFQ_timsTOFPro_diaPASEF_Condition_A_Sample_Alpha_01	NA	1	human_yeast_ecoli_uniport_reviewed_2023_8_30	UBA6	A0AVT1	A0AVT1	UBA6_HUMAN	0	4687.048828125	FDLNEPLHLSFLQNAAK	FDLNEPLHLSFLQNAAK	4079.055908203125	89.8597640991211	directDIA™	_FDLNEPLHLSFLQNAAK_	_FDLNEPLHLSFLQNAAK_.2	4.773431050207064E-14	2	_FDLNEPLHLSFLQNAAK_.2	979.0125122070312	246.07882690429688	1	y10	noloss	1128.615966796875	10	y	False	46.705167004627	279.14750370234873	45.50929260253906	272
A	LFQ_timsTOFPro_diaPASEF_Condition_A_Sample_Alpha_01	NA	1	human_yeast_ecoli_uniport_reviewed_2023_8_30	UBA6	A0AVT1	A0AVT1	UBA6_HUMAN	0	4687.048828125	FDLNEPLHLSFLQNAAK	FDLNEPLHLSFLQNAAK	4079.055908203125	89.8597640991211	directDIA™	_FDLNEPLHLSFLQNAAK_	_FDLNEPLHLSFLQNAAK_.2	4.773431050207064E-14	2	_FDLNEPLHLSFLQNAAK_.2	979.0125122070312	246.07882690429688	1	y9	noloss	991.55712890625	9	y	True	176.01606468562537	1031.408975076693	171.50921630859375	1005
A	LFQ_timsTOFPro_diaPASEF_Condition_A_Sample_Alpha_01	NA	1	human_yeast_ecoli_uniport_reviewed_2023_8_30	UBA6	A0AVT1	A0AVT1	UBA6_HUMAN	0	4687.048828125	FDLNEPLHLSFLQNAAK	FDLNEPLHLSFLQNAAK	4079.055908203125	89.8597640991211	directDIA™	_FDLNEPLHLSFLQNAAK_	_FDLNEPLHLSFLQNAAK_.2	4.773431050207064E-14	2	_FDLNEPLHLSFLQNAAK_.2	979.0125122070312	246.07882690429688	1	b13	noloss	1554.795166015625	13	b	True	1.9906291695338307	13.341608632832843	1.939659595489502	13
A	LFQ_timsTOFPro_diaPASEF_Condition_A_Sample_Alpha_01	NA	1	human_yeast_ecoli_uniport_reviewed_2023_8_30	UBA6	A0AVT1	A0AVT1	UBA6_HUMAN	0	4687.048828125	SFPAAIEHTIQWAR	SFPAAIEHTIQWAR	5392.56201171875	67.17523956298828	directDIA™	_SFPAAIEHTIQWAR_	_SFPAAIEHTIQWAR_.2	4.712998515222248E-10	2	_SFPAAIEHTIQWAR_.2	813.9229736328125	5392.56201171875	2	y12	noloss	696.8727416992188	12	y	False	4125.456199704538	15620.380047564615	4129.58154296875	15636
A	LFQ_timsTOFPro_diaPASEF_Condition_A_Sample_Alpha_01	NA	1	human_yeast_ecoli_uniport_reviewed_2023_8_30	UBA6	A0AVT1	A0AVT1	UBA6_HUMAN	0	4687.048828125	SFPAAIEHTIQWAR	SFPAAIEHTIQWAR	5392.56201171875	67.17523956298828	directDIA™	_SFPAAIEHTIQWAR_	_SFPAAIEHTIQWAR_.2	4.712998515222248E-10	2	_SFPAAIEHTIQWAR_.2	813.9229736328125	5392.56201171875	1	y8	noloss	1040.5272216796875	8	y	False	580.6134941971312	2244.755306144646	581.194091796875	2247
A	LFQ_timsTOFPro_diaPASEF_Condition_A_Sample_Alpha_01	NA	1	human_yeast_ecoli_uniport_reviewed_2023_8_30	UBA6	A0AVT1	A0AVT1	UBA6_HUMAN	0	4687.048828125	SFPAAIEHTIQWAR	SFPAAIEHTIQWAR	5392.56201171875	67.17523956298828	directDIA™	_SFPAAIEHTIQWAR_	_SFPAAIEHTIQWAR_.2	4.712998515222248E-10	2	_SFPAAIEHTIQWAR_.2	813.9229736328125	5392.56201171875	2	y11	noloss	648.3463745117188	11	y	True	132.8400182325571	556.4435716611339	132.9728546142578	557
A	LFQ_timsTOFPro_diaPASEF_Condition_A_Sample_Alpha_01	NA	1	human_yeast_ecoli_uniport_reviewed_2023_8_30	UBA6	A0AVT1	A0AVT1	UBA6_HUMAN	0	4687.048828125	SFPAAIEHTIQWAR	SFPAAIEHTIQWAR	5392.56201171875	67.17523956298828	directDIA™	_SFPAAIEHTIQWAR_	_SFPAAIEHTIQWAR_.2	4.712998515222248E-10	2	_SFPAAIEHTIQWAR_.2	813.9229736328125	5392.56201171875	1	y7	noloss	911.484619140625	7	y	False	686.4926643122061	2901.0989804379406	687.1791381835938	2904
A	LFQ_timsTOFPro_diaPASEF_Condition_A_Sample_Alpha_01	NA	1	human_yeast_ecoli_uniport_reviewed_2023_8_30	UBA6	A0AVT1	A0AVT1	UBA6_HUMAN	0	4687.048828125	SFPAAIEHTIQWAR	SFPAAIEHTIQWAR	5392.56201171875	67.17523956298828	directDIA™	_SFPAAIEHTIQWAR_	_SFPAAIEHTIQWAR_.2	4.712998515222248E-10	2	_SFPAAIEHTIQWAR_.2	813.9229736328125	5392.56201171875	1	y9	noloss	1153.611328125	9	y	True	265.1526097758026	1015.9840437690722	265.4177551269531	1017
A	LFQ_timsTOFPro_diaPASEF_Condition_A_Sample_Alpha_01	NA	1	human_yeast_ecoli_uniport_reviewed_2023_8_30	UBA6	A0AVT1	A0AVT1	UBA6_HUMAN	0	4687.048828125	SFPAAIEHTIQWAR	SFPAAIEHTIQWAR	5392.56201171875	67.17523956298828	directDIA™	_SFPAAIEHTIQWAR_	_SFPAAIEHTIQWAR_.2	4.712998515222248E-10	2	_SFPAAIEHTIQWAR_.2	813.9229736328125	5392.56201171875	1	y6	noloss	774.4257202148438	6	y	True	457.58527393227735	2084.9151419331893	458.0428466796875	2087
A	LFQ_timsTOFPro_diaPASEF_Condition_A_Sample_Alpha_01	NA	1	human_yeast_ecoli_uniport_reviewed_2023_8_30	UBA6	A0AVT1	A0AVT1	UBA6_HUMAN	0	4687.048828125	YGIEPTMVVQGVK	YGIEPTMVVQGVK	4589.52783203125	50.20785903930664	directDIA™	_YGIEPTMVVQGVK_	_YGIEPTMVVQGVK_.2	4.74875510248876E-10	2	_YGIEPTMVVQGVK_.2	710.8788452148438	4589.52783203125	1	y9	noloss	958.5390014648438	9	y	False	2836.352388177915	9943.04943493972	2904.515380859375	10182
A	LFQ_timsTOFPro_diaPASEF_Condition_A_Sample_Alpha_01	NA	1	human_yeast_ecoli_uniport_reviewed_2023_8_30	UBA6	A0AVT1	A0AVT1	UBA6_HUMAN	0	4687.048828125	YGIEPTMVVQGVK	YGIEPTMVVQGVK	4589.52783203125	50.20785903930664	directDIA™	_YGIEPTMVVQGVK_	_YGIEPTMVVQGVK_.2	4.74875510248876E-10	2	_YGIEPTMVVQGVK_.2	710.8788452148438	4589.52783203125	1	y10	noloss	1087.5816650390625	10	y	False	597.0581028244934	2126.8868266842182	611.4065551757812	2178
A	LFQ_timsTOFPro_diaPASEF_Condition_A_Sample_Alpha_01	NA	1	human_yeast_ecoli_uniport_reviewed_2023_8_30	UBA6	A0AVT1	A0AVT1	UBA6_HUMAN	0	4687.048828125	YGIEPTMVVQGVK	YGIEPTMVVQGVK	4589.52783203125	50.20785903930664	directDIA™	_YGIEPTMVVQGVK_	_YGIEPTMVVQGVK_.2	4.74875510248876E-10	2	_YGIEPTMVVQGVK_.2	710.8788452148438	4589.52783203125	1	b3	noloss	334.1761474609375	3	b	True	878.8835030191185	3069.240264586087	900.0047607421875	3143
A	LFQ_timsTOFPro_diaPASEF_Condition_A_Sample_Alpha_01	NA	1	human_yeast_ecoli_uniport_reviewed_2023_8_30	UBA6	A0AVT1	A0AVT1	UBA6_HUMAN	0	4687.048828125	YGIEPTMVVQGVK	YGIEPTMVVQGVK	4589.52783203125	50.20785903930664	directDIA™	_YGIEPTMVVQGVK_	_YGIEPTMVVQGVK_.2	4.74875510248876E-10	2	_YGIEPTMVVQGVK_.2	710.8788452148438	4589.52783203125	1	y8	noloss	861.4862670898438	8	y	True	527.3978821006943	2079.036755744123	540.072265625	2129
A	LFQ_timsTOFPro_diaPASEF_Condition_A_Sample_Alpha_01	NA	1	human_yeast_ecoli_uniport_reviewed_2023_8_30	UBA6	A0AVT1	A0AVT1	UBA6_HUMAN	0	4687.048828125	YGIEPTMVVQGVK	YGIEPTMVVQGVK	4589.52783203125	50.20785903930664	directDIA™	_YGIEPTMVVQGVK_	_YGIEPTMVVQGVK_.2	4.74875510248876E-10	2	_YGIEPTMVVQGVK_.2	710.8788452148438	4589.52783203125	1	b4	noloss	463.2187194824219	4	b	False	741.8626562943595	2871.9807884656957	759.6910400390625	2941
A	LFQ_timsTOFPro_diaPASEF_Condition_A_Sample_Alpha_01	NA	1	human_yeast_ecoli_uniport_reviewed_2023_8_30	UBA6	A0AVT1	A0AVT1	UBA6_HUMAN	0	4687.048828125	YGIEPTMVVQGVK	YGIEPTMVVQGVK	4589.52783203125	50.20785903930664	directDIA™	_YGIEPTMVVQGVK_	_YGIEPTMVVQGVK_.2	4.74875510248876E-10	2	_YGIEPTMVVQGVK_.2	710.8788452148438	4589.52783203125	1	y5	noloss	530.3296508789062	5	y	False	414.2551038499329	2019.468300084005	424.21044921875	2068
A	LFQ_timsTOFPro_diaPASEF_Condition_A_Sample_Alpha_01	NA	1	human_yeast_ecoli_uniport_reviewed_2023_8_30	UBA6	A0AVT1	A0AVT1	UBA6_HUMAN	0	4687.048828125	QDVIITALDNVEAR	QDVIITALDNVEAR	3985.648193359375	76.25983428955078	directDIA™	_QDVIITALDNVEAR_	_QDVIITALDNVEAR_.2	6.867072816429904E-13	2	_QDVIITALDNVEAR_.2	778.9175415039062	3985.648193359375	1	y9	noloss	988.5057983398438	9	y	False	1959.643638126593	5605.4544114252	2096.1767578125	5996
A	LFQ_timsTOFPro_diaPASEF_Condition_A_Sample_Alpha_01	NA	1	human_yeast_ecoli_uniport_reviewed_2023_8_30	UBA6	A0AVT1	A0AVT1	UBA6_HUMAN	0	4687.048828125	QDVIITALDNVEAR	QDVIITALDNVEAR	3985.648193359375	76.25983428955078	directDIA™	_QDVIITALDNVEAR_	_QDVIITALDNVEAR_.2	6.867072816429904E-13	2	_QDVIITALDNVEAR_.2	778.9175415039062	3985.648193359375	1	y10	noloss	1101.58984375	10	y	False	1038.172864287951	2906.497292381746	1110.5048828125	3109
A	LFQ_timsTOFPro_diaPASEF_Condition_A_Sample_Alpha_01	NA	1	human_yeast_ecoli_uniport_reviewed_2023_8_30	UBA6	A0AVT1	A0AVT1	UBA6_HUMAN	0	4687.048828125	QDVIITALDNVEAR	QDVIITALDNVEAR	3985.648193359375	76.25983428955078	directDIA™	_QDVIITALDNVEAR_	_QDVIITALDNVEAR_.2	6.867072816429904E-13	2	_QDVIITALDNVEAR_.2	778.9175415039062	3985.648193359375	1	b3	noloss	343.1612243652344	3	b	True	1274.2020182800318	4050.7728426793515	1362.978759765625	4333
A	LFQ_timsTOFPro_diaPASEF_Condition_A_Sample_Alpha_01	NA	1	human_yeast_ecoli_uniport_reviewed_2023_8_30	UBA6	A0AVT1	A0AVT1	UBA6_HUMAN	0	4687.048828125	QDVIITALDNVEAR	QDVIITALDNVEAR	3985.648193359375	76.25983428955078	directDIA™	_QDVIITALDNVEAR_	_QDVIITALDNVEAR_.2	6.867072816429904E-13	2	_QDVIITALDNVEAR_.2	778.9175415039062	3985.648193359375	1	y8	noloss	887.4581298828125	8	y	False	987.8318556440381	2866.2980696180225	1056.656494140625	3066
A	LFQ_timsTOFPro_diaPASEF_Condition_A_Sample_Alpha_01	NA	1	human_yeast_ecoli_uniport_reviewed_2023_8_30	UBA6	A0AVT1	A0AVT1	UBA6_HUMAN	0	4687.048828125	QDVIITALDNVEAR	QDVIITALDNVEAR	3985.648193359375	76.25983428955078	directDIA™	_QDVIITALDNVEAR_	_QDVIITALDNVEAR_.2	6.867072816429904E-13	2	_QDVIITALDNVEAR_.2	778.9175415039062	3985.648193359375	1	b4	noloss	456.2452697753906	4	b	True	1021.7577099661523	2946.6965151454688	1092.946044921875	3152
A	LFQ_timsTOFPro_diaPASEF_Condition_A_Sample_Alpha_01	NA	1	human_yeast_ecoli_uniport_reviewed_2023_8_30	UBA6	A0AVT1	A0AVT1	UBA6_HUMAN	0	4687.048828125	QDVIITALDNVEAR	QDVIITALDNVEAR	3985.648193359375	76.25983428955078	directDIA™	_QDVIITALDNVEAR_	_QDVIITALDNVEAR_.2	6.867072816429904E-13	2	_QDVIITALDNVEAR_.2	778.9175415039062	3985.648193359375	1	y7	noloss	816.4210205078125	7	y	True	987.2885334590985	3084.121765058662	1056.0753173828125	3299
A	LFQ_timsTOFPro_diaPASEF_Condition_A_Sample_Alpha_01	NA	1	human_yeast_ecoli_uniport_reviewed_2023_8_30	UBA6	A0AVT1	A0AVT1	UBA6_HUMAN	0	4687.048828125	CLANLRPLLDSGTMGTK	CLANLRPLLDSGTMGTK	1875.75048828125	54.491634368896484	directDIA™	_C[Carbamidomethyl (C)]LANLRPLLDSGTMGTK_	_C[Carbamidomethyl (C)]LANLRPLLDSGTMGTK_.3	7.17745592569947E-14	3	_C[Carbamidomethyl (C)]LANLRPLLDSGTMGTK_.3	616.3219604492188	3360.834716796875	2	y15	noloss	787.4219360351562	15	y	False	2518.435768209622	10848.110842299726	2512.3740234375	10822
A	LFQ_timsTOFPro_diaPASEF_Condition_A_Sample_Alpha_01	NA	1	human_yeast_ecoli_uniport_reviewed_2023_8_30	UBA6	A0AVT1	A0AVT1	UBA6_HUMAN	0	4687.048828125	CLANLRPLLDSGTMGTK	CLANLRPLLDSGTMGTK	1875.75048828125	54.491634368896484	directDIA™	_C[Carbamidomethyl (C)]LANLRPLLDSGTMGTK_	_C[Carbamidomethyl (C)]LANLRPLLDSGTMGTK_.3	7.17745592569947E-14	3	_C[Carbamidomethyl (C)]LANLRPLLDSGTMGTK_.3	616.3219604492188	3360.834716796875	1	y8	noloss	796.3505249023438	8	y	False	314.71670484590084	1186.856702761308	313.9591979980469	1184
A	LFQ_timsTOFPro_diaPASEF_Condition_A_Sample_Alpha_01	NA	1	human_yeast_ecoli_uniport_reviewed_2023_8_30	UBA6	A0AVT1	A0AVT1	UBA6_HUMAN	0	4687.048828125	CLANLRPLLDSGTMGTK	CLANLRPLLDSGTMGTK	1875.75048828125	54.491634368896484	directDIA™	_C[Carbamidomethyl (C)]LANLRPLLDSGTMGTK_	_C[Carbamidomethyl (C)]LANLRPLLDSGTMGTK_.3	7.17745592569947E-14	3	_C[Carbamidomethyl (C)]LANLRPLLDSGTMGTK_.3	616.3219604492188	3360.834716796875	2	y14	noloss	751.9033813476562	14	y	False	527.6821520155855	3009.243092643114	526.4120483398438	3002
A	LFQ_timsTOFPro_diaPASEF_Condition_A_Sample_Alpha_01	NA	1	human_yeast_ecoli_uniport_reviewed_2023_8_30	UBA6	A0AVT1	A0AVT1	UBA6_HUMAN	0	4687.048828125	CLANLRPLLDSGTMGTK	CLANLRPLLDSGTMGTK	1875.75048828125	54.491634368896484	directDIA™	_C[Carbamidomethyl (C)]LANLRPLLDSGTMGTK_	_C[Carbamidomethyl (C)]LANLRPLLDSGTMGTK_.3	7.17745592569947E-14	3	_C[Carbamidomethyl (C)]LANLRPLLDSGTMGTK_.3	616.3219604492188	3360.834716796875	2	y16	noloss	843.9639892578125	16	y	True	291.0373955186823	1357.266871232104	290.3368835449219	1354
A	LFQ_timsTOFPro_diaPASEF_Condition_A_Sample_Alpha_01	NA	1	human_yeast_ecoli_uniport_reviewed_2023_8_30	UBA6	A0AVT1	A0AVT1	UBA6_HUMAN	0	4687.048828125	CLANLRPLLDSGTMGTK	CLANLRPLLDSGTMGTK	1875.75048828125	54.491634368896484	directDIA™	_C[Carbamidomethyl (C)]LANLRPLLDSGTMGTK_	_C[Carbamidomethyl (C)]LANLRPLLDSGTMGTK_.3	7.17745592569947E-14	3	_C[Carbamidomethyl (C)]LANLRPLLDSGTMGTK_.3	616.3219604492188	3360.834716796875	2	y15	NH3	778.90869140625	15	y	True	121.25091298112119	486.17018651962366	120.95906829833984	485
A	LFQ_timsTOFPro_diaPASEF_Condition_A_Sample_Alpha_01	NA	1	human_yeast_ecoli_uniport_reviewed_2023_8_30	UBA6	A0AVT1	A0AVT1	UBA6_HUMAN	0	4687.048828125	CLANLRPLLDSGTMGTK	CLANLRPLLDSGTMGTK	1875.75048828125	54.491634368896484	directDIA™	_C[Carbamidomethyl (C)]LANLRPLLDSGTMGTK_	_C[Carbamidomethyl (C)]LANLRPLLDSGTMGTK_.3	7.17745592569947E-14	3	_C[Carbamidomethyl (C)]LANLRPLLDSGTMGTK_.3	616.3219604492188	3360.834716796875	2	y15	H2O	778.4166870117188	15	y	True	118.1436949932604	622.4983212962604	117.85932922363281	621
A	LFQ_timsTOFPro_diaPASEF_Condition_A_Sample_Alpha_01	NA	1	human_yeast_ecoli_uniport_reviewed_2023_8_30	UBA6	A0AVT1	A0AVT1	UBA6_HUMAN	0	4687.048828125	CLANLRPLLDSGTMGTK	CLANLRPLLDSGTMGTK	1875.75048828125	54.491634368896484	directDIA™	_C[Carbamidomethyl (C)]LANLRPLLDSGTMGTK_	_C[Carbamidomethyl (C)]LANLRPLLDSGTMGTK_.2	1.4076700944274707E-05	2	_C[Carbamidomethyl (C)]LANLRPLLDSGTMGTK_.2	923.9793090820312	390.6663818359375	1	y7	noloss	681.3236083984375	7	y	False	229.02513312131953	775.8052611669818	228.49220275878906	774
A	LFQ_timsTOFPro_diaPASEF_Condition_A_Sample_Alpha_01	NA	1	human_yeast_ecoli_uniport_reviewed_2023_8_30	UBA6	A0AVT1	A0AVT1	UBA6_HUMAN	0	4687.048828125	CLANLRPLLDSGTMGTK	CLANLRPLLDSGTMGTK	1875.75048828125	54.491634368896484	directDIA™	_C[Carbamidomethyl (C)]LANLRPLLDSGTMGTK_	_C[Carbamidomethyl (C)]LANLRPLLDSGTMGTK_.2	1.4076700944274707E-05	2	_C[Carbamidomethyl (C)]LANLRPLLDSGTMGTK_.2	923.9793090820312	390.6663818359375	1	b10	noloss	1166.635009765625	10	b	False	42.262286532745456	371.86531252319156	42.163944244384766	371
A	LFQ_timsTOFPro_diaPASEF_Condition_A_Sample_Alpha_01	NA	1	human_yeast_ecoli_uniport_reviewed_2023_8_30	UBA6	A0AVT1	A0AVT1	UBA6_HUMAN	0	4687.048828125	CLANLRPLLDSGTMGTK	CLANLRPLLDSGTMGTK	1875.75048828125	54.491634368896484	directDIA™	_C[Carbamidomethyl (C)]LANLRPLLDSGTMGTK_	_C[Carbamidomethyl (C)]LANLRPLLDSGTMGTK_.2	1.4076700944274707E-05	2	_C[Carbamidomethyl (C)]LANLRPLLDSGTMGTK_.2	923.9793090820312	390.6663818359375	1	y4	noloss	436.2224426269531	4	y	True	713.8517722350352	3527.207640887092	712.190673828125	3519
A	LFQ_timsTOFPro_diaPASEF_Condition_A_Sample_Alpha_01	NA	1	human_yeast_ecoli_uniport_reviewed_2023_8_30	UBA6	A0AVT1	A0AVT1	UBA6_HUMAN	0	4687.048828125	CLANLRPLLDSGTMGTK	CLANLRPLLDSGTMGTK	1875.75048828125	54.491634368896484	directDIA™	_C[Carbamidomethyl (C)]LANLRPLLDSGTMGTK_	_C[Carbamidomethyl (C)]LANLRPLLDSGTMGTK_.2	1.4076700944274707E-05	2	_C[Carbamidomethyl (C)]LANLRPLLDSGTMGTK_.2	923.9793090820312	390.6663818359375	1	y3	noloss	305.18194580078125	3	y	True	23.090043420327834	201.4688081325108	23.036314010620117	201
A	LFQ_timsTOFPro_diaPASEF_Condition_A_Sample_Alpha_01	NA	1	human_yeast_ecoli_uniport_reviewed_2023_8_30	UBA6	A0AVT1	A0AVT1	UBA6_HUMAN	0	4687.048828125	CLANLRPLLDSGTMGTK	CLANLRPLLDSGTMGTK	1875.75048828125	54.491634368896484	directDIA™	_C[Carbamidomethyl (C)]LANLRPLLDSGTMGTK_	_C[Carbamidomethyl (C)]LANLRPLLDSGTMGTK_.2	1.4076700944274707E-05	2	_C[Carbamidomethyl (C)]LANLRPLLDSGTMGTK_.2	923.9793090820312	390.6663818359375	1	y8	noloss	796.3505249023438	8	y	True	33.41177391197321	248.57842993464018	33.33402633666992	248
A	LFQ_timsTOFPro_diaPASEF_Condition_A_Sample_Alpha_01	NA	1	human_yeast_ecoli_uniport_reviewed_2023_8_30	UBA6	A0AVT1	A0AVT1	UBA6_HUMAN	0	4687.048828125	CLANLRPLLDSGTMGTK	CLANLRPLLDSGTMGTK	1875.75048828125	54.491634368896484	directDIA™	_C[Carbamidomethyl (C)]LANLRPLLDSGTMGTK_	_C[Carbamidomethyl (C)]LANLRPLLDSGTMGTK_.2	1.4076700944274707E-05	2	_C[Carbamidomethyl (C)]LANLRPLLDSGTMGTK_.2	923.9793090820312	390.6663818359375	1	b6	noloss	728.38720703125	6	b	False	119.37897009623678	419.97726670408963	119.10118103027344	419
A	LFQ_timsTOFPro_diaPASEF_Condition_A_Sample_Alpha_01	NA	1	human_yeast_ecoli_uniport_reviewed_2023_8_30	UBA6	A0AVT1	A0AVT1	UBA6_HUMAN	0	4687.048828125	ALQLLHCFPLDIR	ALQLLHCFPLDIR	2041.5419921875	87.25040435791016	directDIA™	_ALQLLHC[Carbamidomethyl (C)]FPLDIR_	_ALQLLHC[Carbamidomethyl (C)]FPLDIR_.3	1.2259632232440365E-11	3	_ALQLLHC[Carbamidomethyl (C)]FPLDIR_.3	532.6290893554688	2658.886962890625	2	y11	noloss	706.37939453125	11	y	True	223.33566160122888	779.0459442708543	224.18252563476562	782
A	LFQ_timsTOFPro_diaPASEF_Condition_A_Sample_Alpha_01	NA	1	human_yeast_ecoli_uniport_reviewed_2023_8_30	UBA6	A0AVT1	A0AVT1	UBA6_HUMAN	0	4687.048828125	ALQLLHCFPLDIR	ALQLLHCFPLDIR	2041.5419921875	87.25040435791016	directDIA™	_ALQLLHC[Carbamidomethyl (C)]FPLDIR_	_ALQLLHC[Carbamidomethyl (C)]FPLDIR_.3	1.2259632232440365E-11	3	_ALQLLHC[Carbamidomethyl (C)]FPLDIR_.3	532.6290893554688	2658.886962890625	2	y11	NH3	697.8660888671875	11	y	False	482.8381377352002	1521.2316584419368	484.66900634765625	1527
A	LFQ_timsTOFPro_diaPASEF_Condition_A_Sample_Alpha_01	NA	1	human_yeast_ecoli_uniport_reviewed_2023_8_30	UBA6	A0AVT1	A0AVT1	UBA6_HUMAN	0	4687.048828125	ALQLLHCFPLDIR	ALQLLHCFPLDIR	2041.5419921875	87.25040435791016	directDIA™	_ALQLLHC[Carbamidomethyl (C)]FPLDIR_	_ALQLLHC[Carbamidomethyl (C)]FPLDIR_.3	1.2259632232440365E-11	3	_ALQLLHC[Carbamidomethyl (C)]FPLDIR_.3	532.6290893554688	2658.886962890625	1	y5	noloss	613.3667602539062	5	y	False	1601.3885279217625	4535.800747142199	1607.4608154296875	4553
A	LFQ_timsTOFPro_diaPASEF_Condition_A_Sample_Alpha_01	NA	1	human_yeast_ecoli_uniport_reviewed_2023_8_30	UBA6	A0AVT1	A0AVT1	UBA6_HUMAN	0	4687.048828125	ALQLLHCFPLDIR	ALQLLHCFPLDIR	2041.5419921875	87.25040435791016	directDIA™	_ALQLLHC[Carbamidomethyl (C)]FPLDIR_	_ALQLLHC[Carbamidomethyl (C)]FPLDIR_.3	1.2259632232440365E-11	3	_ALQLLHC[Carbamidomethyl (C)]FPLDIR_.3	532.6290893554688	2658.886962890625	2	y10	noloss	642.35009765625	10	y	True	211.9086850312478	776.0572769654674	212.71221923828125	779
A	LFQ_timsTOFPro_diaPASEF_Condition_A_Sample_Alpha_01	NA	1	human_yeast_ecoli_uniport_reviewed_2023_8_30	UBA6	A0AVT1	A0AVT1	UBA6_HUMAN	0	4687.048828125	ALQLLHCFPLDIR	ALQLLHCFPLDIR	2041.5419921875	87.25040435791016	directDIA™	_ALQLLHC[Carbamidomethyl (C)]FPLDIR_	_ALQLLHC[Carbamidomethyl (C)]FPLDIR_.3	1.2259632232440365E-11	3	_ALQLLHC[Carbamidomethyl (C)]FPLDIR_.3	532.6290893554688	2658.886962890625	2	y12	noloss	762.92138671875	12	y	True	36.75311901069828	292.88939592791706	36.89248275756836	294
A	LFQ_timsTOFPro_diaPASEF_Condition_A_Sample_Alpha_01	NA	1	human_yeast_ecoli_uniport_reviewed_2023_8_30	UBA6	A0AVT1	A0AVT1	UBA6_HUMAN	0	4687.048828125	ALQLLHCFPLDIR	ALQLLHCFPLDIR	2041.5419921875	87.25040435791016	directDIA™	_ALQLLHC[Carbamidomethyl (C)]FPLDIR_	_ALQLLHC[Carbamidomethyl (C)]FPLDIR_.3	1.2259632232440365E-11	3	_ALQLLHC[Carbamidomethyl (C)]FPLDIR_.3	532.6290893554688	2658.886962890625	2	y8	noloss	529.2659912109375	8	y	False	574.6602465787115	1688.5970275436036	576.8392944335938	1695
A	LFQ_timsTOFPro_diaPASEF_Condition_A_Sample_Alpha_01	NA	1	human_yeast_ecoli_uniport_reviewed_2023_8_30	UBA6	A0AVT1	A0AVT1	UBA6_HUMAN	0	4687.048828125	ALQLLHCFPLDIR	ALQLLHCFPLDIR	2041.5419921875	87.25040435791016	directDIA™	_ALQLLHC[Carbamidomethyl (C)]FPLDIR_	_ALQLLHC[Carbamidomethyl (C)]FPLDIR_.2	3.253044047780816E-14	2	_ALQLLHC[Carbamidomethyl (C)]FPLDIR_.2	798.43994140625	1424.1968994140625	1	b11	noloss	1308.6768798828125	11	b	True	116.77813525330845	406.7056905703061	117.14977264404297	408
A	LFQ_timsTOFPro_diaPASEF_Condition_A_Sample_Alpha_01	NA	1	human_yeast_ecoli_uniport_reviewed_2023_8_30	UBA6	A0AVT1	A0AVT1	UBA6_HUMAN	0	4687.048828125	ALQLLHCFPLDIR	ALQLLHCFPLDIR	2041.5419921875	87.25040435791016	directDIA™	_ALQLLHC[Carbamidomethyl (C)]FPLDIR_	_ALQLLHC[Carbamidomethyl (C)]FPLDIR_.2	3.253044047780816E-14	2	_ALQLLHC[Carbamidomethyl (C)]FPLDIR_.2	798.43994140625	1424.1968994140625	1	y8	noloss	1057.5247802734375	8	y	False	521.1216000773294	1748.4357383831295	522.780029296875	1754
A	LFQ_timsTOFPro_diaPASEF_Condition_A_Sample_Alpha_01	NA	1	human_yeast_ecoli_uniport_reviewed_2023_8_30	UBA6	A0AVT1	A0AVT1	UBA6_HUMAN	0	4687.048828125	ALQLLHCFPLDIR	ALQLLHCFPLDIR	2041.5419921875	87.25040435791016	directDIA™	_ALQLLHC[Carbamidomethyl (C)]FPLDIR_	_ALQLLHC[Carbamidomethyl (C)]FPLDIR_.2	3.253044047780816E-14	2	_ALQLLHC[Carbamidomethyl (C)]FPLDIR_.2	798.43994140625	1424.1968994140625	1	y7	noloss	920.4658203125	7	y	False	489.5097694240673	1711.5531144833715	491.0675964355469	1717
A	LFQ_timsTOFPro_diaPASEF_Condition_A_Sample_Alpha_01	NA	1	human_yeast_ecoli_uniport_reviewed_2023_8_30	UBA6	A0AVT1	A0AVT1	UBA6_HUMAN	0	4687.048828125	ALQLLHCFPLDIR	ALQLLHCFPLDIR	2041.5419921875	87.25040435791016	directDIA™	_ALQLLHC[Carbamidomethyl (C)]FPLDIR_	_ALQLLHC[Carbamidomethyl (C)]FPLDIR_.2	3.253044047780816E-14	2	_ALQLLHC[Carbamidomethyl (C)]FPLDIR_.2	798.43994140625	1424.1968994140625	1	b3	noloss	313.1870422363281	3	b	True	403.33327482941905	1430.4477107068365	404.6168518066406	1435
A	LFQ_timsTOFPro_diaPASEF_Condition_A_Sample_Alpha_01	NA	1	human_yeast_ecoli_uniport_reviewed_2023_8_30	UBA6	A0AVT1	A0AVT1	UBA6_HUMAN	0	4687.048828125	ALQLLHCFPLDIR	ALQLLHCFPLDIR	2041.5419921875	87.25040435791016	directDIA™	_ALQLLHC[Carbamidomethyl (C)]FPLDIR_	_ALQLLHC[Carbamidomethyl (C)]FPLDIR_.2	3.253044047780816E-14	2	_ALQLLHC[Carbamidomethyl (C)]FPLDIR_.2	798.43994140625	1424.1968994140625	1	b4	noloss	426.2710876464844	4	b	False	413.5654821282563	1211.1456226542202	414.8816223144531	1215
A	LFQ_timsTOFPro_diaPASEF_Condition_A_Sample_Alpha_01	NA	1	human_yeast_ecoli_uniport_reviewed_2023_8_30	UBA6	A0AVT1	A0AVT1	UBA6_HUMAN	0	4687.048828125	ALQLLHCFPLDIR	ALQLLHCFPLDIR	2041.5419921875	87.25040435791016	directDIA™	_ALQLLHC[Carbamidomethyl (C)]FPLDIR_	_ALQLLHC[Carbamidomethyl (C)]FPLDIR_.2	3.253044047780816E-14	2	_ALQLLHC[Carbamidomethyl (C)]FPLDIR_.2	798.43994140625	1424.1968994140625	1	y5	noloss	613.3667602539062	5	y	True	390.86669266022926	1102.4914063008787	392.110595703125	1106
A	LFQ_timsTOFPro_diaPASEF_Condition_A_Sample_Alpha_01	NA	1	human_yeast_ecoli_uniport_reviewed_2023_8_30	UBA6	A0AVT1	A0AVT1	UBA6_HUMAN	0	4687.048828125	VCPTTETIYNDEFYTK	VCPTTETIYNDEFYTK	3500.720703125	43.571014404296875	directDIA™	_VC[Carbamidomethyl (C)]PTTETIYNDEFYTK_	_VC[Carbamidomethyl (C)]PTTETIYNDEFYTK_.2	6.593630778378055E-06	2	_VC[Carbamidomethyl (C)]PTTETIYNDEFYTK_.2	990.9484252929688	3500.720703125	2	y14	noloss	861.3988647460938	14	y	False	2236.694018803375	7023.570160790939	2284.28076171875	7173
A	LFQ_timsTOFPro_diaPASEF_Condition_A_Sample_Alpha_01	NA	1	human_yeast_ecoli_uniport_reviewed_2023_8_30	UBA6	A0AVT1	A0AVT1	UBA6_HUMAN	0	4687.048828125	VCPTTETIYNDEFYTK	VCPTTETIYNDEFYTK	3500.720703125	43.571014404296875	directDIA™	_VC[Carbamidomethyl (C)]PTTETIYNDEFYTK_	_VC[Carbamidomethyl (C)]PTTETIYNDEFYTK_.2	6.593630778378055E-06	2	_VC[Carbamidomethyl (C)]PTTETIYNDEFYTK_.2	990.9484252929688	3500.720703125	1	y10	noloss	1293.5997314453125	10	y	False	101.60099366695434	404.39627441888433	103.76260375976562	413
A	LFQ_timsTOFPro_diaPASEF_Condition_A_Sample_Alpha_01	NA	1	human_yeast_ecoli_uniport_reviewed_2023_8_30	UBA6	A0AVT1	A0AVT1	UBA6_HUMAN	0	4687.048828125	VCPTTETIYNDEFYTK	VCPTTETIYNDEFYTK	3500.720703125	43.571014404296875	directDIA™	_VC[Carbamidomethyl (C)]PTTETIYNDEFYTK_	_VC[Carbamidomethyl (C)]PTTETIYNDEFYTK_.2	6.593630778378055E-06	2	_VC[Carbamidomethyl (C)]PTTETIYNDEFYTK_.2	990.9484252929688	3500.720703125	1	y8	noloss	1079.468017578125	8	y	False	562.4243487515882	1970.0854821568894	574.3901977539062	2012
A	LFQ_timsTOFPro_diaPASEF_Condition_A_Sample_Alpha_01	NA	1	human_yeast_ecoli_uniport_reviewed_2023_8_30	UBA6	A0AVT1	A0AVT1	UBA6_HUMAN	0	4687.048828125	VCPTTETIYNDEFYTK	VCPTTETIYNDEFYTK	3500.720703125	43.571014404296875	directDIA™	_VC[Carbamidomethyl (C)]PTTETIYNDEFYTK_	_VC[Carbamidomethyl (C)]PTTETIYNDEFYTK_.2	6.593630778378055E-06	2	_VC[Carbamidomethyl (C)]PTTETIYNDEFYTK_.2	990.9484252929688	3500.720703125	1	y14	noloss	1721.79052734375	14	y	True	1	1	0.7335052490234375	0.9770846366882324
A	LFQ_timsTOFPro_diaPASEF_Condition_A_Sample_Alpha_01	NA	1	human_yeast_ecoli_uniport_reviewed_2023_8_30	UBA6	A0AVT1	A0AVT1	UBA6_HUMAN	0	4687.048828125	VCPTTETIYNDEFYTK	VCPTTETIYNDEFYTK	3500.720703125	43.571014404296875	directDIA™	_VC[Carbamidomethyl (C)]PTTETIYNDEFYTK_	_VC[Carbamidomethyl (C)]PTTETIYNDEFYTK_.2	6.593630778378055E-06	2	_VC[Carbamidomethyl (C)]PTTETIYNDEFYTK_.2	990.9484252929688	3500.720703125	2	y15	noloss	941.4141845703125	15	y	False	290.00756170047543	1066.3136630560898	296.1776123046875	1089
A	LFQ_timsTOFPro_diaPASEF_Condition_A_Sample_Alpha_01	NA	1	human_yeast_ecoli_uniport_reviewed_2023_8_30	UBA6	A0AVT1	A0AVT1	UBA6_HUMAN	0	4687.048828125	VCPTTETIYNDEFYTK	VCPTTETIYNDEFYTK	3500.720703125	43.571014404296875	directDIA™	_VC[Carbamidomethyl (C)]PTTETIYNDEFYTK_	_VC[Carbamidomethyl (C)]PTTETIYNDEFYTK_.2	6.593630778378055E-06	2	_VC[Carbamidomethyl (C)]PTTETIYNDEFYTK_.2	990.9484252929688	3500.720703125	2	y14	H2O	852.3936157226562	14	y	False	309.9937234331709	1348.3139706411714	316.5889892578125	1377
A	LFQ_timsTOFPro_diaPASEF_Condition_A_Sample_Alpha_01	NA	1	human_yeast_ecoli_uniport_reviewed_2023_8_30	UBA6	A0AVT1	A0AVT1	UBA6_HUMAN	0	4687.048828125	LQNLNIFLVGCGAIGCEMLK	LQNLNIFLVGCGAIGCEMLK	1596.639892578125	115.76612854003906	directDIA™	_LQNLNIFLVGC[Carbamidomethyl (C)]GAIGC[Carbamidomethyl (C)]EMLK_	_LQNLNIFLVGC[Carbamidomethyl (C)]GAIGC[Carbamidomethyl (C)]EMLK_.2	2.722460955006761E-10	2	_LQNLNIFLVGC[Carbamidomethyl (C)]GAIGC[Carbamidomethyl (C)]EMLK_.2	1125.5758056640625	2132.1328125	1	y11	noloss	1195.52685546875	11	y	False	898.3165404344725	2527.443416677621	905.6228637695312	2548
A	LFQ_timsTOFPro_diaPASEF_Condition_A_Sample_Alpha_01	NA	1	human_yeast_ecoli_uniport_reviewed_2023_8_30	UBA6	A0AVT1	A0AVT1	UBA6_HUMAN	0	4687.048828125	LQNLNIFLVGCGAIGCEMLK	LQNLNIFLVGCGAIGCEMLK	1596.639892578125	115.76612854003906	directDIA™	_LQNLNIFLVGC[Carbamidomethyl (C)]GAIGC[Carbamidomethyl (C)]EMLK_	_LQNLNIFLVGC[Carbamidomethyl (C)]GAIGC[Carbamidomethyl (C)]EMLK_.2	2.722460955006761E-10	2	_LQNLNIFLVGC[Carbamidomethyl (C)]GAIGC[Carbamidomethyl (C)]EMLK_.2	1125.5758056640625	2132.1328125	1	y14	noloss	1554.7476806640625	14	y	True	77.86370880849357	531.675695188071	78.49700164794922	536
A	LFQ_timsTOFPro_diaPASEF_Condition_A_Sample_Alpha_01	NA	1	human_yeast_ecoli_uniport_reviewed_2023_8_30	UBA6	A0AVT1	A0AVT1	UBA6_HUMAN	0	4687.048828125	LQNLNIFLVGCGAIGCEMLK	LQNLNIFLVGCGAIGCEMLK	1596.639892578125	115.76612854003906	directDIA™	_LQNLNIFLVGC[Carbamidomethyl (C)]GAIGC[Carbamidomethyl (C)]EMLK_	_LQNLNIFLVGC[Carbamidomethyl (C)]GAIGC[Carbamidomethyl (C)]EMLK_.2	2.722460955006761E-10	2	_LQNLNIFLVGC[Carbamidomethyl (C)]GAIGC[Carbamidomethyl (C)]EMLK_.2	1125.5758056640625	2132.1328125	1	y12	noloss	1294.59521484375	12	y	True	225.7671350422114	974.0774863333689	227.60337829589844	982
A	LFQ_timsTOFPro_diaPASEF_Condition_A_Sample_Alpha_01	NA	1	human_yeast_ecoli_uniport_reviewed_2023_8_30	UBA6	A0AVT1	A0AVT1	UBA6_HUMAN	0	4687.048828125	LQNLNIFLVGCGAIGCEMLK	LQNLNIFLVGCGAIGCEMLK	1596.639892578125	115.76612854003906	directDIA™	_LQNLNIFLVGC[Carbamidomethyl (C)]GAIGC[Carbamidomethyl (C)]EMLK_	_LQNLNIFLVGC[Carbamidomethyl (C)]GAIGC[Carbamidomethyl (C)]EMLK_.2	2.722460955006761E-10	2	_LQNLNIFLVGC[Carbamidomethyl (C)]GAIGC[Carbamidomethyl (C)]EMLK_.2	1125.5758056640625	2132.1328125	1	y13	noloss	1407.6793212890625	13	y	True	83.86677130896499	381.89392284964055	84.54888916015625	385
A	LFQ_timsTOFPro_diaPASEF_Condition_A_Sample_Alpha_01	NA	1	human_yeast_ecoli_uniport_reviewed_2023_8_30	UBA6	A0AVT1	A0AVT1	UBA6_HUMAN	0	4687.048828125	LQNLNIFLVGCGAIGCEMLK	LQNLNIFLVGCGAIGCEMLK	1596.639892578125	115.76612854003906	directDIA™	_LQNLNIFLVGC[Carbamidomethyl (C)]GAIGC[Carbamidomethyl (C)]EMLK_	_LQNLNIFLVGC[Carbamidomethyl (C)]GAIGC[Carbamidomethyl (C)]EMLK_.2	2.722460955006761E-10	2	_LQNLNIFLVGC[Carbamidomethyl (C)]GAIGC[Carbamidomethyl (C)]EMLK_.2	1125.5758056640625	2132.1328125	1	y6	noloss	737.33203125	6	y	False	821.5571236524154	2980.75646276148	828.2391357421875	3005
A	LFQ_timsTOFPro_diaPASEF_Condition_A_Sample_Alpha_01	NA	1	human_yeast_ecoli_uniport_reviewed_2023_8_30	UBA6	A0AVT1	A0AVT1	UBA6_HUMAN	0	4687.048828125	LQNLNIFLVGCGAIGCEMLK	LQNLNIFLVGCGAIGCEMLK	1596.639892578125	115.76612854003906	directDIA™	_LQNLNIFLVGC[Carbamidomethyl (C)]GAIGC[Carbamidomethyl (C)]EMLK_	_LQNLNIFLVGC[Carbamidomethyl (C)]GAIGC[Carbamidomethyl (C)]EMLK_.2	2.722460955006761E-10	2	_LQNLNIFLVGC[Carbamidomethyl (C)]GAIGC[Carbamidomethyl (C)]EMLK_.2	1125.5758056640625	2132.1328125	1	b8	noloss	956.556396484375	8	b	False	412.2591042838995	1407.5518870743895	415.6121520996094	1419
A	LFQ_timsTOFPro_diaPASEF_Condition_A_Sample_Alpha_01	NA	1	human_yeast_ecoli_uniport_reviewed_2023_8_30	UBA6	A0AVT1	A0AVT1	UBA6_HUMAN	0	4687.048828125	LQNLNIFLVGCGAIGCEMLK	LQNLNIFLVGCGAIGCEMLK	1596.639892578125	115.76612854003906	directDIA™	_LQNLNIFLVGC[Carbamidomethyl (C)]GAIGC[Carbamidomethyl (C)]EMLK_	_LQNLNIFLVGC[Carbamidomethyl (C)]GAIGC[Carbamidomethyl (C)]EMLK_.3	5.23417739898387E-15	3	_LQNLNIFLVGC[Carbamidomethyl (C)]GAIGC[Carbamidomethyl (C)]EMLK_.3	750.7196044921875	1061.1470947265625	1	y6	noloss	737.33203125	6	y	False	549.9776911106079	1527.3266927963064	554.18115234375	1539
A	LFQ_timsTOFPro_diaPASEF_Condition_A_Sample_Alpha_01	NA	1	human_yeast_ecoli_uniport_reviewed_2023_8_30	UBA6	A0AVT1	A0AVT1	UBA6_HUMAN	0	4687.048828125	LQNLNIFLVGCGAIGCEMLK	LQNLNIFLVGCGAIGCEMLK	1596.639892578125	115.76612854003906	directDIA™	_LQNLNIFLVGC[Carbamidomethyl (C)]GAIGC[Carbamidomethyl (C)]EMLK_	_LQNLNIFLVGC[Carbamidomethyl (C)]GAIGC[Carbamidomethyl (C)]EMLK_.3	5.23417739898387E-15	3	_LQNLNIFLVGC[Carbamidomethyl (C)]GAIGC[Carbamidomethyl (C)]EMLK_.3	750.7196044921875	1061.1470947265625	1	y7	noloss	850.4161376953125	7	y	False	278.9216171027838	1063.8688854305656	281.05340576171875	1072
A	LFQ_timsTOFPro_diaPASEF_Condition_A_Sample_Alpha_01	NA	1	human_yeast_ecoli_uniport_reviewed_2023_8_30	UBA6	A0AVT1	A0AVT1	UBA6_HUMAN	0	4687.048828125	LQNLNIFLVGCGAIGCEMLK	LQNLNIFLVGCGAIGCEMLK	1596.639892578125	115.76612854003906	directDIA™	_LQNLNIFLVGC[Carbamidomethyl (C)]GAIGC[Carbamidomethyl (C)]EMLK_	_LQNLNIFLVGC[Carbamidomethyl (C)]GAIGC[Carbamidomethyl (C)]EMLK_.3	5.23417739898387E-15	3	_LQNLNIFLVGC[Carbamidomethyl (C)]GAIGC[Carbamidomethyl (C)]EMLK_.3	750.7196044921875	1061.1470947265625	1	b8	noloss	956.556396484375	8	b	True	94.36477928948183	344.3680067578416	95.08600616455078	347
A	LFQ_timsTOFPro_diaPASEF_Condition_A_Sample_Alpha_01	NA	1	human_yeast_ecoli_uniport_reviewed_2023_8_30	UBA6	A0AVT1	A0AVT1	UBA6_HUMAN	0	4687.048828125	LQNLNIFLVGCGAIGCEMLK	LQNLNIFLVGCGAIGCEMLK	1596.639892578125	115.76612854003906	directDIA™	_LQNLNIFLVGC[Carbamidomethyl (C)]GAIGC[Carbamidomethyl (C)]EMLK_	_LQNLNIFLVGC[Carbamidomethyl (C)]GAIGC[Carbamidomethyl (C)]EMLK_.3	5.23417739898387E-15	3	_LQNLNIFLVGC[Carbamidomethyl (C)]GAIGC[Carbamidomethyl (C)]EMLK_.3	750.7196044921875	1061.1470947265625	1	y8	noloss	921.4532470703125	8	y	True	510.4652909830729	4841.000394711099	514.3667602539062	4878
A	LFQ_timsTOFPro_diaPASEF_Condition_A_Sample_Alpha_01	NA	1	human_yeast_ecoli_uniport_reviewed_2023_8_30	UBA6	A0AVT1	A0AVT1	UBA6_HUMAN	0	4687.048828125	LQNLNIFLVGCGAIGCEMLK	LQNLNIFLVGCGAIGCEMLK	1596.639892578125	115.76612854003906	directDIA™	_LQNLNIFLVGC[Carbamidomethyl (C)]GAIGC[Carbamidomethyl (C)]EMLK_	_LQNLNIFLVGC[Carbamidomethyl (C)]GAIGC[Carbamidomethyl (C)]EMLK_.3	5.23417739898387E-15	3	_LQNLNIFLVGC[Carbamidomethyl (C)]GAIGC[Carbamidomethyl (C)]EMLK_.3	750.7196044921875	1061.1470947265625	1	b8	NH3	939.5298461914062	8	b	True	92.13500285426409	314.5955566058669	92.83918762207031	317
A	LFQ_timsTOFPro_diaPASEF_Condition_A_Sample_Alpha_01	NA	1	human_yeast_ecoli_uniport_reviewed_2023_8_30	UBA6	A0AVT1	A0AVT1	UBA6_HUMAN	0	4687.048828125	LQNLNIFLVGCGAIGCEMLK	LQNLNIFLVGCGAIGCEMLK	1596.639892578125	115.76612854003906	directDIA™	_LQNLNIFLVGC[Carbamidomethyl (C)]GAIGC[Carbamidomethyl (C)]EMLK_	_LQNLNIFLVGC[Carbamidomethyl (C)]GAIGC[Carbamidomethyl (C)]EMLK_.3	5.23417739898387E-15	3	_LQNLNIFLVGC[Carbamidomethyl (C)]GAIGC[Carbamidomethyl (C)]EMLK_.3	750.7196044921875	1061.1470947265625	1	b7	noloss	843.4722900390625	7	b	False	232.24778033308675	832.6361892502281	234.02284240722656	839
A	LFQ_timsTOFPro_diaPASEF_Condition_A_Sample_Alpha_01	NA	1	human_yeast_ecoli_uniport_reviewed_2023_8_30	UBA6	A0AVT1	A0AVT1	UBA6_HUMAN	0	4687.048828125	DDDHNGHIDFITAASNLR	DDDHNGHIDFITAASNLR	1438.177978515625	48.708961486816406	directDIA™	_DDDHNGHIDFITAASNLR_	_DDDHNGHIDFITAASNLR_.3	1.1183129200829867E-09	3	_DDDHNGHIDFITAASNLR_.3	670.9803466796875	2596.828369140625	1	y7	noloss	732.39990234375	7	y	False	1334.4317324664999	4581.711637127732	1355.777099609375	4655
A	LFQ_timsTOFPro_diaPASEF_Condition_A_Sample_Alpha_01	NA	1	human_yeast_ecoli_uniport_reviewed_2023_8_30	UBA6	A0AVT1	A0AVT1	UBA6_HUMAN	0	4687.048828125	DDDHNGHIDFITAASNLR	DDDHNGHIDFITAASNLR	1438.177978515625	48.708961486816406	directDIA™	_DDDHNGHIDFITAASNLR_	_DDDHNGHIDFITAASNLR_.3	1.1183129200829867E-09	3	_DDDHNGHIDFITAASNLR_.3	670.9803466796875	2596.828369140625	2	b10	noloss	583.728515625	10	b	False	713.9021243784257	2899.618148867518	725.3215942382812	2946
A	LFQ_timsTOFPro_diaPASEF_Condition_A_Sample_Alpha_01	NA	1	human_yeast_ecoli_uniport_reviewed_2023_8_30	UBA6	A0AVT1	A0AVT1	UBA6_HUMAN	0	4687.048828125	DDDHNGHIDFITAASNLR	DDDHNGHIDFITAASNLR	1438.177978515625	48.708961486816406	directDIA™	_DDDHNGHIDFITAASNLR_	_DDDHNGHIDFITAASNLR_.3	1.1183129200829867E-09	3	_DDDHNGHIDFITAASNLR_.3	670.9803466796875	2596.828369140625	2	b9	noloss	510.1943054199219	9	b	True	500.386818688844	2411.427177435648	508.39093017578125	2450
A	LFQ_timsTOFPro_diaPASEF_Condition_A_Sample_Alpha_01	NA	1	human_yeast_ecoli_uniport_reviewed_2023_8_30	UBA6	A0AVT1	A0AVT1	UBA6_HUMAN	0	4687.048828125	DDDHNGHIDFITAASNLR	DDDHNGHIDFITAASNLR	1438.177978515625	48.708961486816406	directDIA™	_DDDHNGHIDFITAASNLR_	_DDDHNGHIDFITAASNLR_.3	1.1183129200829867E-09	3	_DDDHNGHIDFITAASNLR_.3	670.9803466796875	2596.828369140625	1	y6	noloss	631.3521728515625	6	y	False	548.4945529847812	1975.4017735156513	557.2681884765625	2007
A	LFQ_timsTOFPro_diaPASEF_Condition_A_Sample_Alpha_01	NA	1	human_yeast_ecoli_uniport_reviewed_2023_8_30	UBA6	A0AVT1	A0AVT1	UBA6_HUMAN	0	4687.048828125	DDDHNGHIDFITAASNLR	DDDHNGHIDFITAASNLR	1438.177978515625	48.708961486816406	directDIA™	_DDDHNGHIDFITAASNLR_	_DDDHNGHIDFITAASNLR_.3	1.1183129200829867E-09	3	_DDDHNGHIDFITAASNLR_.3	670.9803466796875	2596.828369140625	2	b11	noloss	640.2705688476562	11	b	True	183.6813225458945	848.4286640610321	186.6194610595703	862
A	LFQ_timsTOFPro_diaPASEF_Condition_A_Sample_Alpha_01	NA	1	human_yeast_ecoli_uniport_reviewed_2023_8_30	UBA6	A0AVT1	A0AVT1	UBA6_HUMAN	0	4687.048828125	DDDHNGHIDFITAASNLR	DDDHNGHIDFITAASNLR	1438.177978515625	48.708961486816406	directDIA™	_DDDHNGHIDFITAASNLR_	_DDDHNGHIDFITAASNLR_.3	1.1183129200829867E-09	3	_DDDHNGHIDFITAASNLR_.3	670.9803466796875	2596.828369140625	1	y5	noloss	560.3150634765625	5	y	True	473.65286044486	2241.1508910289676	481.2293395996094	2277
A	LFQ_timsTOFPro_diaPASEF_Condition_A_Sample_Alpha_01	NA	1	human_yeast_ecoli_uniport_reviewed_2023_8_30	UBA6	A0AVT1	A0AVT1	UBA6_HUMAN	0	4687.048828125	DDDHNGHIDFITAASNLR	DDDHNGHIDFITAASNLR	1438.177978515625	48.708961486816406	directDIA™	_DDDHNGHIDFITAASNLR_	_DDDHNGHIDFITAASNLR_.2	8.430952008150635E-10	2	_DDDHNGHIDFITAASNLR_.2	1005.9668579101562	279.5276794433594	2	y16	noloss	890.9398803710938	16	y	True	55.94065818002825	865.3607080282037	56.82236099243164	879
A	LFQ_timsTOFPro_diaPASEF_Condition_A_Sample_Alpha_01	NA	1	human_yeast_ecoli_uniport_reviewed_2023_8_30	UBA6	A0AVT1	A0AVT1	UBA6_HUMAN	0	4687.048828125	DDDHNGHIDFITAASNLR	DDDHNGHIDFITAASNLR	1438.177978515625	48.708961486816406	directDIA™	_DDDHNGHIDFITAASNLR_	_DDDHNGHIDFITAASNLR_.2	8.430952008150635E-10	2	_DDDHNGHIDFITAASNLR_.2	1005.9668579101562	279.5276794433594	1	y10	noloss	1107.579345703125	10	y	False	13.403945650640383	215.60181462818727	13.61521053314209	219
A	LFQ_timsTOFPro_diaPASEF_Condition_A_Sample_Alpha_01	NA	1	human_yeast_ecoli_uniport_reviewed_2023_8_30	UBA6	A0AVT1	A0AVT1	UBA6_HUMAN	0	4687.048828125	DDDHNGHIDFITAASNLR	DDDHNGHIDFITAASNLR	1438.177978515625	48.708961486816406	directDIA™	_DDDHNGHIDFITAASNLR_	_DDDHNGHIDFITAASNLR_.2	8.430952008150635E-10	2	_DDDHNGHIDFITAASNLR_.2	1005.9668579101562	279.5276794433594	2	y15	noloss	833.4264526367188	15	y	False	36.48746013258598	219.53974731546012	37.06255340576172	223
A	LFQ_timsTOFPro_diaPASEF_Condition_A_Sample_Alpha_01	NA	1	human_yeast_ecoli_uniport_reviewed_2023_8_30	UBA6	A0AVT1	A0AVT1	UBA6_HUMAN	0	4687.048828125	DDDHNGHIDFITAASNLR	DDDHNGHIDFITAASNLR	1438.177978515625	48.708961486816406	directDIA™	_DDDHNGHIDFITAASNLR_	_DDDHNGHIDFITAASNLR_.2	8.430952008150635E-10	2	_DDDHNGHIDFITAASNLR_.2	1005.9668579101562	279.5276794433594	1	y9	noloss	992.5523681640625	9	y	True	31.11252654451145	202.80353339455058	31.602903366088867	206
A	LFQ_timsTOFPro_diaPASEF_Condition_A_Sample_Alpha_01	NA	1	human_yeast_ecoli_uniport_reviewed_2023_8_30	UBA6	A0AVT1	A0AVT1	UBA6_HUMAN	0	4687.048828125	DDDHNGHIDFITAASNLR	DDDHNGHIDFITAASNLR	1438.177978515625	48.708961486816406	directDIA™	_DDDHNGHIDFITAASNLR_	_DDDHNGHIDFITAASNLR_.2	8.430952008150635E-10	2	_DDDHNGHIDFITAASNLR_.2	1005.9668579101562	279.5276794433594	2	y17	noloss	948.453369140625	17	y	False	229.63627299640788	1015.0021501445711	233.2556610107422	1031
A	LFQ_timsTOFPro_diaPASEF_Condition_A_Sample_Alpha_01	NA	1	human_yeast_ecoli_uniport_reviewed_2023_8_30	UBA6	A0AVT1	A0AVT1	UBA6_HUMAN	0	4687.048828125	DDDHNGHIDFITAASNLR	DDDHNGHIDFITAASNLR	1438.177978515625	48.708961486816406	directDIA™	_DDDHNGHIDFITAASNLR_	_DDDHNGHIDFITAASNLR_.2	8.430952008150635E-10	2	_DDDHNGHIDFITAASNLR_.2	1005.9668579101562	279.5276794433594	1	y11	noloss	1220.663330078125	11	y	True	1.9042978339523497	50.20864176272855	1.9343122243881226	51
A	LFQ_timsTOFPro_diaPASEF_Condition_A_Sample_Alpha_01	NA	1	human_yeast_ecoli_uniport_reviewed_2023_8_30	UBA6	A0AVT1	A0AVT1	UBA6_HUMAN	0	4687.048828125	FISADVHGIWSR	FISADVHGIWSR	1278.3155517578125	46.91977310180664	directDIA™	_FISADVHGIWSR_	_FISADVHGIWSR_.2	9.932898145319262E-11	2	_FISADVHGIWSR_.2	694.3594970703125	1929.7052001953125	1	y10	noloss	1127.5592041015625	10	y	False	517.158135517271	2218.2034744318635	524.10498046875	2248
A	LFQ_timsTOFPro_diaPASEF_Condition_A_Sample_Alpha_01	NA	1	human_yeast_ecoli_uniport_reviewed_2023_8_30	UBA6	A0AVT1	A0AVT1	UBA6_HUMAN	0	4687.048828125	FISADVHGIWSR	FISADVHGIWSR	1278.3155517578125	46.91977310180664	directDIA™	_FISADVHGIWSR_	_FISADVHGIWSR_.2	9.932898145319262E-11	2	_FISADVHGIWSR_.2	694.3594970703125	1929.7052001953125	2	y10	noloss	564.2832641601562	10	y	True	720.2597604665034	2435.2874443495725	729.934814453125	2468
A	LFQ_timsTOFPro_diaPASEF_Condition_A_Sample_Alpha_01	NA	1	human_yeast_ecoli_uniport_reviewed_2023_8_30	UBA6	A0AVT1	A0AVT1	UBA6_HUMAN	0	4687.048828125	FISADVHGIWSR	FISADVHGIWSR	1278.3155517578125	46.91977310180664	directDIA™	_FISADVHGIWSR_	_FISADVHGIWSR_.2	9.932898145319262E-11	2	_FISADVHGIWSR_.2	694.3594970703125	1929.7052001953125	1	y5	noloss	618.3358154296875	5	y	False	620.8311972294916	2527.054758905695	629.170654296875	2561
A	LFQ_timsTOFPro_diaPASEF_Condition_A_Sample_Alpha_01	NA	1	human_yeast_ecoli_uniport_reviewed_2023_8_30	UBA6	A0AVT1	A0AVT1	UBA6_HUMAN	0	4687.048828125	FISADVHGIWSR	FISADVHGIWSR	1278.3155517578125	46.91977310180664	directDIA™	_FISADVHGIWSR_	_FISADVHGIWSR_.2	9.932898145319262E-11	2	_FISADVHGIWSR_.2	694.3594970703125	1929.7052001953125	1	y6	noloss	755.3947143554688	6	y	False	791.7158645926116	2955.3022268342665	802.3507690429688	2995
A	LFQ_timsTOFPro_diaPASEF_Condition_A_Sample_Alpha_01	NA	1	human_yeast_ecoli_uniport_reviewed_2023_8_30	UBA6	A0AVT1	A0AVT1	UBA6_HUMAN	0	4687.048828125	FISADVHGIWSR	FISADVHGIWSR	1278.3155517578125	46.91977310180664	directDIA™	_FISADVHGIWSR_	_FISADVHGIWSR_.2	9.932898145319262E-11	2	_FISADVHGIWSR_.2	694.3594970703125	1929.7052001953125	1	y7	noloss	854.463134765625	7	y	True	232.0384252484133	1042.9898009228114	235.15533447265625	1057
A	LFQ_timsTOFPro_diaPASEF_Condition_A_Sample_Alpha_01	NA	1	human_yeast_ecoli_uniport_reviewed_2023_8_30	UBA6	A0AVT1	A0AVT1	UBA6_HUMAN	0	4687.048828125	FISADVHGIWSR	FISADVHGIWSR	1278.3155517578125	46.91977310180664	directDIA™	_FISADVHGIWSR_	_FISADVHGIWSR_.2	9.932898145319262E-11	2	_FISADVHGIWSR_.2	694.3594970703125	1929.7052001953125	1	y3	noloss	448.23028564453125	3	y	True	176.25903861266556	815.0516325092168	178.62667846679688	826
A	LFQ_timsTOFPro_diaPASEF_Condition_A_Sample_Alpha_01	NA	1	human_yeast_ecoli_uniport_reviewed_2023_8_30	UBA6	A0AVT1	A0AVT1	UBA6_HUMAN	0	4687.048828125	FISADVHGIWSR	FISADVHGIWSR	1278.3155517578125	46.91977310180664	directDIA™	_FISADVHGIWSR_	_FISADVHGIWSR_.3	1.268397332834144E-10	3	_FISADVHGIWSR_.3	463.2420959472656	626.9259033203125	2	y10	noloss	564.2832641601562	10	y	False	102.56641289265863	465.0284637857891	103.88349151611328	471
A	LFQ_timsTOFPro_diaPASEF_Condition_A_Sample_Alpha_01	NA	1	human_yeast_ecoli_uniport_reviewed_2023_8_30	UBA6	A0AVT1	A0AVT1	UBA6_HUMAN	0	4687.048828125	FISADVHGIWSR	FISADVHGIWSR	1278.3155517578125	46.91977310180664	directDIA™	_FISADVHGIWSR_	_FISADVHGIWSR_.3	1.268397332834144E-10	3	_FISADVHGIWSR_.3	463.2420959472656	626.9259033203125	1	y5	noloss	618.3358154296875	5	y	False	305.7361732270715	1403.9712855698347	309.6622009277344	1422
A	LFQ_timsTOFPro_diaPASEF_Condition_A_Sample_Alpha_01	NA	1	human_yeast_ecoli_uniport_reviewed_2023_8_30	UBA6	A0AVT1	A0AVT1	UBA6_HUMAN	0	4687.048828125	FISADVHGIWSR	FISADVHGIWSR	1278.3155517578125	46.91977310180664	directDIA™	_FISADVHGIWSR_	_FISADVHGIWSR_.3	1.268397332834144E-10	3	_FISADVHGIWSR_.3	463.2420959472656	626.9259033203125	1	y6	noloss	755.3947143554688	6	y	False	218.62327291730682	1161.0901770957282	221.4306640625	1176
A	LFQ_timsTOFPro_diaPASEF_Condition_A_Sample_Alpha_01	NA	1	human_yeast_ecoli_uniport_reviewed_2023_8_30	UBA6	A0AVT1	A0AVT1	UBA6_HUMAN	0	4687.048828125	FISADVHGIWSR	FISADVHGIWSR	1278.3155517578125	46.91977310180664	directDIA™	_FISADVHGIWSR_	_FISADVHGIWSR_.3	1.268397332834144E-10	3	_FISADVHGIWSR_.3	463.2420959472656	626.9259033203125	2	y11	noloss	620.8252563476562	11	y	True	5.870408471691848	89.84626370383612	5.945791721343994	91
A	LFQ_timsTOFPro_diaPASEF_Condition_A_Sample_Alpha_01	NA	1	human_yeast_ecoli_uniport_reviewed_2023_8_30	UBA6	A0AVT1	A0AVT1	UBA6_HUMAN	0	4687.048828125	FISADVHGIWSR	FISADVHGIWSR	1278.3155517578125	46.91977310180664	directDIA™	_FISADVHGIWSR_	_FISADVHGIWSR_.3	1.268397332834144E-10	3	_FISADVHGIWSR_.3	463.2420959472656	626.9259033203125	2	y10	H2O	555.2779541015625	10	y	True	29.972200618146353	292.2471874322581	30.357080459594727	296
A	LFQ_timsTOFPro_diaPASEF_Condition_A_Sample_Alpha_01	NA	1	human_yeast_ecoli_uniport_reviewed_2023_8_30	UBA6	A0AVT1	A0AVT1	UBA6_HUMAN	0	4687.048828125	FISADVHGIWSR	FISADVHGIWSR	1278.3155517578125	46.91977310180664	directDIA™	_FISADVHGIWSR_	_FISADVHGIWSR_.3	1.268397332834144E-10	3	_FISADVHGIWSR_.3	463.2420959472656	626.9259033203125	2	y8	noloss	485.2486877441406	8	y	True	65.94849710765033	205.3628884659111	66.79535675048828	208
A	LFQ_timsTOFPro_diaPASEF_Condition_A_Sample_Alpha_01	NA	1	human_yeast_ecoli_uniport_reviewed_2023_8_30	UBA6	A0AVT1	A0AVT1	UBA6_HUMAN	0	4687.048828125	LETGQFLTFR	LETGQFLTFR	2396.238525390625	60.93235397338867	directDIA™	_LETGQFLTFR_	_LETGQFLTFR_.2	3.491787222139246E-12	2	_LETGQFLTFR_.2	606.3245849609375	2396.238525390625	1	y8	noloss	969.5152587890625	8	y	False	946.0555345316576	4353.950947817838	959.1033935546875	4414
A	LFQ_timsTOFPro_diaPASEF_Condition_A_Sample_Alpha_01	NA	1	human_yeast_ecoli_uniport_reviewed_2023_8_30	UBA6	A0AVT1	A0AVT1	UBA6_HUMAN	0	4687.048828125	LETGQFLTFR	LETGQFLTFR	2396.238525390625	60.93235397338867	directDIA™	_LETGQFLTFR_	_LETGQFLTFR_.2	3.491787222139246E-12	2	_LETGQFLTFR_.2	606.3245849609375	2396.238525390625	1	y5	noloss	683.3875122070312	5	y	False	562.202785731274	1982.6555063692467	569.9566040039062	2010
A	LFQ_timsTOFPro_diaPASEF_Condition_A_Sample_Alpha_01	NA	1	human_yeast_ecoli_uniport_reviewed_2023_8_30	UBA6	A0AVT1	A0AVT1	UBA6_HUMAN	0	4687.048828125	LETGQFLTFR	LETGQFLTFR	2396.238525390625	60.93235397338867	directDIA™	_LETGQFLTFR_	_LETGQFLTFR_.2	3.491787222139246E-12	2	_LETGQFLTFR_.2	606.3245849609375	2396.238525390625	1	y7	noloss	868.4675903320312	7	y	False	570.0244755632567	1560.478114963258	577.8861694335938	1582
A	LFQ_timsTOFPro_diaPASEF_Condition_A_Sample_Alpha_01	NA	1	human_yeast_ecoli_uniport_reviewed_2023_8_30	UBA6	A0AVT1	A0AVT1	UBA6_HUMAN	0	4687.048828125	LETGQFLTFR	LETGQFLTFR	2396.238525390625	60.93235397338867	directDIA™	_LETGQFLTFR_	_LETGQFLTFR_.2	3.491787222139246E-12	2	_LETGQFLTFR_.2	606.3245849609375	2396.238525390625	2	y8	H2O	476.2559814453125	8	y	True	90.91620207072532	315.64664778017857	92.17010498046875	320
A	LFQ_timsTOFPro_diaPASEF_Condition_A_Sample_Alpha_01	NA	1	human_yeast_ecoli_uniport_reviewed_2023_8_30	UBA6	A0AVT1	A0AVT1	UBA6_HUMAN	0	4687.048828125	LETGQFLTFR	LETGQFLTFR	2396.238525390625	60.93235397338867	directDIA™	_LETGQFLTFR_	_LETGQFLTFR_.2	3.491787222139246E-12	2	_LETGQFLTFR_.2	606.3245849609375	2396.238525390625	1	y4	noloss	536.319091796875	4	y	False	317.95568324967496	1260.613799572088	322.34088134765625	1278
A	LFQ_timsTOFPro_diaPASEF_Condition_A_Sample_Alpha_01	NA	1	human_yeast_ecoli_uniport_reviewed_2023_8_30	UBA6	A0AVT1	A0AVT1	UBA6_HUMAN	0	4687.048828125	LETGQFLTFR	LETGQFLTFR	2396.238525390625	60.93235397338867	directDIA™	_LETGQFLTFR_	_LETGQFLTFR_.2	3.491787222139246E-12	2	_LETGQFLTFR_.2	606.3245849609375	2396.238525390625	1	y3	noloss	423.23504638671875	3	y	True	397.7888702752569	969.6270461497361	403.2751159667969	983
A	LFQ_timsTOFPro_diaPASEF_Condition_A_Sample_Alpha_01	NA	1	human_yeast_ecoli_uniport_reviewed_2023_8_30	UBA6	A0AVT1	A0AVT1	UBA6_HUMAN	0	4687.048828125	FESSFSHKPSLFNK	FESSFSHKPSLFNK	861.2274169921875	20.853193283081055	directDIA™	_FESSFSHKPSLFNK_	_FESSFSHKPSLFNK_.3	7.316300518168218E-12	3	_FESSFSHKPSLFNK_.3	552.2789916992188	2001.590576171875	2	y12	noloss	689.8593139648438	12	y	False	1095.2455490836082	4302.896154116739	1159.6697998046875	4556
A	LFQ_timsTOFPro_diaPASEF_Condition_A_Sample_Alpha_01	NA	1	human_yeast_ecoli_uniport_reviewed_2023_8_30	UBA6	A0AVT1	A0AVT1	UBA6_HUMAN	0	4687.048828125	FESSFSHKPSLFNK	FESSFSHKPSLFNK	861.2274169921875	20.853193283081055	directDIA™	_FESSFSHKPSLFNK_	_FESSFSHKPSLFNK_.3	7.316300518168218E-12	3	_FESSFSHKPSLFNK_.3	552.2789916992188	2001.590576171875	2	y13	noloss	754.380615234375	13	y	False	383.9353287707246	2605.726621863056	406.5190734863281	2759
A	LFQ_timsTOFPro_diaPASEF_Condition_A_Sample_Alpha_01	NA	1	human_yeast_ecoli_uniport_reviewed_2023_8_30	UBA6	A0AVT1	A0AVT1	UBA6_HUMAN	0	4687.048828125	FESSFSHKPSLFNK	FESSFSHKPSLFNK	861.2274169921875	20.853193283081055	directDIA™	_FESSFSHKPSLFNK_	_FESSFSHKPSLFNK_.3	7.316300518168218E-12	3	_FESSFSHKPSLFNK_.3	552.2789916992188	2001.590576171875	2	y12	H2O	680.8540649414062	12	y	True	68.7394476264795	872.6681401237636	72.78282165527344	924
A	LFQ_timsTOFPro_diaPASEF_Condition_A_Sample_Alpha_01	NA	1	human_yeast_ecoli_uniport_reviewed_2023_8_30	UBA6	A0AVT1	A0AVT1	UBA6_HUMAN	0	4687.048828125	FESSFSHKPSLFNK	FESSFSHKPSLFNK	861.2274169921875	20.853193283081055	directDIA™	_FESSFSHKPSLFNK_	_FESSFSHKPSLFNK_.3	7.316300518168218E-12	3	_FESSFSHKPSLFNK_.3	552.2789916992188	2001.590576171875	1	y6	noloss	705.3930053710938	6	y	False	522.4098006558376	2173.170335957554	553.1388549804688	2301
A	LFQ_timsTOFPro_diaPASEF_Condition_A_Sample_Alpha_01	NA	1	human_yeast_ecoli_uniport_reviewed_2023_8_30	UBA6	A0AVT1	A0AVT1	UBA6_HUMAN	0	4687.048828125	FESSFSHKPSLFNK	FESSFSHKPSLFNK	861.2274169921875	20.853193283081055	directDIA™	_FESSFSHKPSLFNK_	_FESSFSHKPSLFNK_.3	7.316300518168218E-12	3	_FESSFSHKPSLFNK_.3	552.2789916992188	2001.590576171875	2	y11	noloss	646.3433227539062	11	y	True	109.83333440446476	587.4454363170789	116.2939224243164	622
A	LFQ_timsTOFPro_diaPASEF_Condition_A_Sample_Alpha_01	NA	1	human_yeast_ecoli_uniport_reviewed_2023_8_30	UBA6	A0AVT1	A0AVT1	UBA6_HUMAN	0	4687.048828125	FESSFSHKPSLFNK	FESSFSHKPSLFNK	861.2274169921875	20.853193283081055	directDIA™	_FESSFSHKPSLFNK_	_FESSFSHKPSLFNK_.3	7.316300518168218E-12	3	_FESSFSHKPSLFNK_.3	552.2789916992188	2001.590576171875	2	y13	H2O	745.3753662109375	13	y	True	136.26109941421873	750.8346010805109	144.27621459960938	795
A	LFQ_timsTOFPro_diaPASEF_Condition_A_Sample_Alpha_01	NA	1	human_yeast_ecoli_uniport_reviewed_2023_8_30	UBA6	A0AVT1	A0AVT1	UBA6_HUMAN	0	4687.048828125	FESSFSHKPSLFNK	FESSFSHKPSLFNK	861.2274169921875	20.853193283081055	directDIA™	_FESSFSHKPSLFNK_	_FESSFSHKPSLFNK_.2	3.7154426188836064E-05	2	_FESSFSHKPSLFNK_.2	827.9148559570312	259.4415588378906	2	y12	noloss	689.8593139648438	12	y	False	72.40791619722147	508.044979537745	76.67718505859375	538
A	LFQ_timsTOFPro_diaPASEF_Condition_A_Sample_Alpha_01	NA	1	human_yeast_ecoli_uniport_reviewed_2023_8_30	UBA6	A0AVT1	A0AVT1	UBA6_HUMAN	0	4687.048828125	FESSFSHKPSLFNK	FESSFSHKPSLFNK	861.2274169921875	20.853193283081055	directDIA™	_FESSFSHKPSLFNK_	_FESSFSHKPSLFNK_.2	3.7154426188836064E-05	2	_FESSFSHKPSLFNK_.2	827.9148559570312	259.4415588378906	1	y6	noloss	705.3930053710938	6	y	False	109.54774482161736	698.7979272452254	116.00682830810547	740
A	LFQ_timsTOFPro_diaPASEF_Condition_A_Sample_Alpha_01	NA	1	human_yeast_ecoli_uniport_reviewed_2023_8_30	UBA6	A0AVT1	A0AVT1	UBA6_HUMAN	0	4687.048828125	FESSFSHKPSLFNK	FESSFSHKPSLFNK	861.2274169921875	20.853193283081055	directDIA™	_FESSFSHKPSLFNK_	_FESSFSHKPSLFNK_.2	3.7154426188836064E-05	2	_FESSFSHKPSLFNK_.2	827.9148559570312	259.4415588378906	1	b8	noloss	950.4366455078125	8	b	False	77.48591383444406	425.8890070102658	82.0545883178711	451
A	LFQ_timsTOFPro_diaPASEF_Condition_A_Sample_Alpha_01	NA	1	human_yeast_ecoli_uniport_reviewed_2023_8_30	UBA6	A0AVT1	A0AVT1	UBA6_HUMAN	0	4687.048828125	FESSFSHKPSLFNK	FESSFSHKPSLFNK	861.2274169921875	20.853193283081055	directDIA™	_FESSFSHKPSLFNK_	_FESSFSHKPSLFNK_.2	3.7154426188836064E-05	2	_FESSFSHKPSLFNK_.2	827.9148559570312	259.4415588378906	2	b13	noloss	754.862060546875	13	b	True	41.66598981235781	327.67956858661245	44.12267303466797	347
A	LFQ_timsTOFPro_diaPASEF_Condition_A_Sample_Alpha_01	NA	1	human_yeast_ecoli_uniport_reviewed_2023_8_30	UBA6	A0AVT1	A0AVT1	UBA6_HUMAN	0	4687.048828125	FESSFSHKPSLFNK	FESSFSHKPSLFNK	861.2274169921875	20.853193283081055	directDIA™	_FESSFSHKPSLFNK_	_FESSFSHKPSLFNK_.2	3.7154426188836064E-05	2	_FESSFSHKPSLFNK_.2	827.9148559570312	259.4415588378906	1	b12	noloss	1394.6739501953125	12	b	True	10.171033078854366	78.37868643426177	10.770730972290039	83
A	LFQ_timsTOFPro_diaPASEF_Condition_A_Sample_Alpha_01	NA	1	human_yeast_ecoli_uniport_reviewed_2023_8_30	UBA6	A0AVT1	A0AVT1	UBA6_HUMAN	0	4687.048828125	FESSFSHKPSLFNK	FESSFSHKPSLFNK	861.2274169921875	20.853193283081055	directDIA™	_FESSFSHKPSLFNK_	_FESSFSHKPSLFNK_.2	3.7154426188836064E-05	2	_FESSFSHKPSLFNK_.2	827.9148559570312	259.4415588378906	1	y3	noloss	408.2241516113281	3	y	True	67.80368594777788	500.4904073513101	71.80148315429688	530
A	LFQ_timsTOFPro_diaPASEF_Condition_A_Sample_Alpha_01	NA	1	human_yeast_ecoli_uniport_reviewed_2023_8_30	UBA6	A0AVT1	A0AVT1	UBA6_HUMAN	0	4687.048828125	FESSFSHKPSLFNK	FESSFSHKPSLFNK	861.2274169921875	20.853193283081055	directDIA™	_FESSFSHKPSLFNK_	_FESSFSHKPSLFNK_.4	1.7352011029966563E-07	4	_FESSFSHKPSLFNK_.4	414.4610595703125	322.650146484375	1	y6	noloss	705.3930053710938	6	y	False	166.46290120281586	1033.3254961821847	176.3983154296875	1095
A	LFQ_timsTOFPro_diaPASEF_Condition_A_Sample_Alpha_01	NA	1	human_yeast_ecoli_uniport_reviewed_2023_8_30	UBA6	A0AVT1	A0AVT1	UBA6_HUMAN	0	4687.048828125	FESSFSHKPSLFNK	FESSFSHKPSLFNK	861.2274169921875	20.853193283081055	directDIA™	_FESSFSHKPSLFNK_	_FESSFSHKPSLFNK_.4	1.7352011029966563E-07	4	_FESSFSHKPSLFNK_.4	414.4610595703125	322.650146484375	2	y9	noloss	529.2930908203125	9	y	False	33.99977945465011	223.65127177641807	36.02907180786133	237
A	LFQ_timsTOFPro_diaPASEF_Condition_A_Sample_Alpha_01	NA	1	human_yeast_ecoli_uniport_reviewed_2023_8_30	UBA6	A0AVT1	A0AVT1	UBA6_HUMAN	0	4687.048828125	FESSFSHKPSLFNK	FESSFSHKPSLFNK	861.2274169921875	20.853193283081055	directDIA™	_FESSFSHKPSLFNK_	_FESSFSHKPSLFNK_.4	1.7352011029966563E-07	4	_FESSFSHKPSLFNK_.4	414.4610595703125	322.650146484375	2	y11	noloss	646.3433227539062	11	y	False	122.18744189484448	468.0634211017019	129.48025512695312	496
A	LFQ_timsTOFPro_diaPASEF_Condition_A_Sample_Alpha_01	NA	1	human_yeast_ecoli_uniport_reviewed_2023_8_30	UBA6	A0AVT1	A0AVT1	UBA6_HUMAN	0	4687.048828125	FESSFSHKPSLFNK	FESSFSHKPSLFNK	861.2274169921875	20.853193283081055	directDIA™	_FESSFSHKPSLFNK_	_FESSFSHKPSLFNK_.4	1.7352011029966563E-07	4	_FESSFSHKPSLFNK_.4	414.4610595703125	322.650146484375	2	y10	noloss	602.8272705078125	10	y	True	3.445786574496428	102.86071149210788	3.6514499187469482	109
A	LFQ_timsTOFPro_diaPASEF_Condition_A_Sample_Alpha_01	NA	1	human_yeast_ecoli_uniport_reviewed_2023_8_30	UBA6	A0AVT1	A0AVT1	UBA6_HUMAN	0	4687.048828125	FESSFSHKPSLFNK	FESSFSHKPSLFNK	861.2274169921875	20.853193283081055	directDIA™	_FESSFSHKPSLFNK_	_FESSFSHKPSLFNK_.4	1.7352011029966563E-07	4	_FESSFSHKPSLFNK_.4	414.4610595703125	322.650146484375	2	y12	noloss	689.8593139648438	12	y	True	10.709738566788433	108.52276900543492	11.348954200744629	115
A	LFQ_timsTOFPro_diaPASEF_Condition_A_Sample_Alpha_01	NA	1	human_yeast_ecoli_uniport_reviewed_2023_8_30	UBA6	A0AVT1	A0AVT1	UBA6_HUMAN	0	4687.048828125	FESSFSHKPSLFNK	FESSFSHKPSLFNK	861.2274169921875	20.853193283081055	directDIA™	_FESSFSHKPSLFNK_	_FESSFSHKPSLFNK_.4	1.7352011029966563E-07	4	_FESSFSHKPSLFNK_.4	414.4610595703125	322.650146484375	2	y8	noloss	485.7770690917969	8	y	True	2.206518974386386	1	2.3382160663604736	0.7459803223609924
A	LFQ_timsTOFPro_diaPASEF_Condition_A_Sample_Alpha_01	NA	1	human_yeast_ecoli_uniport_reviewed_2023_8_30	UBA6	A0AVT1	A0AVT1	UBA6_HUMAN	0	4687.048828125	NLPIMSTASVEIDDALYSR	NLPIMSTASVEIDDALYSR	1955.3575439453125	102.22676086425781	directDIA™	_NLPIMSTASVEIDDALYSR_	_NLPIMSTASVEIDDALYSR_.2	1.222594152187849E-05	2	_NLPIMSTASVEIDDALYSR_.2	1048.0224609375	1955.3575439453125	2	y17	noloss	934.4589233398438	17	y	False	1736.6259100083967	5596.336411460444	1704.248779296875	5492
A	LFQ_timsTOFPro_diaPASEF_Condition_A_Sample_Alpha_01	NA	1	human_yeast_ecoli_uniport_reviewed_2023_8_30	UBA6	A0AVT1	A0AVT1	UBA6_HUMAN	0	4687.048828125	NLPIMSTASVEIDDALYSR	NLPIMSTASVEIDDALYSR	1955.3575439453125	102.22676086425781	directDIA™	_NLPIMSTASVEIDDALYSR_	_NLPIMSTASVEIDDALYSR_.2	1.222594152187849E-05	2	_NLPIMSTASVEIDDALYSR_.2	1048.0224609375	1955.3575439453125	1	y15	noloss	1657.7738037109375	15	y	True	11.368083453366877	102.9187868822842	11.156140327453613	101
A	LFQ_timsTOFPro_diaPASEF_Condition_A_Sample_Alpha_01	NA	1	human_yeast_ecoli_uniport_reviewed_2023_8_30	UBA6	A0AVT1	A0AVT1	UBA6_HUMAN	0	4687.048828125	NLPIMSTASVEIDDALYSR	NLPIMSTASVEIDDALYSR	1955.3575439453125	102.22676086425781	directDIA™	_NLPIMSTASVEIDDALYSR_	_NLPIMSTASVEIDDALYSR_.2	1.222594152187849E-05	2	_NLPIMSTASVEIDDALYSR_.2	1048.0224609375	1955.3575439453125	1	y17	noloss	1867.91064453125	17	y	True	1	1	0.7335052490234375	0.8673602342605591
A	LFQ_timsTOFPro_diaPASEF_Condition_A_Sample_Alpha_01	NA	1	human_yeast_ecoli_uniport_reviewed_2023_8_30	UBA6	A0AVT1	A0AVT1	UBA6_HUMAN	0	4687.048828125	NLPIMSTASVEIDDALYSR	NLPIMSTASVEIDDALYSR	1955.3575439453125	102.22676086425781	directDIA™	_NLPIMSTASVEIDDALYSR_	_NLPIMSTASVEIDDALYSR_.2	1.222594152187849E-05	2	_NLPIMSTASVEIDDALYSR_.2	1048.0224609375	1955.3575439453125	1	y14	noloss	1526.7332763671875	14	y	True	30.7098164548985	146.73569614899924	30.137271881103516	144
A	LFQ_timsTOFPro_diaPASEF_Condition_A_Sample_Alpha_01	NA	1	human_yeast_ecoli_uniport_reviewed_2023_8_30	UBA6	A0AVT1	A0AVT1	UBA6_HUMAN	0	4687.048828125	NLPIMSTASVEIDDALYSR	NLPIMSTASVEIDDALYSR	1955.3575439453125	102.22676086425781	directDIA™	_NLPIMSTASVEIDDALYSR_	_NLPIMSTASVEIDDALYSR_.2	1.222594152187849E-05	2	_NLPIMSTASVEIDDALYSR_.2	1048.0224609375	1955.3575439453125	1	y11	noloss	1267.616455078125	11	y	False	159.12124108895418	464.66303780516427	156.15463256835938	456
A	LFQ_timsTOFPro_diaPASEF_Condition_A_Sample_Alpha_01	NA	1	human_yeast_ecoli_uniport_reviewed_2023_8_30	UBA6	A0AVT1	A0AVT1	UBA6_HUMAN	0	4687.048828125	NLPIMSTASVEIDDALYSR	NLPIMSTASVEIDDALYSR	1955.3575439453125	102.22676086425781	directDIA™	_NLPIMSTASVEIDDALYSR_	_NLPIMSTASVEIDDALYSR_.2	1.222594152187849E-05	2	_NLPIMSTASVEIDDALYSR_.2	1048.0224609375	1955.3575439453125	1	y12	noloss	1338.653564453125	12	y	False	59.610389219740995	231.31252101265852	58.49903106689453	227
A	LFQ_timsTOFPro_diaPASEF_Condition_A_Sample_Alpha_01	NA	1	human_yeast_ecoli_uniport_reviewed_2023_8_30	UBA6	A0AVT1	A0AVT1	UBA6_HUMAN	0	4687.048828125	KPDHVPISSEDER	KPDHVPISSEDER	1058.04248046875	-23.21489906311035	directDIA™	_KPDHVPISSEDER_	_KPDHVPISSEDER_.3	3.1848433479844537E-07	3	_KPDHVPISSEDER_.3	503.58282470703125	1058.04248046875	1	y6	noloss	722.295166015625	6	y	False	519.5520071672925	2307.788313803178	475.0239562988281	2110
A	LFQ_timsTOFPro_diaPASEF_Condition_A_Sample_Alpha_01	NA	1	human_yeast_ecoli_uniport_reviewed_2023_8_30	UBA6	A0AVT1	A0AVT1	UBA6_HUMAN	0	4687.048828125	KPDHVPISSEDER	KPDHVPISSEDER	1058.04248046875	-23.21489906311035	directDIA™	_KPDHVPISSEDER_	_KPDHVPISSEDER_.3	3.1848433479844537E-07	3	_KPDHVPISSEDER_.3	503.58282470703125	1058.04248046875	1	b5	noloss	577.3092651367188	5	b	False	284.5075354104672	1307.0175521302358	260.1239013671875	1195
A	LFQ_timsTOFPro_diaPASEF_Condition_A_Sample_Alpha_01	NA	1	human_yeast_ecoli_uniport_reviewed_2023_8_30	UBA6	A0AVT1	A0AVT1	UBA6_HUMAN	0	4687.048828125	KPDHVPISSEDER	KPDHVPISSEDER	1058.04248046875	-23.21489906311035	directDIA™	_KPDHVPISSEDER_	_KPDHVPISSEDER_.3	3.1848433479844537E-07	3	_KPDHVPISSEDER_.3	503.58282470703125	1058.04248046875	2	y8	noloss	466.7196350097656	8	y	True	62.37576141994733	394.83961198243946	57.02986526489258	361
A	LFQ_timsTOFPro_diaPASEF_Condition_A_Sample_Alpha_01	NA	1	human_yeast_ecoli_uniport_reviewed_2023_8_30	UBA6	A0AVT1	A0AVT1	UBA6_HUMAN	0	4687.048828125	KPDHVPISSEDER	KPDHVPISSEDER	1058.04248046875	-23.21489906311035	directDIA™	_KPDHVPISSEDER_	_KPDHVPISSEDER_.3	3.1848433479844537E-07	3	_KPDHVPISSEDER_.3	503.58282470703125	1058.04248046875	1	y8	noloss	932.4319458007812	8	y	False	115.8864345405731	515.1508510906621	105.95442199707031	471
A	LFQ_timsTOFPro_diaPASEF_Condition_A_Sample_Alpha_01	NA	1	human_yeast_ecoli_uniport_reviewed_2023_8_30	UBA6	A0AVT1	A0AVT1	UBA6_HUMAN	0	4687.048828125	KPDHVPISSEDER	KPDHVPISSEDER	1058.04248046875	-23.21489906311035	directDIA™	_KPDHVPISSEDER_	_KPDHVPISSEDER_.3	3.1848433479844537E-07	3	_KPDHVPISSEDER_.3	503.58282470703125	1058.04248046875	2	b11	noloss	603.29345703125	11	b	True	23.515055201161672	152.0296566912994	21.499704360961914	139
A	LFQ_timsTOFPro_diaPASEF_Condition_A_Sample_Alpha_01	NA	1	human_yeast_ecoli_uniport_reviewed_2023_8_30	UBA6	A0AVT1	A0AVT1	UBA6_HUMAN	0	4687.048828125	KPDHVPISSEDER	KPDHVPISSEDER	1058.04248046875	-23.21489906311035	directDIA™	_KPDHVPISSEDER_	_KPDHVPISSEDER_.3	3.1848433479844537E-07	3	_KPDHVPISSEDER_.3	503.58282470703125	1058.04248046875	1	y5	noloss	635.2631225585938	5	y	False	138.09643140950797	438.5891534763386	126.26091766357422	401
A	LFQ_timsTOFPro_diaPASEF_Condition_A_Sample_Alpha_01	NA	1	human_yeast_ecoli_uniport_reviewed_2023_8_30	UBA6	A0AVT1	A0AVT1	UBA6_HUMAN	0	4687.048828125	GHTEVIVPHLTESYNSHR	GHTEVIVPHLTESYNSHR	639.3831787109375	15.686474800109863	directDIA™	_GHTEVIVPHLTESYNSHR_	_GHTEVIVPHLTESYNSHR_.3	4.038675491004245E-14	3	_GHTEVIVPHLTESYNSHR_.3	692.6801147460938	1118.85009765625	2	y16	noloss	941.476318359375	16	y	True	259.04014236428327	734.5173143684641	258.5050354003906	733
A	LFQ_timsTOFPro_diaPASEF_Condition_A_Sample_Alpha_01	NA	1	human_yeast_ecoli_uniport_reviewed_2023_8_30	UBA6	A0AVT1	A0AVT1	UBA6_HUMAN	0	4687.048828125	GHTEVIVPHLTESYNSHR	GHTEVIVPHLTESYNSHR	639.3831787109375	15.686474800109863	directDIA™	_GHTEVIVPHLTESYNSHR_	_GHTEVIVPHLTESYNSHR_.3	4.038675491004245E-14	3	_GHTEVIVPHLTESYNSHR_.3	692.6801147460938	1118.85009765625	2	y11	noloss	670.8207397460938	11	y	False	765.6162854463662	2569.3074952806846	764.0347290039062	2564
A	LFQ_timsTOFPro_diaPASEF_Condition_A_Sample_Alpha_01	NA	1	human_yeast_ecoli_uniport_reviewed_2023_8_30	UBA6	A0AVT1	A0AVT1	UBA6_HUMAN	0	4687.048828125	GHTEVIVPHLTESYNSHR	GHTEVIVPHLTESYNSHR	639.3831787109375	15.686474800109863	directDIA™	_GHTEVIVPHLTESYNSHR_	_GHTEVIVPHLTESYNSHR_.3	4.038675491004245E-14	3	_GHTEVIVPHLTESYNSHR_.3	692.6801147460938	1118.85009765625	2	y14	noloss	826.43115234375	14	y	True	94.11951246490196	394.81558234812394	93.92508697509766	394
A	LFQ_timsTOFPro_diaPASEF_Condition_A_Sample_Alpha_01	NA	1	human_yeast_ecoli_uniport_reviewed_2023_8_30	UBA6	A0AVT1	A0AVT1	UBA6_HUMAN	0	4687.048828125	GHTEVIVPHLTESYNSHR	GHTEVIVPHLTESYNSHR	639.3831787109375	15.686474800109863	directDIA™	_GHTEVIVPHLTESYNSHR_	_GHTEVIVPHLTESYNSHR_.3	4.038675491004245E-14	3	_GHTEVIVPHLTESYNSHR_.3	692.6801147460938	1118.85009765625	1	y8	noloss	993.4384765625	8	y	False	275.21454552322297	1032.1321061384965	274.6460266113281	1030
A	LFQ_timsTOFPro_diaPASEF_Condition_A_Sample_Alpha_01	NA	1	human_yeast_ecoli_uniport_reviewed_2023_8_30	UBA6	A0AVT1	A0AVT1	UBA6_HUMAN	0	4687.048828125	GHTEVIVPHLTESYNSHR	GHTEVIVPHLTESYNSHR	639.3831787109375	15.686474800109863	directDIA™	_GHTEVIVPHLTESYNSHR_	_GHTEVIVPHLTESYNSHR_.3	4.038675491004245E-14	3	_GHTEVIVPHLTESYNSHR_.3	692.6801147460938	1118.85009765625	2	y13	noloss	776.89697265625	13	y	True	42.479111606972	353.730712103776	42.391361236572266	353
A	LFQ_timsTOFPro_diaPASEF_Condition_A_Sample_Alpha_01	NA	1	human_yeast_ecoli_uniport_reviewed_2023_8_30	UBA6	A0AVT1	A0AVT1	UBA6_HUMAN	0	4687.048828125	GHTEVIVPHLTESYNSHR	GHTEVIVPHLTESYNSHR	639.3831787109375	15.686474800109863	directDIA™	_GHTEVIVPHLTESYNSHR_	_GHTEVIVPHLTESYNSHR_.3	4.038675491004245E-14	3	_GHTEVIVPHLTESYNSHR_.3	692.6801147460938	1118.85009765625	2	y15	noloss	890.9524536132812	15	y	False	78.01916823653272	323.6686119249849	77.85800170898438	323
A	LFQ_timsTOFPro_diaPASEF_Condition_A_Sample_Alpha_01	NA	1	human_yeast_ecoli_uniport_reviewed_2023_8_30	UBA6	A0AVT1	A0AVT1	UBA6_HUMAN	0	4687.048828125	GHTEVIVPHLTESYNSHR	GHTEVIVPHLTESYNSHR	639.3831787109375	15.686474800109863	directDIA™	_GHTEVIVPHLTESYNSHR_	_GHTEVIVPHLTESYNSHR_.4	5.344020335562437E-13	4	_GHTEVIVPHLTESYNSHR_.4	519.7619018554688	694.3244018554688	2	y11	noloss	670.8207397460938	11	y	False	271.1845538255743	1106.3343192907487	270.61236572265625	1104
A	LFQ_timsTOFPro_diaPASEF_Condition_A_Sample_Alpha_01	NA	1	human_yeast_ecoli_uniport_reviewed_2023_8_30	UBA6	A0AVT1	A0AVT1	UBA6_HUMAN	0	4687.048828125	GHTEVIVPHLTESYNSHR	GHTEVIVPHLTESYNSHR	639.3831787109375	15.686474800109863	directDIA™	_GHTEVIVPHLTESYNSHR_	_GHTEVIVPHLTESYNSHR_.4	5.344020335562437E-13	4	_GHTEVIVPHLTESYNSHR_.4	519.7619018554688	694.3244018554688	3	y11	noloss	447.5495910644531	11	y	True	64.77997069619059	493.04029446652925	64.6432876586914	492
A	LFQ_timsTOFPro_diaPASEF_Condition_A_Sample_Alpha_01	NA	1	human_yeast_ecoli_uniport_reviewed_2023_8_30	UBA6	A0AVT1	A0AVT1	UBA6_HUMAN	0	4687.048828125	GHTEVIVPHLTESYNSHR	GHTEVIVPHLTESYNSHR	639.3831787109375	15.686474800109863	directDIA™	_GHTEVIVPHLTESYNSHR_	_GHTEVIVPHLTESYNSHR_.4	5.344020335562437E-13	4	_GHTEVIVPHLTESYNSHR_.4	519.7619018554688	694.3244018554688	1	b6	noloss	637.3303833007812	6	b	False	194.18483787917762	727.535068664025	193.77511596679688	726
A	LFQ_timsTOFPro_diaPASEF_Condition_A_Sample_Alpha_01	NA	1	human_yeast_ecoli_uniport_reviewed_2023_8_30	UBA6	A0AVT1	A0AVT1	UBA6_HUMAN	0	4687.048828125	GHTEVIVPHLTESYNSHR	GHTEVIVPHLTESYNSHR	639.3831787109375	15.686474800109863	directDIA™	_GHTEVIVPHLTESYNSHR_	_GHTEVIVPHLTESYNSHR_.4	5.344020335562437E-13	4	_GHTEVIVPHLTESYNSHR_.4	519.7619018554688	694.3244018554688	1	b5	noloss	524.246337890625	5	b	True	550.1684007484948	2542.3642826454975	549.007568359375	2537
A	LFQ_timsTOFPro_diaPASEF_Condition_A_Sample_Alpha_01	NA	1	human_yeast_ecoli_uniport_reviewed_2023_8_30	UBA6	A0AVT1	A0AVT1	UBA6_HUMAN	0	4687.048828125	GHTEVIVPHLTESYNSHR	GHTEVIVPHLTESYNSHR	639.3831787109375	15.686474800109863	directDIA™	_GHTEVIVPHLTESYNSHR_	_GHTEVIVPHLTESYNSHR_.4	5.344020335562437E-13	4	_GHTEVIVPHLTESYNSHR_.4	519.7619018554688	694.3244018554688	2	y9	noloss	553.764892578125	9	y	True	31.517409080090378	178.37636669724026	31.450908660888672	178
A	LFQ_timsTOFPro_diaPASEF_Condition_A_Sample_Alpha_01	NA	1	human_yeast_ecoli_uniport_reviewed_2023_8_30	UBA6	A0AVT1	A0AVT1	UBA6_HUMAN	0	4687.048828125	GHTEVIVPHLTESYNSHR	GHTEVIVPHLTESYNSHR	639.3831787109375	15.686474800109863	directDIA™	_GHTEVIVPHLTESYNSHR_	_GHTEVIVPHLTESYNSHR_.4	5.344020335562437E-13	4	_GHTEVIVPHLTESYNSHR_.4	519.7619018554688	694.3244018554688	1	y4	noloss	513.2528076171875	4	y	False	228.95505522590804	762.6090733516845	228.4719696044922	761
A	LFQ_timsTOFPro_diaPASEF_Condition_A_Sample_Alpha_01	NA	1	human_yeast_ecoli_uniport_reviewed_2023_8_30	UBA6	A0AVT1	A0AVT1	UBA6_HUMAN	0	4687.048828125	GHTEVIVPHLTESYNSHR	GHTEVIVPHLTESYNSHR	639.3831787109375	15.686474800109863	directDIA™	_GHTEVIVPHLTESYNSHR_	_GHTEVIVPHLTESYNSHR_.2	2.32193347300255E-13	2	_GHTEVIVPHLTESYNSHR_.2	1038.5164794921875	104.97496032714844	1	y11	noloss	1340.6341552734375	11	y	False	14.287814806423814	102.19745739462184	14.260209083557129	102
A	LFQ_timsTOFPro_diaPASEF_Condition_A_Sample_Alpha_01	NA	1	human_yeast_ecoli_uniport_reviewed_2023_8_30	UBA6	A0AVT1	A0AVT1	UBA6_HUMAN	0	4687.048828125	GHTEVIVPHLTESYNSHR	GHTEVIVPHLTESYNSHR	639.3831787109375	15.686474800109863	directDIA™	_GHTEVIVPHLTESYNSHR_	_GHTEVIVPHLTESYNSHR_.2	2.32193347300255E-13	2	_GHTEVIVPHLTESYNSHR_.2	1038.5164794921875	104.97496032714844	1	b7	noloss	736.3988037109375	7	b	False	60.97591728225008	351.67948574031635	60.85810470581055	351
A	LFQ_timsTOFPro_diaPASEF_Condition_A_Sample_Alpha_01	NA	1	human_yeast_ecoli_uniport_reviewed_2023_8_30	UBA6	A0AVT1	A0AVT1	UBA6_HUMAN	0	4687.048828125	GHTEVIVPHLTESYNSHR	GHTEVIVPHLTESYNSHR	639.3831787109375	15.686474800109863	directDIA™	_GHTEVIVPHLTESYNSHR_	_GHTEVIVPHLTESYNSHR_.2	2.32193347300255E-13	2	_GHTEVIVPHLTESYNSHR_.2	1038.5164794921875	104.97496032714844	1	b6	noloss	637.3303833007812	6	b	False	29.711225587305105	203.39297893243366	29.653820037841797	203
A	LFQ_timsTOFPro_diaPASEF_Condition_A_Sample_Alpha_01	NA	1	human_yeast_ecoli_uniport_reviewed_2023_8_30	UBA6	A0AVT1	A0AVT1	UBA6_HUMAN	0	4687.048828125	GHTEVIVPHLTESYNSHR	GHTEVIVPHLTESYNSHR	639.3831787109375	15.686474800109863	directDIA™	_GHTEVIVPHLTESYNSHR_	_GHTEVIVPHLTESYNSHR_.2	2.32193347300255E-13	2	_GHTEVIVPHLTESYNSHR_.2	1038.5164794921875	104.97496032714844	1	y12	noloss	1439.70263671875	12	y	True	1	1	0.7335128784179688	0.8423826098442078
A	LFQ_timsTOFPro_diaPASEF_Condition_A_Sample_Alpha_01	NA	1	human_yeast_ecoli_uniport_reviewed_2023_8_30	UBA6	A0AVT1	A0AVT1	UBA6_HUMAN	0	4687.048828125	GHTEVIVPHLTESYNSHR	GHTEVIVPHLTESYNSHR	639.3831787109375	15.686474800109863	directDIA™	_GHTEVIVPHLTESYNSHR_	_GHTEVIVPHLTESYNSHR_.2	2.32193347300255E-13	2	_GHTEVIVPHLTESYNSHR_.2	1038.5164794921875	104.97496032714844	1	b5	noloss	524.246337890625	5	b	True	18.65169696537495	143.2768275238326	18.615659713745117	143
A	LFQ_timsTOFPro_diaPASEF_Condition_A_Sample_Alpha_01	NA	1	human_yeast_ecoli_uniport_reviewed_2023_8_30	UBA6	A0AVT1	A0AVT1	UBA6_HUMAN	0	4687.048828125	GHTEVIVPHLTESYNSHR	GHTEVIVPHLTESYNSHR	639.3831787109375	15.686474800109863	directDIA™	_GHTEVIVPHLTESYNSHR_	_GHTEVIVPHLTESYNSHR_.2	2.32193347300255E-13	2	_GHTEVIVPHLTESYNSHR_.2	1038.5164794921875	104.97496032714844	1	y9	noloss	1106.5224609375	9	y	True	2.871259057603928	45.08711355645082	2.8657114505767822	45
A	LFQ_timsTOFPro_diaPASEF_Condition_A_Sample_Alpha_01	NA	1	human_yeast_ecoli_uniport_reviewed_2023_8_30	UBA6	A0AVT1	A0AVT1	UBA6_HUMAN	0	4687.048828125	MLYVPVMPGHAK	MLYVPVMPGHAK	761.9573974609375	40.96023178100586	directDIA™	_MLYVPVMPGHAK_	_MLYVPVMPGHAK_.2	2.1963749240893672E-16	2	_MLYVPVMPGHAK_.2	671.8541259765625	1131.4688720703125	1	y8	noloss	836.4447021484375	8	y	False	696.8180760680191	3083.667255798041	710.9034423828125	3146
A	LFQ_timsTOFPro_diaPASEF_Condition_A_Sample_Alpha_01	NA	1	human_yeast_ecoli_uniport_reviewed_2023_8_30	UBA6	A0AVT1	A0AVT1	UBA6_HUMAN	0	4687.048828125	MLYVPVMPGHAK	MLYVPVMPGHAK	761.9573974609375	40.96023178100586	directDIA™	_MLYVPVMPGHAK_	_MLYVPVMPGHAK_.2	2.1963749240893672E-16	2	_MLYVPVMPGHAK_.2	671.8541259765625	1131.4688720703125	1	b3	noloss	408.1951599121094	3	b	False	198.33479555647386	1052.7204808414165	202.34390258789062	1074
A	LFQ_timsTOFPro_diaPASEF_Condition_A_Sample_Alpha_01	NA	1	human_yeast_ecoli_uniport_reviewed_2023_8_30	UBA6	A0AVT1	A0AVT1	UBA6_HUMAN	0	4687.048828125	MLYVPVMPGHAK	MLYVPVMPGHAK	761.9573974609375	40.96023178100586	directDIA™	_MLYVPVMPGHAK_	_MLYVPVMPGHAK_.2	2.1963749240893672E-16	2	_MLYVPVMPGHAK_.2	671.8541259765625	1131.4688720703125	1	y10	noloss	1098.576416015625	10	y	True	75.55365011837178	355.80776028438936	77.08087921142578	363
A	LFQ_timsTOFPro_diaPASEF_Condition_A_Sample_Alpha_01	NA	1	human_yeast_ecoli_uniport_reviewed_2023_8_30	UBA6	A0AVT1	A0AVT1	UBA6_HUMAN	0	4687.048828125	MLYVPVMPGHAK	MLYVPVMPGHAK	761.9573974609375	40.96023178100586	directDIA™	_MLYVPVMPGHAK_	_MLYVPVMPGHAK_.2	2.1963749240893672E-16	2	_MLYVPVMPGHAK_.2	671.8541259765625	1131.4688720703125	1	y9	noloss	935.5131225585938	9	y	True	74.52531112279887	419.5198936686464	76.03175354003906	428
A	LFQ_timsTOFPro_diaPASEF_Condition_A_Sample_Alpha_01	NA	1	human_yeast_ecoli_uniport_reviewed_2023_8_30	UBA6	A0AVT1	A0AVT1	UBA6_HUMAN	0	4687.048828125	MLYVPVMPGHAK	MLYVPVMPGHAK	761.9573974609375	40.96023178100586	directDIA™	_MLYVPVMPGHAK_	_MLYVPVMPGHAK_.2	2.1963749240893672E-16	2	_MLYVPVMPGHAK_.2	671.8541259765625	1131.4688720703125	1	y5	noloss	509.2830505371094	5	y	False	236.31601188077676	1117.4128008931236	241.09286499023438	1140
A	LFQ_timsTOFPro_diaPASEF_Condition_A_Sample_Alpha_01	NA	1	human_yeast_ecoli_uniport_reviewed_2023_8_30	UBA6	A0AVT1	A0AVT1	UBA6_HUMAN	0	4687.048828125	MLYVPVMPGHAK	MLYVPVMPGHAK	761.9573974609375	40.96023178100586	directDIA™	_MLYVPVMPGHAK_	_MLYVPVMPGHAK_.2	2.1963749240893672E-16	2	_MLYVPVMPGHAK_.2	671.8541259765625	1131.4688720703125	1	y6	noloss	640.3235473632812	6	y	True	344.7712975306137	2071.134428322079	351.7404479980469	2113
A	LFQ_timsTOFPro_diaPASEF_Condition_A_Sample_Alpha_01	NA	1	human_yeast_ecoli_uniport_reviewed_2023_8_30	UBA6	A0AVT1	A0AVT1	UBA6_HUMAN	0	4687.048828125	MLYVPVMPGHAK	MLYVPVMPGHAK	761.9573974609375	40.96023178100586	directDIA™	_MLYVPVMPGHAK_	_MLYVPVMPGHAK_.3	2.188871192848351E-11	3	_MLYVPVMPGHAK_.3	448.238525390625	392.4459533691406	1	y5	noloss	509.2830505371094	5	y	False	147.01047912717266	796.890020290839	149.98245239257812	813
A	LFQ_timsTOFPro_diaPASEF_Condition_A_Sample_Alpha_01	NA	1	human_yeast_ecoli_uniport_reviewed_2023_8_30	UBA6	A0AVT1	A0AVT1	UBA6_HUMAN	0	4687.048828125	MLYVPVMPGHAK	MLYVPVMPGHAK	761.9573974609375	40.96023178100586	directDIA™	_MLYVPVMPGHAK_	_MLYVPVMPGHAK_.3	2.188871192848351E-11	3	_MLYVPVMPGHAK_.3	448.238525390625	392.4459533691406	2	y8	noloss	418.72601318359375	8	y	True	19.191070704997575	113.701405109148	19.579038619995117	116
A	LFQ_timsTOFPro_diaPASEF_Condition_A_Sample_Alpha_01	NA	1	human_yeast_ecoli_uniport_reviewed_2023_8_30	UBA6	A0AVT1	A0AVT1	UBA6_HUMAN	0	4687.048828125	MLYVPVMPGHAK	MLYVPVMPGHAK	761.9573974609375	40.96023178100586	directDIA™	_MLYVPVMPGHAK_	_MLYVPVMPGHAK_.3	2.188871192848351E-11	3	_MLYVPVMPGHAK_.3	448.238525390625	392.4459533691406	1	y6	noloss	640.3235473632812	6	y	False	52.7122100593637	307.77794141614197	53.7778434753418	314
A	LFQ_timsTOFPro_diaPASEF_Condition_A_Sample_Alpha_01	NA	1	human_yeast_ecoli_uniport_reviewed_2023_8_30	UBA6	A0AVT1	A0AVT1	UBA6_HUMAN	0	4687.048828125	MLYVPVMPGHAK	MLYVPVMPGHAK	761.9573974609375	40.96023178100586	directDIA™	_MLYVPVMPGHAK_	_MLYVPVMPGHAK_.3	2.188871192848351E-11	3	_MLYVPVMPGHAK_.3	448.238525390625	392.4459533691406	1	y8	noloss	836.4447021484375	8	y	True	36.0202894562238	241.12539359353798	36.748477935791016	246
A	LFQ_timsTOFPro_diaPASEF_Condition_A_Sample_Alpha_01	NA	1	human_yeast_ecoli_uniport_reviewed_2023_8_30	UBA6	A0AVT1	A0AVT1	UBA6_HUMAN	0	4687.048828125	MLYVPVMPGHAK	MLYVPVMPGHAK	761.9573974609375	40.96023178100586	directDIA™	_MLYVPVMPGHAK_	_MLYVPVMPGHAK_.3	2.188871192848351E-11	3	_MLYVPVMPGHAK_.3	448.238525390625	392.4459533691406	1	b3	noloss	408.1951599121094	3	b	True	52.392785606560174	276.412036558446	53.451961517333984	282
A	LFQ_timsTOFPro_diaPASEF_Condition_A_Sample_Alpha_01	NA	1	human_yeast_ecoli_uniport_reviewed_2023_8_30	UBA6	A0AVT1	A0AVT1	UBA6_HUMAN	0	4687.048828125	MLYVPVMPGHAK	MLYVPVMPGHAK	761.9573974609375	40.96023178100586	directDIA™	_MLYVPVMPGHAK_	_MLYVPVMPGHAK_.3	2.188871192848351E-11	3	_MLYVPVMPGHAK_.3	448.238525390625	392.4459533691406	1	y7	noloss	739.3919677734375	7	y	False	192.7232636603622	1058.59928894724	196.61936950683594	1080
A	LFQ_timsTOFPro_diaPASEF_Condition_A_Sample_Alpha_01	NA	1	human_yeast_ecoli_uniport_reviewed_2023_8_30	UBA6	A0AVT1	A0AVT1	UBA6_HUMAN	0	4687.048828125	LFCDFGDEFEVLDTTGEEPK	LFCDFGDEFEVLDTTGEEPK	1576.9091796875	96.29283905029297	directDIA™	_LFC[Carbamidomethyl (C)]DFGDEFEVLDTTGEEPK_	_LFC[Carbamidomethyl (C)]DFGDEFEVLDTTGEEPK_.2	4.833944500414336E-06	2	_LFC[Carbamidomethyl (C)]DFGDEFEVLDTTGEEPK_.2	1174.517333984375	1576.9091796875	1	y15	noloss	1665.7490234375	15	y	True	31.09597541662877	186.3289140238077	31.374858856201172	188
A	LFQ_timsTOFPro_diaPASEF_Condition_A_Sample_Alpha_01	NA	1	human_yeast_ecoli_uniport_reviewed_2023_8_30	UBA6	A0AVT1	A0AVT1	UBA6_HUMAN	0	4687.048828125	LFCDFGDEFEVLDTTGEEPK	LFCDFGDEFEVLDTTGEEPK	1576.9091796875	96.29283905029297	directDIA™	_LFC[Carbamidomethyl (C)]DFGDEFEVLDTTGEEPK_	_LFC[Carbamidomethyl (C)]DFGDEFEVLDTTGEEPK_.2	4.833944500414336E-06	2	_LFC[Carbamidomethyl (C)]DFGDEFEVLDTTGEEPK_.2	1174.517333984375	1576.9091796875	1	y9	noloss	989.4785766601562	9	y	False	707.8528124999978	2618.5159087813827	714.201171875	2642
A	LFQ_timsTOFPro_diaPASEF_Condition_A_Sample_Alpha_01	NA	1	human_yeast_ecoli_uniport_reviewed_2023_8_30	UBA6	A0AVT1	A0AVT1	UBA6_HUMAN	0	4687.048828125	LFCDFGDEFEVLDTTGEEPK	LFCDFGDEFEVLDTTGEEPK	1576.9091796875	96.29283905029297	directDIA™	_LFC[Carbamidomethyl (C)]DFGDEFEVLDTTGEEPK_	_LFC[Carbamidomethyl (C)]DFGDEFEVLDTTGEEPK_.2	4.833944500414336E-06	2	_LFC[Carbamidomethyl (C)]DFGDEFEVLDTTGEEPK_.2	1174.517333984375	1576.9091796875	1	y8	noloss	876.39453125	8	y	False	702.1737644248923	2198.284740983008	708.47119140625	2218
A	LFQ_timsTOFPro_diaPASEF_Condition_A_Sample_Alpha_01	NA	1	human_yeast_ecoli_uniport_reviewed_2023_8_30	UBA6	A0AVT1	A0AVT1	UBA6_HUMAN	0	4687.048828125	LFCDFGDEFEVLDTTGEEPK	LFCDFGDEFEVLDTTGEEPK	1576.9091796875	96.29283905029297	directDIA™	_LFC[Carbamidomethyl (C)]DFGDEFEVLDTTGEEPK_	_LFC[Carbamidomethyl (C)]DFGDEFEVLDTTGEEPK_.2	4.833944500414336E-06	2	_LFC[Carbamidomethyl (C)]DFGDEFEVLDTTGEEPK_.2	1174.517333984375	1576.9091796875	1	y10	noloss	1088.5469970703125	10	y	True	347.86776692360155	1167.5290463832205	350.98760986328125	1178
A	LFQ_timsTOFPro_diaPASEF_Condition_A_Sample_Alpha_01	NA	1	human_yeast_ecoli_uniport_reviewed_2023_8_30	UBA6	A0AVT1	A0AVT1	UBA6_HUMAN	0	4687.048828125	LFCDFGDEFEVLDTTGEEPK	LFCDFGDEFEVLDTTGEEPK	1576.9091796875	96.29283905029297	directDIA™	_LFC[Carbamidomethyl (C)]DFGDEFEVLDTTGEEPK_	_LFC[Carbamidomethyl (C)]DFGDEFEVLDTTGEEPK_.2	4.833944500414336E-06	2	_LFC[Carbamidomethyl (C)]DFGDEFEVLDTTGEEPK_.2	1174.517333984375	1576.9091796875	1	y12	noloss	1364.657958984375	12	y	True	63.515907649765595	287.42226099417144	64.0855484008789	290
A	LFQ_timsTOFPro_diaPASEF_Condition_A_Sample_Alpha_01	NA	1	human_yeast_ecoli_uniport_reviewed_2023_8_30	UBA6	A0AVT1	A0AVT1	UBA6_HUMAN	0	4687.048828125	LFCDFGDEFEVLDTTGEEPK	LFCDFGDEFEVLDTTGEEPK	1576.9091796875	96.29283905029297	directDIA™	_LFC[Carbamidomethyl (C)]DFGDEFEVLDTTGEEPK_	_LFC[Carbamidomethyl (C)]DFGDEFEVLDTTGEEPK_.2	4.833944500414336E-06	2	_LFC[Carbamidomethyl (C)]DFGDEFEVLDTTGEEPK_.2	1174.517333984375	1576.9091796875	1	y11	noloss	1217.589599609375	11	y	False	166.8825903285389	867.2223392065517	168.3792724609375	875
A	LFQ_timsTOFPro_diaPASEF_Condition_A_Sample_Alpha_01	NA	1	human_yeast_ecoli_uniport_reviewed_2023_8_30	UBA6	A0AVT1	A0AVT1	UBA6_HUMAN	0	4687.048828125	GHTEVIVPHLTESYNSHRDPPEEEIPFCTLK	GHTEVIVPHLTESYNSHRDPPEEEIPFCTLK	591.83984375	53.947364807128906	directDIA™	_GHTEVIVPHLTESYNSHRDPPEEEIPFC[Carbamidomethyl (C)]TLK_	_GHTEVIVPHLTESYNSHRDPPEEEIPFC[Carbamidomethyl (C)]TLK_.5	6.4864604725150225E-06	5	_GHTEVIVPHLTESYNSHRDPPEEEIPFC[Carbamidomethyl (C)]TLK_.5	727.155517578125	934.5319213867188	1	y6	noloss	765.3963623046875	6	y	False	794.3784459935262	2905.5888043837163	795.8578491210938	2911
A	LFQ_timsTOFPro_diaPASEF_Condition_A_Sample_Alpha_01	NA	1	human_yeast_ecoli_uniport_reviewed_2023_8_30	UBA6	A0AVT1	A0AVT1	UBA6_HUMAN	0	4687.048828125	GHTEVIVPHLTESYNSHRDPPEEEIPFCTLK	GHTEVIVPHLTESYNSHRDPPEEEIPFCTLK	591.83984375	53.947364807128906	directDIA™	_GHTEVIVPHLTESYNSHRDPPEEEIPFC[Carbamidomethyl (C)]TLK_	_GHTEVIVPHLTESYNSHRDPPEEEIPFC[Carbamidomethyl (C)]TLK_.5	6.4864604725150225E-06	5	_GHTEVIVPHLTESYNSHRDPPEEEIPFC[Carbamidomethyl (C)]TLK_.5	727.155517578125	934.5319213867188	1	b4	noloss	425.17791748046875	4	b	True	15.531875865061595	86.83827756145081	15.56080150604248	87
A	LFQ_timsTOFPro_diaPASEF_Condition_A_Sample_Alpha_01	NA	1	human_yeast_ecoli_uniport_reviewed_2023_8_30	UBA6	A0AVT1	A0AVT1	UBA6_HUMAN	0	4687.048828125	GHTEVIVPHLTESYNSHRDPPEEEIPFCTLK	GHTEVIVPHLTESYNSHRDPPEEEIPFCTLK	591.83984375	53.947364807128906	directDIA™	_GHTEVIVPHLTESYNSHRDPPEEEIPFC[Carbamidomethyl (C)]TLK_	_GHTEVIVPHLTESYNSHRDPPEEEIPFC[Carbamidomethyl (C)]TLK_.5	6.4864604725150225E-06	5	_GHTEVIVPHLTESYNSHRDPPEEEIPFC[Carbamidomethyl (C)]TLK_.5	727.155517578125	934.5319213867188	3	b24	noloss	918.7633056640625	24	b	False	114.41629717193999	601.8790962017797	114.62937927246094	603
A	LFQ_timsTOFPro_diaPASEF_Condition_A_Sample_Alpha_01	NA	1	human_yeast_ecoli_uniport_reviewed_2023_8_30	UBA6	A0AVT1	A0AVT1	UBA6_HUMAN	0	4687.048828125	GHTEVIVPHLTESYNSHRDPPEEEIPFCTLK	GHTEVIVPHLTESYNSHRDPPEEEIPFCTLK	591.83984375	53.947364807128906	directDIA™	_GHTEVIVPHLTESYNSHRDPPEEEIPFC[Carbamidomethyl (C)]TLK_	_GHTEVIVPHLTESYNSHRDPPEEEIPFC[Carbamidomethyl (C)]TLK_.5	6.4864604725150225E-06	5	_GHTEVIVPHLTESYNSHRDPPEEEIPFC[Carbamidomethyl (C)]TLK_.5	727.155517578125	934.5319213867188	4	b23	noloss	657.0636596679688	23	b	False	25.737207640517795	178.66726072988155	25.785139083862305	179
A	LFQ_timsTOFPro_diaPASEF_Condition_A_Sample_Alpha_01	NA	1	human_yeast_ecoli_uniport_reviewed_2023_8_30	UBA6	A0AVT1	A0AVT1	UBA6_HUMAN	0	4687.048828125	GHTEVIVPHLTESYNSHRDPPEEEIPFCTLK	GHTEVIVPHLTESYNSHRDPPEEEIPFCTLK	591.83984375	53.947364807128906	directDIA™	_GHTEVIVPHLTESYNSHRDPPEEEIPFC[Carbamidomethyl (C)]TLK_	_GHTEVIVPHLTESYNSHRDPPEEEIPFC[Carbamidomethyl (C)]TLK_.5	6.4864604725150225E-06	5	_GHTEVIVPHLTESYNSHRDPPEEEIPFC[Carbamidomethyl (C)]TLK_.5	727.155517578125	934.5319213867188	4	b24	noloss	689.3243408203125	24	b	True	99.0139665409405	412.2322831365424	99.1983642578125	413
A	LFQ_timsTOFPro_diaPASEF_Condition_A_Sample_Alpha_01	NA	1	human_yeast_ecoli_uniport_reviewed_2023_8_30	UBA6	A0AVT1	A0AVT1	UBA6_HUMAN	0	4687.048828125	GHTEVIVPHLTESYNSHRDPPEEEIPFCTLK	GHTEVIVPHLTESYNSHRDPPEEEIPFCTLK	591.83984375	53.947364807128906	directDIA™	_GHTEVIVPHLTESYNSHRDPPEEEIPFC[Carbamidomethyl (C)]TLK_	_GHTEVIVPHLTESYNSHRDPPEEEIPFC[Carbamidomethyl (C)]TLK_.5	6.4864604725150225E-06	5	_GHTEVIVPHLTESYNSHRDPPEEEIPFC[Carbamidomethyl (C)]TLK_.5	727.155517578125	934.5319213867188	1	b6	noloss	637.3303833007812	6	b	True	63.733605064633764	351.3456747313872	63.852298736572266	352
A	LFQ_timsTOFPro_diaPASEF_Condition_A_Sample_Alpha_01	NA	1	human_yeast_ecoli_uniport_reviewed_2023_8_30	UBA6	A0AVT1	A0AVT1	UBA6_HUMAN	0	4687.048828125	GHTEVIVPHLTESYNSHRDPPEEEIPFCTLK	GHTEVIVPHLTESYNSHRDPPEEEIPFCTLK	591.83984375	53.947364807128906	directDIA™	_GHTEVIVPHLTESYNSHRDPPEEEIPFC[Carbamidomethyl (C)]TLK_	_GHTEVIVPHLTESYNSHRDPPEEEIPFC[Carbamidomethyl (C)]TLK_.4	2.3533756378715646E-09	4	_GHTEVIVPHLTESYNSHRDPPEEEIPFC[Carbamidomethyl (C)]TLK_.4	908.692626953125	249.1477813720703	1	y6	noloss	765.3963623046875	6	y	False	107.3262301470138	487.79155810164013	107.59211730957031	489
A	LFQ_timsTOFPro_diaPASEF_Condition_A_Sample_Alpha_01	NA	1	human_yeast_ecoli_uniport_reviewed_2023_8_30	UBA6	A0AVT1	A0AVT1	UBA6_HUMAN	0	4687.048828125	GHTEVIVPHLTESYNSHRDPPEEEIPFCTLK	GHTEVIVPHLTESYNSHRDPPEEEIPFCTLK	591.83984375	53.947364807128906	directDIA™	_GHTEVIVPHLTESYNSHRDPPEEEIPFC[Carbamidomethyl (C)]TLK_	_GHTEVIVPHLTESYNSHRDPPEEEIPFC[Carbamidomethyl (C)]TLK_.4	2.3533756378715646E-09	4	_GHTEVIVPHLTESYNSHRDPPEEEIPFC[Carbamidomethyl (C)]TLK_.4	908.692626953125	249.1477813720703	3	b25	noloss	956.4580078125	25	b	True	21.77794562936993	153.61942729581304	21.831897735595703	154
A	LFQ_timsTOFPro_diaPASEF_Condition_A_Sample_Alpha_01	NA	1	human_yeast_ecoli_uniport_reviewed_2023_8_30	UBA6	A0AVT1	A0AVT1	UBA6_HUMAN	0	4687.048828125	GHTEVIVPHLTESYNSHRDPPEEEIPFCTLK	GHTEVIVPHLTESYNSHRDPPEEEIPFCTLK	591.83984375	53.947364807128906	directDIA™	_GHTEVIVPHLTESYNSHRDPPEEEIPFC[Carbamidomethyl (C)]TLK_	_GHTEVIVPHLTESYNSHRDPPEEEIPFC[Carbamidomethyl (C)]TLK_.4	2.3533756378715646E-09	4	_GHTEVIVPHLTESYNSHRDPPEEEIPFC[Carbamidomethyl (C)]TLK_.4	908.692626953125	249.1477813720703	3	y28	noloss	1112.87841796875	28	y	False	55.62294337943657	403.9991432130148	55.7607421875	405
A	LFQ_timsTOFPro_diaPASEF_Condition_A_Sample_Alpha_01	NA	1	human_yeast_ecoli_uniport_reviewed_2023_8_30	UBA6	A0AVT1	A0AVT1	UBA6_HUMAN	0	4687.048828125	GHTEVIVPHLTESYNSHRDPPEEEIPFCTLK	GHTEVIVPHLTESYNSHRDPPEEEIPFCTLK	591.83984375	53.947364807128906	directDIA™	_GHTEVIVPHLTESYNSHRDPPEEEIPFC[Carbamidomethyl (C)]TLK_	_GHTEVIVPHLTESYNSHRDPPEEEIPFC[Carbamidomethyl (C)]TLK_.4	2.3533756378715646E-09	4	_GHTEVIVPHLTESYNSHRDPPEEEIPFC[Carbamidomethyl (C)]TLK_.4	908.692626953125	249.1477813720703	3	b24	noloss	918.7633056640625	24	b	True	136.8376682413901	660.3640316222612	137.17666625976562	662
A	LFQ_timsTOFPro_diaPASEF_Condition_A_Sample_Alpha_01	NA	1	human_yeast_ecoli_uniport_reviewed_2023_8_30	UBA6	A0AVT1	A0AVT1	UBA6_HUMAN	0	4687.048828125	GHTEVIVPHLTESYNSHRDPPEEEIPFCTLK	GHTEVIVPHLTESYNSHRDPPEEEIPFCTLK	591.83984375	53.947364807128906	directDIA™	_GHTEVIVPHLTESYNSHRDPPEEEIPFC[Carbamidomethyl (C)]TLK_	_GHTEVIVPHLTESYNSHRDPPEEEIPFC[Carbamidomethyl (C)]TLK_.4	2.3533756378715646E-09	4	_GHTEVIVPHLTESYNSHRDPPEEEIPFC[Carbamidomethyl (C)]TLK_.4	908.692626953125	249.1477813720703	1	b7	noloss	736.3988037109375	7	b	False	86.19860899837641	586.5469042203771	86.41215515136719	588
A	LFQ_timsTOFPro_diaPASEF_Condition_A_Sample_Alpha_01	NA	1	human_yeast_ecoli_uniport_reviewed_2023_8_30	UBA6	A0AVT1	A0AVT1	UBA6_HUMAN	0	4687.048828125	GHTEVIVPHLTESYNSHRDPPEEEIPFCTLK	GHTEVIVPHLTESYNSHRDPPEEEIPFCTLK	591.83984375	53.947364807128906	directDIA™	_GHTEVIVPHLTESYNSHRDPPEEEIPFC[Carbamidomethyl (C)]TLK_	_GHTEVIVPHLTESYNSHRDPPEEEIPFC[Carbamidomethyl (C)]TLK_.4	2.3533756378715646E-09	4	_GHTEVIVPHLTESYNSHRDPPEEEIPFC[Carbamidomethyl (C)]TLK_.4	908.692626953125	249.1477813720703	3	b28	noloss	1091.17529296875	28	b	True	3.3880325402851352	96.76028862138874	3.39642596244812	97
A	LFQ_timsTOFPro_diaPASEF_Condition_A_Sample_Alpha_01	NA	1	human_yeast_ecoli_uniport_reviewed_2023_8_30	UBA6	A0AVT1	A0AVT1	UBA6_HUMAN	0	4687.048828125	IQSGHSLEGCFQVIK	IQSGHSLEGCFQVIK	538.8511962890625	33.64914321899414	directDIA™	_IQSGHSLEGC[Carbamidomethyl (C)]FQVIK_	_IQSGHSLEGC[Carbamidomethyl (C)]FQVIK_.3	7.730779249923323E-09	3	_IQSGHSLEGC[Carbamidomethyl (C)]FQVIK_.3	568.2908935546875	733.5109252929688	2	y13	noloss	731.3613891601562	13	y	False	322.0847449553566	1387.2871985366805	325.9649353027344	1404
A	LFQ_timsTOFPro_diaPASEF_Condition_A_Sample_Alpha_01	NA	1	human_yeast_ecoli_uniport_reviewed_2023_8_30	UBA6	A0AVT1	A0AVT1	UBA6_HUMAN	0	4687.048828125	IQSGHSLEGCFQVIK	IQSGHSLEGCFQVIK	538.8511962890625	33.64914321899414	directDIA™	_IQSGHSLEGC[Carbamidomethyl (C)]FQVIK_	_IQSGHSLEGC[Carbamidomethyl (C)]FQVIK_.3	7.730779249923323E-09	3	_IQSGHSLEGC[Carbamidomethyl (C)]FQVIK_.3	568.2908935546875	733.5109252929688	2	y14	noloss	795.3906860351562	14	y	False	169.4646208830107	814.1913472893339	171.5061798095703	824
A	LFQ_timsTOFPro_diaPASEF_Condition_A_Sample_Alpha_01	NA	1	human_yeast_ecoli_uniport_reviewed_2023_8_30	UBA6	A0AVT1	A0AVT1	UBA6_HUMAN	0	4687.048828125	IQSGHSLEGCFQVIK	IQSGHSLEGCFQVIK	538.8511962890625	33.64914321899414	directDIA™	_IQSGHSLEGC[Carbamidomethyl (C)]FQVIK_	_IQSGHSLEGC[Carbamidomethyl (C)]FQVIK_.3	7.730779249923323E-09	3	_IQSGHSLEGC[Carbamidomethyl (C)]FQVIK_.3	568.2908935546875	733.5109252929688	2	y14	NH3	786.8773803710938	14	y	False	241.96154278416995	1185.7155543048552	244.87648010253906	1200
A	LFQ_timsTOFPro_diaPASEF_Condition_A_Sample_Alpha_01	NA	1	human_yeast_ecoli_uniport_reviewed_2023_8_30	UBA6	A0AVT1	A0AVT1	UBA6_HUMAN	0	4687.048828125	IQSGHSLEGCFQVIK	IQSGHSLEGCFQVIK	538.8511962890625	33.64914321899414	directDIA™	_IQSGHSLEGC[Carbamidomethyl (C)]FQVIK_	_IQSGHSLEGC[Carbamidomethyl (C)]FQVIK_.3	7.730779249923323E-09	3	_IQSGHSLEGC[Carbamidomethyl (C)]FQVIK_.3	568.2908935546875	733.5109252929688	2	y13	H2O	722.3560791015625	13	y	True	141.87053618446953	704.5126585161348	143.5796661376953	713
A	LFQ_timsTOFPro_diaPASEF_Condition_A_Sample_Alpha_01	NA	1	human_yeast_ecoli_uniport_reviewed_2023_8_30	UBA6	A0AVT1	A0AVT1	UBA6_HUMAN	0	4687.048828125	IQSGHSLEGCFQVIK	IQSGHSLEGCFQVIK	538.8511962890625	33.64914321899414	directDIA™	_IQSGHSLEGC[Carbamidomethyl (C)]FQVIK_	_IQSGHSLEGC[Carbamidomethyl (C)]FQVIK_.3	7.730779249923323E-09	3	_IQSGHSLEGC[Carbamidomethyl (C)]FQVIK_.3	568.2908935546875	733.5109252929688	1	y8	noloss	980.4869995117188	8	y	True	79.90697318225865	520.7267475988822	80.86962127685547	527
A	LFQ_timsTOFPro_diaPASEF_Condition_A_Sample_Alpha_01	NA	1	human_yeast_ecoli_uniport_reviewed_2023_8_30	UBA6	A0AVT1	A0AVT1	UBA6_HUMAN	0	4687.048828125	IQSGHSLEGCFQVIK	IQSGHSLEGCFQVIK	538.8511962890625	33.64914321899414	directDIA™	_IQSGHSLEGC[Carbamidomethyl (C)]FQVIK_	_IQSGHSLEGC[Carbamidomethyl (C)]FQVIK_.3	7.730779249923323E-09	3	_IQSGHSLEGC[Carbamidomethyl (C)]FQVIK_.3	568.2908935546875	733.5109252929688	1	y7	noloss	851.4443969726562	7	y	True	113.75203795227472	781.5841695459503	115.12242126464844	791
A	LFQ_timsTOFPro_diaPASEF_Condition_A_Sample_Alpha_01	NA	1	human_yeast_ecoli_uniport_reviewed_2023_8_30	UBA6	A0AVT1	A0AVT1	UBA6_HUMAN	0	4687.048828125	IQSGHSLEGCFQVIK	IQSGHSLEGCFQVIK	538.8511962890625	33.64914321899414	directDIA™	_IQSGHSLEGC[Carbamidomethyl (C)]FQVIK_	_IQSGHSLEGC[Carbamidomethyl (C)]FQVIK_.2	5.070907194037881E-06	2	_IQSGHSLEGC[Carbamidomethyl (C)]FQVIK_.2	851.9326782226562	344.1915283203125	2	y13	noloss	731.3613891601562	13	y	False	153.8554986959459	827.3132091632065	155.65695190429688	837
A	LFQ_timsTOFPro_diaPASEF_Condition_A_Sample_Alpha_01	NA	1	human_yeast_ecoli_uniport_reviewed_2023_8_30	UBA6	A0AVT1	A0AVT1	UBA6_HUMAN	0	4687.048828125	IQSGHSLEGCFQVIK	IQSGHSLEGCFQVIK	538.8511962890625	33.64914321899414	directDIA™	_IQSGHSLEGC[Carbamidomethyl (C)]FQVIK_	_IQSGHSLEGC[Carbamidomethyl (C)]FQVIK_.2	5.070907194037881E-06	2	_IQSGHSLEGC[Carbamidomethyl (C)]FQVIK_.2	851.9326782226562	344.1915283203125	1	y7	noloss	851.4443969726562	7	y	True	497.42939333672996	1321.5265957601039	503.253662109375	1337
A	LFQ_timsTOFPro_diaPASEF_Condition_A_Sample_Alpha_01	NA	1	human_yeast_ecoli_uniport_reviewed_2023_8_30	UBA6	A0AVT1	A0AVT1	UBA6_HUMAN	0	4687.048828125	IQSGHSLEGCFQVIK	IQSGHSLEGCFQVIK	538.8511962890625	33.64914321899414	directDIA™	_IQSGHSLEGC[Carbamidomethyl (C)]FQVIK_	_IQSGHSLEGC[Carbamidomethyl (C)]FQVIK_.2	5.070907194037881E-06	2	_IQSGHSLEGC[Carbamidomethyl (C)]FQVIK_.2	851.9326782226562	344.1915283203125	2	b13	noloss	722.337890625	13	b	True	75.01645056491677	480.37541177218435	75.8947982788086	486
A	LFQ_timsTOFPro_diaPASEF_Condition_A_Sample_Alpha_01	NA	1	human_yeast_ecoli_uniport_reviewed_2023_8_30	UBA6	A0AVT1	A0AVT1	UBA6_HUMAN	0	4687.048828125	IQSGHSLEGCFQVIK	IQSGHSLEGCFQVIK	538.8511962890625	33.64914321899414	directDIA™	_IQSGHSLEGC[Carbamidomethyl (C)]FQVIK_	_IQSGHSLEGC[Carbamidomethyl (C)]FQVIK_.2	5.070907194037881E-06	2	_IQSGHSLEGC[Carbamidomethyl (C)]FQVIK_.2	851.9326782226562	344.1915283203125	1	b14	noloss	1556.7525634765625	14	b	True	6.134346553408802	59.3056063916277	6.206171989440918	60
A	LFQ_timsTOFPro_diaPASEF_Condition_A_Sample_Alpha_01	NA	1	human_yeast_ecoli_uniport_reviewed_2023_8_30	UBA6	A0AVT1	A0AVT1	UBA6_HUMAN	0	4687.048828125	IQSGHSLEGCFQVIK	IQSGHSLEGCFQVIK	538.8511962890625	33.64914321899414	directDIA™	_IQSGHSLEGC[Carbamidomethyl (C)]FQVIK_	_IQSGHSLEGC[Carbamidomethyl (C)]FQVIK_.2	5.070907194037881E-06	2	_IQSGHSLEGC[Carbamidomethyl (C)]FQVIK_.2	851.9326782226562	344.1915283203125	1	y10	noloss	1180.60302734375	10	y	False	47.57594907156241	364.72947930851035	48.13300323486328	369
A	LFQ_timsTOFPro_diaPASEF_Condition_A_Sample_Alpha_01	NA	1	human_yeast_ecoli_uniport_reviewed_2023_8_30	UBA6	A0AVT1	A0AVT1	UBA6_HUMAN	0	4687.048828125	IQSGHSLEGCFQVIK	IQSGHSLEGCFQVIK	538.8511962890625	33.64914321899414	directDIA™	_IQSGHSLEGC[Carbamidomethyl (C)]FQVIK_	_IQSGHSLEGC[Carbamidomethyl (C)]FQVIK_.2	5.070907194037881E-06	2	_IQSGHSLEGC[Carbamidomethyl (C)]FQVIK_.2	851.9326782226562	344.1915283203125	2	b12	noloss	672.8037109375	12	b	False	142.76010049005458	885.6303887816404	144.431640625	896
A	LFQ_timsTOFPro_diaPASEF_Condition_A_Sample_Alpha_01	NA	1	human_yeast_ecoli_uniport_reviewed_2023_8_30	UBA6	A0AVT1	A0AVT1	UBA6_HUMAN	0	4687.048828125	KPNVGCQQDSEELLK	KPNVGCQQDSEELLK	655.63671875	1.8808077573776245	directDIA™	_KPNVGC[Carbamidomethyl (C)]QQDSEELLK_	_KPNVGC[Carbamidomethyl (C)]QQDSEELLK_.3	1.011899361967566E-13	3	_KPNVGC[Carbamidomethyl (C)]QQDSEELLK_.3	582.289306640625	1093.4522705078125	1	y7	noloss	833.4251098632812	7	y	False	388.4120700562108	1504.9698464917235	394.87200927734375	1530
A	LFQ_timsTOFPro_diaPASEF_Condition_A_Sample_Alpha_01	NA	1	human_yeast_ecoli_uniport_reviewed_2023_8_30	UBA6	A0AVT1	A0AVT1	UBA6_HUMAN	0	4687.048828125	KPNVGCQQDSEELLK	KPNVGCQQDSEELLK	655.63671875	1.8808077573776245	directDIA™	_KPNVGC[Carbamidomethyl (C)]QQDSEELLK_	_KPNVGC[Carbamidomethyl (C)]QQDSEELLK_.3	1.011899361967566E-13	3	_KPNVGC[Carbamidomethyl (C)]QQDSEELLK_.3	582.289306640625	1093.4522705078125	1	y6	noloss	718.3981323242188	6	y	False	288.91960900534593	1004.296871417026	293.7248229980469	1021
A	LFQ_timsTOFPro_diaPASEF_Condition_A_Sample_Alpha_01	NA	1	human_yeast_ecoli_uniport_reviewed_2023_8_30	UBA6	A0AVT1	A0AVT1	UBA6_HUMAN	0	4687.048828125	KPNVGCQQDSEELLK	KPNVGCQQDSEELLK	655.63671875	1.8808077573776245	directDIA™	_KPNVGC[Carbamidomethyl (C)]QQDSEELLK_	_KPNVGC[Carbamidomethyl (C)]QQDSEELLK_.3	1.011899361967566E-13	3	_KPNVGC[Carbamidomethyl (C)]QQDSEELLK_.3	582.289306640625	1093.4522705078125	1	b7	noloss	784.3770141601562	7	b	True	186.79734770186982	909.8673908528394	189.9040985107422	925
A	LFQ_timsTOFPro_diaPASEF_Condition_A_Sample_Alpha_01	NA	1	human_yeast_ecoli_uniport_reviewed_2023_8_30	UBA6	A0AVT1	A0AVT1	UBA6_HUMAN	0	4687.048828125	KPNVGCQQDSEELLK	KPNVGCQQDSEELLK	655.63671875	1.8808077573776245	directDIA™	_KPNVGC[Carbamidomethyl (C)]QQDSEELLK_	_KPNVGC[Carbamidomethyl (C)]QQDSEELLK_.3	1.011899361967566E-13	3	_KPNVGC[Carbamidomethyl (C)]QQDSEELLK_.3	582.289306640625	1093.4522705078125	1	b4	noloss	439.266357421875	4	b	True	120.88871150550584	415.0962583134035	122.8992919921875	422
A	LFQ_timsTOFPro_diaPASEF_Condition_A_Sample_Alpha_01	NA	1	human_yeast_ecoli_uniport_reviewed_2023_8_30	UBA6	A0AVT1	A0AVT1	UBA6_HUMAN	0	4687.048828125	KPNVGCQQDSEELLK	KPNVGCQQDSEELLK	655.63671875	1.8808077573776245	directDIA™	_KPNVGC[Carbamidomethyl (C)]QQDSEELLK_	_KPNVGC[Carbamidomethyl (C)]QQDSEELLK_.3	1.011899361967566E-13	3	_KPNVGC[Carbamidomethyl (C)]QQDSEELLK_.3	582.289306640625	1093.4522705078125	1	b6	noloss	656.3184814453125	6	b	False	416.1206035825343	1454.8041849419994	423.0413818359375	1479
A	LFQ_timsTOFPro_diaPASEF_Condition_A_Sample_Alpha_01	NA	1	human_yeast_ecoli_uniport_reviewed_2023_8_30	UBA6	A0AVT1	A0AVT1	UBA6_HUMAN	0	4687.048828125	KPNVGCQQDSEELLK	KPNVGCQQDSEELLK	655.63671875	1.8808077573776245	directDIA™	_KPNVGC[Carbamidomethyl (C)]QQDSEELLK_	_KPNVGC[Carbamidomethyl (C)]QQDSEELLK_.3	1.011899361967566E-13	3	_KPNVGC[Carbamidomethyl (C)]QQDSEELLK_.3	582.289306640625	1093.4522705078125	1	y8	noloss	961.483642578125	8	y	True	117.15651083823398	639.3662746533466	119.10501861572266	650
A	LFQ_timsTOFPro_diaPASEF_Condition_A_Sample_Alpha_01	NA	1	human_yeast_ecoli_uniport_reviewed_2023_8_30	UBA6	A0AVT1	A0AVT1	UBA6_HUMAN	0	4687.048828125	KPNVGCQQDSEELLK	KPNVGCQQDSEELLK	655.63671875	1.8808077573776245	directDIA™	_KPNVGC[Carbamidomethyl (C)]QQDSEELLK_	_KPNVGC[Carbamidomethyl (C)]QQDSEELLK_.2	9.501554146159712E-06	2	_KPNVGC[Carbamidomethyl (C)]QQDSEELLK_.2	872.9303588867188	217.8211212158203	2	y14	noloss	808.8828735351562	14	y	False	152.37687908840542	661.0816255628364	154.89352416992188	672
A	LFQ_timsTOFPro_diaPASEF_Condition_A_Sample_Alpha_01	NA	1	human_yeast_ecoli_uniport_reviewed_2023_8_30	UBA6	A0AVT1	A0AVT1	UBA6_HUMAN	0	4687.048828125	KPNVGCQQDSEELLK	KPNVGCQQDSEELLK	655.63671875	1.8808077573776245	directDIA™	_KPNVGC[Carbamidomethyl (C)]QQDSEELLK_	_KPNVGC[Carbamidomethyl (C)]QQDSEELLK_.2	9.501554146159712E-06	2	_KPNVGC[Carbamidomethyl (C)]QQDSEELLK_.2	872.9303588867188	217.8211212158203	1	b14	noloss	1598.7479248046875	14	b	True	3.4930647822455443	57.057640301554336	3.5507559776306152	58
A	LFQ_timsTOFPro_diaPASEF_Condition_A_Sample_Alpha_01	NA	1	human_yeast_ecoli_uniport_reviewed_2023_8_30	UBA6	A0AVT1	A0AVT1	UBA6_HUMAN	0	4687.048828125	KPNVGCQQDSEELLK	KPNVGCQQDSEELLK	655.63671875	1.8808077573776245	directDIA™	_KPNVGC[Carbamidomethyl (C)]QQDSEELLK_	_KPNVGC[Carbamidomethyl (C)]QQDSEELLK_.2	9.501554146159712E-06	2	_KPNVGC[Carbamidomethyl (C)]QQDSEELLK_.2	872.9303588867188	217.8211212158203	2	b14	noloss	799.8775634765625	14	b	False	52.34030157442491	394.48472001591875	53.204750061035156	401
A	LFQ_timsTOFPro_diaPASEF_Condition_A_Sample_Alpha_01	NA	1	human_yeast_ecoli_uniport_reviewed_2023_8_30	UBA6	A0AVT1	A0AVT1	UBA6_HUMAN	0	4687.048828125	KPNVGCQQDSEELLK	KPNVGCQQDSEELLK	655.63671875	1.8808077573776245	directDIA™	_KPNVGC[Carbamidomethyl (C)]QQDSEELLK_	_KPNVGC[Carbamidomethyl (C)]QQDSEELLK_.2	9.501554146159712E-06	2	_KPNVGC[Carbamidomethyl (C)]QQDSEELLK_.2	872.9303588867188	217.8211212158203	1	y11	noloss	1306.5943603515625	11	y	True	31.618188675897482	207.57176040737872	32.1403923034668	211
A	LFQ_timsTOFPro_diaPASEF_Condition_A_Sample_Alpha_01	NA	1	human_yeast_ecoli_uniport_reviewed_2023_8_30	UBA6	A0AVT1	A0AVT1	UBA6_HUMAN	0	4687.048828125	KPNVGCQQDSEELLK	KPNVGCQQDSEELLK	655.63671875	1.8808077573776245	directDIA™	_KPNVGC[Carbamidomethyl (C)]QQDSEELLK_	_KPNVGC[Carbamidomethyl (C)]QQDSEELLK_.2	9.501554146159712E-06	2	_KPNVGC[Carbamidomethyl (C)]QQDSEELLK_.2	872.9303588867188	217.8211212158203	1	b13	noloss	1485.663818359375	13	b	False	13.103936552579372	87.55396529031614	13.32036018371582	89
A	LFQ_timsTOFPro_diaPASEF_Condition_A_Sample_Alpha_01	NA	1	human_yeast_ecoli_uniport_reviewed_2023_8_30	UBA6	A0AVT1	A0AVT1	UBA6_HUMAN	0	4687.048828125	KPNVGCQQDSEELLK	KPNVGCQQDSEELLK	655.63671875	1.8808077573776245	directDIA™	_KPNVGC[Carbamidomethyl (C)]QQDSEELLK_	_KPNVGC[Carbamidomethyl (C)]QQDSEELLK_.2	9.501554146159712E-06	2	_KPNVGC[Carbamidomethyl (C)]QQDSEELLK_.2	872.9303588867188	217.8211212158203	1	y14	noloss	1616.7584228515625	14	y	True	3.0430304365099894	30.4963249887618	3.0932888984680176	31
A	LFQ_timsTOFPro_diaPASEF_Condition_A_Sample_Alpha_01	NA	1	human_yeast_ecoli_uniport_reviewed_2023_8_30	UBA6	A0AVT1	A0AVT1	UBA6_HUMAN	0	4687.048828125	DPPEEEIPFCTLK	DPPEEEIPFCTLK	1027.9708251953125	59.64805603027344	directDIA™	_DPPEEEIPFC[Carbamidomethyl (C)]TLK_	_DPPEEEIPFC[Carbamidomethyl (C)]TLK_.2	4.528292137727097E-16	2	_DPPEEEIPFC[Carbamidomethyl (C)]TLK_.2	787.8739624023438	1027.9708251953125	2	y12	noloss	730.3605346679688	12	y	False	358.38821856651816	1066.6733202360294	359.1699523925781	1069
A	LFQ_timsTOFPro_diaPASEF_Condition_A_Sample_Alpha_01	NA	1	human_yeast_ecoli_uniport_reviewed_2023_8_30	UBA6	A0AVT1	A0AVT1	UBA6_HUMAN	0	4687.048828125	DPPEEEIPFCTLK	DPPEEEIPFCTLK	1027.9708251953125	59.64805603027344	directDIA™	_DPPEEEIPFC[Carbamidomethyl (C)]TLK_	_DPPEEEIPFC[Carbamidomethyl (C)]TLK_.2	4.528292137727097E-16	2	_DPPEEEIPFC[Carbamidomethyl (C)]TLK_.2	787.8739624023438	1027.9708251953125	1	y6	noloss	765.3963623046875	6	y	False	569.6693966892805	1790.0953568787995	570.9119873046875	1794
A	LFQ_timsTOFPro_diaPASEF_Condition_A_Sample_Alpha_01	NA	1	human_yeast_ecoli_uniport_reviewed_2023_8_30	UBA6	A0AVT1	A0AVT1	UBA6_HUMAN	0	4687.048828125	DPPEEEIPFCTLK	DPPEEEIPFCTLK	1027.9708251953125	59.64805603027344	directDIA™	_DPPEEEIPFC[Carbamidomethyl (C)]TLK_	_DPPEEEIPFC[Carbamidomethyl (C)]TLK_.2	4.528292137727097E-16	2	_DPPEEEIPFC[Carbamidomethyl (C)]TLK_.2	787.8739624023438	1027.9708251953125	1	y11	noloss	1362.6610107421875	11	y	True	83.44522063584246	375.1816355554229	83.62723541259766	376
A	LFQ_timsTOFPro_diaPASEF_Condition_A_Sample_Alpha_01	NA	1	human_yeast_ecoli_uniport_reviewed_2023_8_30	UBA6	A0AVT1	A0AVT1	UBA6_HUMAN	0	4687.048828125	DPPEEEIPFCTLK	DPPEEEIPFCTLK	1027.9708251953125	59.64805603027344	directDIA™	_DPPEEEIPFC[Carbamidomethyl (C)]TLK_	_DPPEEEIPFC[Carbamidomethyl (C)]TLK_.2	4.528292137727097E-16	2	_DPPEEEIPFC[Carbamidomethyl (C)]TLK_.2	787.8739624023438	1027.9708251953125	1	y8	noloss	1007.5230102539062	8	y	True	106.64088671667092	525.8529838768826	106.87349700927734	527
A	LFQ_timsTOFPro_diaPASEF_Condition_A_Sample_Alpha_01	NA	1	human_yeast_ecoli_uniport_reviewed_2023_8_30	UBA6	A0AVT1	A0AVT1	UBA6_HUMAN	0	4687.048828125	DPPEEEIPFCTLK	DPPEEEIPFCTLK	1027.9708251953125	59.64805603027344	directDIA™	_DPPEEEIPFC[Carbamidomethyl (C)]TLK_	_DPPEEEIPFC[Carbamidomethyl (C)]TLK_.2	4.528292137727097E-16	2	_DPPEEEIPFC[Carbamidomethyl (C)]TLK_.2	787.8739624023438	1027.9708251953125	1	y7	noloss	878.4804077148438	7	y	False	99.91324417832108	313.3165786287308	100.13117980957031	314
A	LFQ_timsTOFPro_diaPASEF_Condition_A_Sample_Alpha_01	NA	1	human_yeast_ecoli_uniport_reviewed_2023_8_30	UBA6	A0AVT1	A0AVT1	UBA6_HUMAN	0	4687.048828125	DPPEEEIPFCTLK	DPPEEEIPFCTLK	1027.9708251953125	59.64805603027344	directDIA™	_DPPEEEIPFC[Carbamidomethyl (C)]TLK_	_DPPEEEIPFC[Carbamidomethyl (C)]TLK_.2	4.528292137727097E-16	2	_DPPEEEIPFC[Carbamidomethyl (C)]TLK_.2	787.8739624023438	1027.9708251953125	1	y9	noloss	1136.565673828125	9	y	True	131.76722463978177	668.5417442078013	132.0546417236328	670
A	LFQ_timsTOFPro_diaPASEF_Condition_A_Sample_Alpha_01	NA	1	human_yeast_ecoli_uniport_reviewed_2023_8_30	UBA6	A0AVT1	A0AVT1	UBA6_HUMAN	0	4687.048828125	EDFTLLDFINAVK	EDFTLLDFINAVK	961.1124877929688	143.8187713623047	directDIA™	_EDFTLLDFINAVK_	_EDFTLLDFINAVK_.2	4.1523520080499126E-10	2	_EDFTLLDFINAVK_.2	762.90087890625	961.1124877929688	1	y8	noloss	919.5247192382812	8	y	False	397.3828609411543	2824.5512470137237	486.9241027832031	3461
A	LFQ_timsTOFPro_diaPASEF_Condition_A_Sample_Alpha_01	NA	1	human_yeast_ecoli_uniport_reviewed_2023_8_30	UBA6	A0AVT1	A0AVT1	UBA6_HUMAN	0	4687.048828125	EDFTLLDFINAVK	EDFTLLDFINAVK	961.1124877929688	143.8187713623047	directDIA™	_EDFTLLDFINAVK_	_EDFTLLDFINAVK_.2	4.1523520080499126E-10	2	_EDFTLLDFINAVK_.2	762.90087890625	961.1124877929688	1	y7	noloss	806.440673828125	7	y	False	392.42317420529236	2192.067220305941	480.84686279296875	2686
A	LFQ_timsTOFPro_diaPASEF_Condition_A_Sample_Alpha_01	NA	1	human_yeast_ecoli_uniport_reviewed_2023_8_30	UBA6	A0AVT1	A0AVT1	UBA6_HUMAN	0	4687.048828125	EDFTLLDFINAVK	EDFTLLDFINAVK	961.1124877929688	143.8187713623047	directDIA™	_EDFTLLDFINAVK_	_EDFTLLDFINAVK_.2	4.1523520080499126E-10	2	_EDFTLLDFINAVK_.2	762.90087890625	961.1124877929688	1	y9	noloss	1032.6087646484375	9	y	False	171.3064825136217	1060.1248396043998	209.90652465820312	1299
A	LFQ_timsTOFPro_diaPASEF_Condition_A_Sample_Alpha_01	NA	1	human_yeast_ecoli_uniport_reviewed_2023_8_30	UBA6	A0AVT1	A0AVT1	UBA6_HUMAN	0	4687.048828125	EDFTLLDFINAVK	EDFTLLDFINAVK	961.1124877929688	143.8187713623047	directDIA™	_EDFTLLDFINAVK_	_EDFTLLDFINAVK_.2	4.1523520080499126E-10	2	_EDFTLLDFINAVK_.2	762.90087890625	961.1124877929688	1	b5	H2O	588.2664184570312	5	b	True	133.84209245623882	576.1725456202511	164.00038146972656	706
A	LFQ_timsTOFPro_diaPASEF_Condition_A_Sample_Alpha_01	NA	1	human_yeast_ecoli_uniport_reviewed_2023_8_30	UBA6	A0AVT1	A0AVT1	UBA6_HUMAN	0	4687.048828125	EDFTLLDFINAVK	EDFTLLDFINAVK	961.1124877929688	143.8187713623047	directDIA™	_EDFTLLDFINAVK_	_EDFTLLDFINAVK_.2	4.1523520080499126E-10	2	_EDFTLLDFINAVK_.2	762.90087890625	961.1124877929688	1	y10	noloss	1133.656494140625	10	y	True	98.46985815335054	927.9152753119341	120.6578140258789	1137
A	LFQ_timsTOFPro_diaPASEF_Condition_A_Sample_Alpha_01	NA	1	human_yeast_ecoli_uniport_reviewed_2023_8_30	UBA6	A0AVT1	A0AVT1	UBA6_HUMAN	0	4687.048828125	EDFTLLDFINAVK	EDFTLLDFINAVK	961.1124877929688	143.8187713623047	directDIA™	_EDFTLLDFINAVK_	_EDFTLLDFINAVK_.2	4.1523520080499126E-10	2	_EDFTLLDFINAVK_.2	762.90087890625	961.1124877929688	1	y6	noloss	691.4137573242188	6	y	True	157.28252052660397	964.6401542820635	192.7225799560547	1182
A	LFQ_timsTOFPro_diaPASEF_Condition_A_Sample_Alpha_01	NA	1	human_yeast_ecoli_uniport_reviewed_2023_8_30	UBA6	A0AVT1	A0AVT1	UBA6_HUMAN	0	4687.048828125	NWSQCVELAR	NWSQCVELAR	814.9072875976562	29.41448402404785	directDIA™	_NWSQC[Carbamidomethyl (C)]VELAR_	_NWSQC[Carbamidomethyl (C)]VELAR_.2	2.670114026004329E-11	2	_NWSQC[Carbamidomethyl (C)]VELAR_.2	631.8009643554688	814.9072875976562	1	y8	noloss	962.472412109375	8	y	False	342.4131177120015	1580.2110498153293	349.5180969238281	1613
A	LFQ_timsTOFPro_diaPASEF_Condition_A_Sample_Alpha_01	NA	1	human_yeast_ecoli_uniport_reviewed_2023_8_30	UBA6	A0AVT1	A0AVT1	UBA6_HUMAN	0	4687.048828125	NWSQCVELAR	NWSQCVELAR	814.9072875976562	29.41448402404785	directDIA™	_NWSQC[Carbamidomethyl (C)]VELAR_	_NWSQC[Carbamidomethyl (C)]VELAR_.2	2.670114026004329E-11	2	_NWSQC[Carbamidomethyl (C)]VELAR_.2	631.8009643554688	814.9072875976562	1	y6	noloss	747.3817749023438	6	y	True	212.14618108801852	881.7048635051434	216.54815673828125	900
A	LFQ_timsTOFPro_diaPASEF_Condition_A_Sample_Alpha_01	NA	1	human_yeast_ecoli_uniport_reviewed_2023_8_30	UBA6	A0AVT1	A0AVT1	UBA6_HUMAN	0	4687.048828125	NWSQCVELAR	NWSQCVELAR	814.9072875976562	29.41448402404785	directDIA™	_NWSQC[Carbamidomethyl (C)]VELAR_	_NWSQC[Carbamidomethyl (C)]VELAR_.2	2.670114026004329E-11	2	_NWSQC[Carbamidomethyl (C)]VELAR_.2	631.8009643554688	814.9072875976562	1	y7	noloss	875.4403686523438	7	y	True	420.6069319960417	1070.7815731234687	429.33441162109375	1093
A	LFQ_timsTOFPro_diaPASEF_Condition_A_Sample_Alpha_01	NA	1	human_yeast_ecoli_uniport_reviewed_2023_8_30	UBA6	A0AVT1	A0AVT1	UBA6_HUMAN	0	4687.048828125	NWSQCVELAR	NWSQCVELAR	814.9072875976562	29.41448402404785	directDIA™	_NWSQC[Carbamidomethyl (C)]VELAR_	_NWSQC[Carbamidomethyl (C)]VELAR_.2	2.670114026004329E-11	2	_NWSQC[Carbamidomethyl (C)]VELAR_.2	631.8009643554688	814.9072875976562	1	y5	noloss	587.3511352539062	5	y	False	195.42501034717054	1152.094354980054	199.4800262451172	1176
A	LFQ_timsTOFPro_diaPASEF_Condition_A_Sample_Alpha_01	NA	1	human_yeast_ecoli_uniport_reviewed_2023_8_30	UBA6	A0AVT1	A0AVT1	UBA6_HUMAN	0	4687.048828125	NWSQCVELAR	NWSQCVELAR	814.9072875976562	29.41448402404785	directDIA™	_NWSQC[Carbamidomethyl (C)]VELAR_	_NWSQC[Carbamidomethyl (C)]VELAR_.2	2.670114026004329E-11	2	_NWSQC[Carbamidomethyl (C)]VELAR_.2	631.8009643554688	814.9072875976562	1	y3	noloss	359.2401428222656	3	y	True	55.46285033875851	246.87736178144016	56.61368942260742	252
A	LFQ_timsTOFPro_diaPASEF_Condition_A_Sample_Alpha_01	NA	1	human_yeast_ecoli_uniport_reviewed_2023_8_30	UBA6	A0AVT1	A0AVT1	UBA6_HUMAN	0	4687.048828125	NWSQCVELAR	NWSQCVELAR	814.9072875976562	29.41448402404785	directDIA™	_NWSQC[Carbamidomethyl (C)]VELAR_	_NWSQC[Carbamidomethyl (C)]VELAR_.2	2.670114026004329E-11	2	_NWSQC[Carbamidomethyl (C)]VELAR_.2	631.8009643554688	814.9072875976562	1	y4	noloss	488.28271484375	4	y	False	277.06918792720984	933.6274832448908	282.81829833984375	953
A	LFQ_timsTOFPro_diaPASEF_Condition_A_Sample_Alpha_01	NA	1	human_yeast_ecoli_uniport_reviewed_2023_8_30	UBA6	A0AVT1	A0AVT1	UBA6_HUMAN	0	4687.048828125	IIPAIATTTATVSGLVALEMIK	IIPAIATTTATVSGLVALEMIK	596.45703125	146.53919982910156	directDIA™	_IIPAIATTTATVSGLVALEMIK_	_IIPAIATTTATVSGLVALEMIK_.3	4.8197873816261076E-20	3	_IIPAIATTTATVSGLVALEMIK_.3	738.432373046875	596.45703125	1	y10	noloss	1060.6070556640625	10	y	False	334.6136867597859	939.2153468910739	409.7098083496094	1150
A	LFQ_timsTOFPro_diaPASEF_Condition_A_Sample_Alpha_01	NA	1	human_yeast_ecoli_uniport_reviewed_2023_8_30	UBA6	A0AVT1	A0AVT1	UBA6_HUMAN	0	4687.048828125	IIPAIATTTATVSGLVALEMIK	IIPAIATTTATVSGLVALEMIK	596.45703125	146.53919982910156	directDIA™	_IIPAIATTTATVSGLVALEMIK_	_IIPAIATTTATVSGLVALEMIK_.3	4.8197873816261076E-20	3	_IIPAIATTTATVSGLVALEMIK_.3	738.432373046875	596.45703125	1	y7	noloss	803.4695434570312	7	y	False	114.85193344109882	406.7210806536998	140.6277313232422	498
A	LFQ_timsTOFPro_diaPASEF_Condition_A_Sample_Alpha_01	NA	1	human_yeast_ecoli_uniport_reviewed_2023_8_30	UBA6	A0AVT1	A0AVT1	UBA6_HUMAN	0	4687.048828125	IIPAIATTTATVSGLVALEMIK	IIPAIATTTATVSGLVALEMIK	596.45703125	146.53919982910156	directDIA™	_IIPAIATTTATVSGLVALEMIK_	_IIPAIATTTATVSGLVALEMIK_.3	4.8197873816261076E-20	3	_IIPAIATTTATVSGLVALEMIK_.3	738.432373046875	596.45703125	1	y6	noloss	704.401123046875	6	y	False	146.99141892597572	785.6740553993156	179.98016357421875	962
A	LFQ_timsTOFPro_diaPASEF_Condition_A_Sample_Alpha_01	NA	1	human_yeast_ecoli_uniport_reviewed_2023_8_30	UBA6	A0AVT1	A0AVT1	UBA6_HUMAN	0	4687.048828125	IIPAIATTTATVSGLVALEMIK	IIPAIATTTATVSGLVALEMIK	596.45703125	146.53919982910156	directDIA™	_IIPAIATTTATVSGLVALEMIK_	_IIPAIATTTATVSGLVALEMIK_.3	4.8197873816261076E-20	3	_IIPAIATTTATVSGLVALEMIK_.3	738.432373046875	596.45703125	1	y9	noloss	973.5750732421875	9	y	True	111.82450474785767	470.4243824428335	136.92086791992188	576
A	LFQ_timsTOFPro_diaPASEF_Condition_A_Sample_Alpha_01	NA	1	human_yeast_ecoli_uniport_reviewed_2023_8_30	UBA6	A0AVT1	A0AVT1	UBA6_HUMAN	0	4687.048828125	IIPAIATTTATVSGLVALEMIK	IIPAIATTTATVSGLVALEMIK	596.45703125	146.53919982910156	directDIA™	_IIPAIATTTATVSGLVALEMIK_	_IIPAIATTTATVSGLVALEMIK_.3	4.8197873816261076E-20	3	_IIPAIATTTATVSGLVALEMIK_.3	738.432373046875	596.45703125	1	y8	noloss	916.5535888671875	8	y	True	121.50809432227956	516.1600862914423	148.7777099609375	632
A	LFQ_timsTOFPro_diaPASEF_Condition_A_Sample_Alpha_01	NA	1	human_yeast_ecoli_uniport_reviewed_2023_8_30	UBA6	A0AVT1	A0AVT1	UBA6_HUMAN	0	4687.048828125	IIPAIATTTATVSGLVALEMIK	IIPAIATTTATVSGLVALEMIK	596.45703125	146.53919982910156	directDIA™	_IIPAIATTTATVSGLVALEMIK_	_IIPAIATTTATVSGLVALEMIK_.3	4.8197873816261076E-20	3	_IIPAIATTTATVSGLVALEMIK_.3	738.432373046875	596.45703125	1	y11	noloss	1159.675537109375	11	y	True	64.53422368638478	126.58989458097082	79.01740264892578	155
A	LFQ_timsTOFPro_diaPASEF_Condition_A_Sample_Alpha_01	NA	1	human_yeast_ecoli_uniport_reviewed_2023_8_30	UBA6	A0AVT1	A0AVT1	UBA6_HUMAN	0	4687.048828125	YQCVVLTEMK	YQCVVLTEMK	770.4755859375	33.918495178222656	directDIA™	_YQC[Carbamidomethyl (C)]VVLTEMK_	_YQC[Carbamidomethyl (C)]VVLTEMK_.2	3.842321330448775E-15	2	_YQC[Carbamidomethyl (C)]VVLTEMK_.2	635.8121337890625	770.4755859375	1	y8	noloss	979.4951171875	8	y	False	411.6637170493258	1620.3715529984026	416.90447998046875	1641
A	LFQ_timsTOFPro_diaPASEF_Condition_A_Sample_Alpha_01	NA	1	human_yeast_ecoli_uniport_reviewed_2023_8_30	UBA6	A0AVT1	A0AVT1	UBA6_HUMAN	0	4687.048828125	YQCVVLTEMK	YQCVVLTEMK	770.4755859375	33.918495178222656	directDIA™	_YQC[Carbamidomethyl (C)]VVLTEMK_	_YQC[Carbamidomethyl (C)]VVLTEMK_.2	3.842321330448775E-15	2	_YQC[Carbamidomethyl (C)]VVLTEMK_.2	635.8121337890625	770.4755859375	1	y6	noloss	720.3960571289062	6	y	False	236.40022171773415	1047.6625336571026	239.40975952148438	1061
A	LFQ_timsTOFPro_diaPASEF_Condition_A_Sample_Alpha_01	NA	1	human_yeast_ecoli_uniport_reviewed_2023_8_30	UBA6	A0AVT1	A0AVT1	UBA6_HUMAN	0	4687.048828125	YQCVVLTEMK	YQCVVLTEMK	770.4755859375	33.918495178222656	directDIA™	_YQC[Carbamidomethyl (C)]VVLTEMK_	_YQC[Carbamidomethyl (C)]VVLTEMK_.2	3.842321330448775E-15	2	_YQC[Carbamidomethyl (C)]VVLTEMK_.2	635.8121337890625	770.4755859375	1	y7	noloss	819.4644775390625	7	y	False	122.41167721074682	633.9296386501977	123.97006225585938	642
A	LFQ_timsTOFPro_diaPASEF_Condition_A_Sample_Alpha_01	NA	1	human_yeast_ecoli_uniport_reviewed_2023_8_30	UBA6	A0AVT1	A0AVT1	UBA6_HUMAN	0	4687.048828125	YQCVVLTEMK	YQCVVLTEMK	770.4755859375	33.918495178222656	directDIA™	_YQC[Carbamidomethyl (C)]VVLTEMK_	_YQC[Carbamidomethyl (C)]VVLTEMK_.2	3.842321330448775E-15	2	_YQC[Carbamidomethyl (C)]VVLTEMK_.2	635.8121337890625	770.4755859375	1	y5	noloss	621.32763671875	5	y	True	279.8900838559279	945.9573112568372	283.4532775878906	958
A	LFQ_timsTOFPro_diaPASEF_Condition_A_Sample_Alpha_01	NA	1	human_yeast_ecoli_uniport_reviewed_2023_8_30	UBA6	A0AVT1	A0AVT1	UBA6_HUMAN	0	4687.048828125	YQCVVLTEMK	YQCVVLTEMK	770.4755859375	33.918495178222656	directDIA™	_YQC[Carbamidomethyl (C)]VVLTEMK_	_YQC[Carbamidomethyl (C)]VVLTEMK_.2	3.842321330448775E-15	2	_YQC[Carbamidomethyl (C)]VVLTEMK_.2	635.8121337890625	770.4755859375	1	y4	noloss	508.2435607910156	4	y	True	177.69232200795	694.1628286154034	179.9544677734375	703
A	LFQ_timsTOFPro_diaPASEF_Condition_A_Sample_Alpha_01	NA	1	human_yeast_ecoli_uniport_reviewed_2023_8_30	UBA6	A0AVT1	A0AVT1	UBA6_HUMAN	0	4687.048828125	YQCVVLTEMK	YQCVVLTEMK	770.4755859375	33.918495178222656	directDIA™	_YQC[Carbamidomethyl (C)]VVLTEMK_	_YQC[Carbamidomethyl (C)]VVLTEMK_.2	3.842321330448775E-15	2	_YQC[Carbamidomethyl (C)]VVLTEMK_.2	635.8121337890625	770.4755859375	2	y9	H2O	545.2752075195312	9	y	True	245.61343651262698	644.7913614308086	248.74026489257812	653
A	LFQ_timsTOFPro_diaPASEF_Condition_A_Sample_Alpha_01	NA	1	human_yeast_ecoli_uniport_reviewed_2023_8_30	UBA6	A0AVT1	A0AVT1	UBA6_HUMAN	0	4687.048828125	FWQTYSSAEEVLQK	FWQTYSSAEEVLQK	766.3541870117188	56.601409912109375	directDIA™	_FWQTYSSAEEVLQK_	_FWQTYSSAEEVLQK_.2	5.733060103838464E-15	2	_FWQTYSSAEEVLQK_.2	858.4174194335938	766.3541870117188	1	y11	noloss	1254.6212158203125	11	y	False	148.72204597084607	502.6019105299284	147.36032104492188	498
A	LFQ_timsTOFPro_diaPASEF_Condition_A_Sample_Alpha_01	NA	1	human_yeast_ecoli_uniport_reviewed_2023_8_30	UBA6	A0AVT1	A0AVT1	UBA6_HUMAN	0	4687.048828125	FWQTYSSAEEVLQK	FWQTYSSAEEVLQK	766.3541870117188	56.601409912109375	directDIA™	_FWQTYSSAEEVLQK_	_FWQTYSSAEEVLQK_.2	5.733060103838464E-15	2	_FWQTYSSAEEVLQK_.2	858.4174194335938	766.3541870117188	1	y9	noloss	990.5101928710938	9	y	False	431.1648306971944	1559.2770115838139	427.2170104980469	1545
A	LFQ_timsTOFPro_diaPASEF_Condition_A_Sample_Alpha_01	NA	1	human_yeast_ecoli_uniport_reviewed_2023_8_30	UBA6	A0AVT1	A0AVT1	UBA6_HUMAN	0	4687.048828125	FWQTYSSAEEVLQK	FWQTYSSAEEVLQK	766.3541870117188	56.601409912109375	directDIA™	_FWQTYSSAEEVLQK_	_FWQTYSSAEEVLQK_.2	5.733060103838464E-15	2	_FWQTYSSAEEVLQK_.2	858.4174194335938	766.3541870117188	1	y12	noloss	1382.6798095703125	12	y	True	83.4507965540635	378.46529407374123	82.68670654296875	375
A	LFQ_timsTOFPro_diaPASEF_Condition_A_Sample_Alpha_01	NA	1	human_yeast_ecoli_uniport_reviewed_2023_8_30	UBA6	A0AVT1	A0AVT1	UBA6_HUMAN	0	4687.048828125	FWQTYSSAEEVLQK	FWQTYSSAEEVLQK	766.3541870117188	56.601409912109375	directDIA™	_FWQTYSSAEEVLQK_	_FWQTYSSAEEVLQK_.2	5.733060103838464E-15	2	_FWQTYSSAEEVLQK_.2	858.4174194335938	766.3541870117188	1	y10	noloss	1153.573486328125	10	y	False	186.46733714403885	625.7292862019189	184.760009765625	620
A	LFQ_timsTOFPro_diaPASEF_Condition_A_Sample_Alpha_01	NA	1	human_yeast_ecoli_uniport_reviewed_2023_8_30	UBA6	A0AVT1	A0AVT1	UBA6_HUMAN	0	4687.048828125	FWQTYSSAEEVLQK	FWQTYSSAEEVLQK	766.3541870117188	56.601409912109375	directDIA™	_FWQTYSSAEEVLQK_	_FWQTYSSAEEVLQK_.2	5.733060103838464E-15	2	_FWQTYSSAEEVLQK_.2	858.4174194335938	766.3541870117188	1	y12	NH3	1365.6531982421875	12	y	True	24.096838381307737	135.2382650823502	23.876203536987305	134
A	LFQ_timsTOFPro_diaPASEF_Condition_A_Sample_Alpha_01	NA	1	human_yeast_ecoli_uniport_reviewed_2023_8_30	UBA6	A0AVT1	A0AVT1	UBA6_HUMAN	0	4687.048828125	FWQTYSSAEEVLQK	FWQTYSSAEEVLQK	766.3541870117188	56.601409912109375	directDIA™	_FWQTYSSAEEVLQK_	_FWQTYSSAEEVLQK_.2	5.733060103838464E-15	2	_FWQTYSSAEEVLQK_.2	858.4174194335938	766.3541870117188	2	y12	H2O	682.8382568359375	12	y	True	183.28589406531594	892.1688532298327	181.60769653320312	884
A	LFQ_timsTOFPro_diaPASEF_Condition_A_Sample_Alpha_01	NA	1	human_yeast_ecoli_uniport_reviewed_2023_8_30	UBA6	A0AVT1	A0AVT1	UBA6_HUMAN	0	4687.048828125	HIAELNPYVHVTSSSVPFNETTDLSFLDK	HIAELNPYVHVTSSSVPFNETTDLSFLDK	689.1093139648438	83.78999328613281	directDIA™	_HIAELNPYVHVTSSSVPFNETTDLSFLDK_	_HIAELNPYVHVTSSSVPFNETTDLSFLDK_.3	3.2043587857273023E-13	3	_HIAELNPYVHVTSSSVPFNETTDLSFLDK_.3	1087.5418701171875	689.1093139648438	2	b16	noloss	867.944091796875	16	b	False	333.68062422408616	1805.5311358388017	348.5520935058594	1886
A	LFQ_timsTOFPro_diaPASEF_Condition_A_Sample_Alpha_01	NA	1	human_yeast_ecoli_uniport_reviewed_2023_8_30	UBA6	A0AVT1	A0AVT1	UBA6_HUMAN	0	4687.048828125	HIAELNPYVHVTSSSVPFNETTDLSFLDK	HIAELNPYVHVTSSSVPFNETTDLSFLDK	689.1093139648438	83.78999328613281	directDIA™	_HIAELNPYVHVTSSSVPFNETTDLSFLDK_	_HIAELNPYVHVTSSSVPFNETTDLSFLDK_.3	3.2043587857273023E-13	3	_HIAELNPYVHVTSSSVPFNETTDLSFLDK_.3	1087.5418701171875	689.1093139648438	2	b16	H2O	858.9388427734375	16	b	False	228.47438769813635	762.037531350841	238.6570281982422	796
A	LFQ_timsTOFPro_diaPASEF_Condition_A_Sample_Alpha_01	NA	1	human_yeast_ecoli_uniport_reviewed_2023_8_30	UBA6	A0AVT1	A0AVT1	UBA6_HUMAN	0	4687.048828125	HIAELNPYVHVTSSSVPFNETTDLSFLDK	HIAELNPYVHVTSSSVPFNETTDLSFLDK	689.1093139648438	83.78999328613281	directDIA™	_HIAELNPYVHVTSSSVPFNETTDLSFLDK_	_HIAELNPYVHVTSSSVPFNETTDLSFLDK_.3	3.2043587857273023E-13	3	_HIAELNPYVHVTSSSVPFNETTDLSFLDK_.3	1087.5418701171875	689.1093139648438	2	y13	noloss	763.872314453125	13	y	False	126.9543003234017	556.210811199546	132.61239624023438	581
A	LFQ_timsTOFPro_diaPASEF_Condition_A_Sample_Alpha_01	NA	1	human_yeast_ecoli_uniport_reviewed_2023_8_30	UBA6	A0AVT1	A0AVT1	UBA6_HUMAN	0	4687.048828125	HIAELNPYVHVTSSSVPFNETTDLSFLDK	HIAELNPYVHVTSSSVPFNETTDLSFLDK	689.1093139648438	83.78999328613281	directDIA™	_HIAELNPYVHVTSSSVPFNETTDLSFLDK_	_HIAELNPYVHVTSSSVPFNETTDLSFLDK_.3	3.2043587857273023E-13	3	_HIAELNPYVHVTSSSVPFNETTDLSFLDK_.3	1087.5418701171875	689.1093139648438	2	b15	noloss	818.409912109375	15	b	True	81.41606754290348	574.400149259428	85.04461669921875	600
A	LFQ_timsTOFPro_diaPASEF_Condition_A_Sample_Alpha_01	NA	1	human_yeast_ecoli_uniport_reviewed_2023_8_30	UBA6	A0AVT1	A0AVT1	UBA6_HUMAN	0	4687.048828125	HIAELNPYVHVTSSSVPFNETTDLSFLDK	HIAELNPYVHVTSSSVPFNETTDLSFLDK	689.1093139648438	83.78999328613281	directDIA™	_HIAELNPYVHVTSSSVPFNETTDLSFLDK_	_HIAELNPYVHVTSSSVPFNETTDLSFLDK_.3	3.2043587857273023E-13	3	_HIAELNPYVHVTSSSVPFNETTDLSFLDK_.3	1087.5418701171875	689.1093139648438	1	b6	NH3	661.3303833007812	6	b	True	66.60997960940134	246.99206418155399	69.57865142822266	258
A	LFQ_timsTOFPro_diaPASEF_Condition_A_Sample_Alpha_01	NA	1	human_yeast_ecoli_uniport_reviewed_2023_8_30	UBA6	A0AVT1	A0AVT1	UBA6_HUMAN	0	4687.048828125	HIAELNPYVHVTSSSVPFNETTDLSFLDK	HIAELNPYVHVTSSSVPFNETTDLSFLDK	689.1093139648438	83.78999328613281	directDIA™	_HIAELNPYVHVTSSSVPFNETTDLSFLDK_	_HIAELNPYVHVTSSSVPFNETTDLSFLDK_.3	3.2043587857273023E-13	3	_HIAELNPYVHVTSSSVPFNETTDLSFLDK_.3	1087.5418701171875	689.1093139648438	2	b15	NH3	809.8966674804688	15	b	True	12.397212243971008	144.55737089695603	12.94973087310791	151
A	LFQ_timsTOFPro_diaPASEF_Condition_A_Sample_Alpha_01	NA	1	human_yeast_ecoli_uniport_reviewed_2023_8_30	UBA6	A0AVT1	A0AVT1	UBA6_HUMAN	0	4687.048828125	MYSIEPADR	MYSIEPADR	686.1769409179688	9.084803581237793	directDIA™	_MYSIEPADR_	_MYSIEPADR_.2	4.6117663262744314E-05	2	_MYSIEPADR_.2	541.2527465820312	686.1769409179688	1	y7	noloss	787.3944702148438	7	y	False	277.7696058594563	1075.5335455776562	280.73095703125	1087
A	LFQ_timsTOFPro_diaPASEF_Condition_A_Sample_Alpha_01	NA	1	human_yeast_ecoli_uniport_reviewed_2023_8_30	UBA6	A0AVT1	A0AVT1	UBA6_HUMAN	0	4687.048828125	MYSIEPADR	MYSIEPADR	686.1769409179688	9.084803581237793	directDIA™	_MYSIEPADR_	_MYSIEPADR_.2	4.6117663262744314E-05	2	_MYSIEPADR_.2	541.2527465820312	686.1769409179688	1	y4	noloss	458.23577880859375	4	y	False	230.14385333229245	875.6643862338784	232.5974578857422	885
A	LFQ_timsTOFPro_diaPASEF_Condition_A_Sample_Alpha_01	NA	1	human_yeast_ecoli_uniport_reviewed_2023_8_30	UBA6	A0AVT1	A0AVT1	UBA6_HUMAN	0	4687.048828125	MYSIEPADR	MYSIEPADR	686.1769409179688	9.084803581237793	directDIA™	_MYSIEPADR_	_MYSIEPADR_.2	4.6117663262744314E-05	2	_MYSIEPADR_.2	541.2527465820312	686.1769409179688	1	y5	noloss	587.2783813476562	5	y	False	178.26345726487853	1044.8605557773735	180.16395568847656	1056
A	LFQ_timsTOFPro_diaPASEF_Condition_A_Sample_Alpha_01	NA	1	human_yeast_ecoli_uniport_reviewed_2023_8_30	UBA6	A0AVT1	A0AVT1	UBA6_HUMAN	0	4687.048828125	MYSIEPADR	MYSIEPADR	686.1769409179688	9.084803581237793	directDIA™	_MYSIEPADR_	_MYSIEPADR_.2	4.6117663262744314E-05	2	_MYSIEPADR_.2	541.2527465820312	686.1769409179688	1	y6	noloss	700.3624267578125	6	y	True	121.0842895876812	517.4830214692863	122.37519073486328	523
A	LFQ_timsTOFPro_diaPASEF_Condition_A_Sample_Alpha_01	NA	1	human_yeast_ecoli_uniport_reviewed_2023_8_30	UBA6	A0AVT1	A0AVT1	UBA6_HUMAN	0	4687.048828125	MYSIEPADR	MYSIEPADR	686.1769409179688	9.084803581237793	directDIA™	_MYSIEPADR_	_MYSIEPADR_.2	4.6117663262744314E-05	2	_MYSIEPADR_.2	541.2527465820312	686.1769409179688	1	y8	noloss	950.457763671875	8	y	True	54.080817748331896	252.3100773894226	54.65738296508789	255
A	LFQ_timsTOFPro_diaPASEF_Condition_A_Sample_Alpha_01	NA	1	human_yeast_ecoli_uniport_reviewed_2023_8_30	UBA6	A0AVT1	A0AVT1	UBA6_HUMAN	0	4687.048828125	MYSIEPADR	MYSIEPADR	686.1769409179688	9.084803581237793	directDIA™	_MYSIEPADR_	_MYSIEPADR_.2	4.6117663262744314E-05	2	_MYSIEPADR_.2	541.2527465820312	686.1769409179688	1	b3	noloss	382.14312744140625	3	b	True	13.207823761600556	123.68141048501109	13.348634719848633	125
A	LFQ_timsTOFPro_diaPASEF_Condition_A_Sample_Alpha_01	NA	1	human_yeast_ecoli_uniport_reviewed_2023_8_30	UBA6	A0AVT1	A0AVT1	UBA6_HUMAN	0	4687.048828125	DGSLFWQSPK	DGSLFWQSPK	714.8643188476562	48.77207946777344	directDIA™	_DGSLFWQSPK_	_DGSLFWQSPK_.2	8.289161917331264E-17	2	_DGSLFWQSPK_.2	582.787841796875	714.8643188476562	1	y6	noloss	792.4039306640625	6	y	False	326.57613325189254	1154.3907711226593	331.8406677246094	1173
A	LFQ_timsTOFPro_diaPASEF_Condition_A_Sample_Alpha_01	NA	1	human_yeast_ecoli_uniport_reviewed_2023_8_30	UBA6	A0AVT1	A0AVT1	UBA6_HUMAN	0	4687.048828125	DGSLFWQSPK	DGSLFWQSPK	714.8643188476562	48.77207946777344	directDIA™	_DGSLFWQSPK_	_DGSLFWQSPK_.2	8.289161917331264E-17	2	_DGSLFWQSPK_.2	582.787841796875	714.8643188476562	1	y5	noloss	645.3355102539062	5	y	False	289.09003075888836	1360.0750602655712	293.7502746582031	1382
A	LFQ_timsTOFPro_diaPASEF_Condition_A_Sample_Alpha_01	NA	1	human_yeast_ecoli_uniport_reviewed_2023_8_30	UBA6	A0AVT1	A0AVT1	UBA6_HUMAN	0	4687.048828125	DGSLFWQSPK	DGSLFWQSPK	714.8643188476562	48.77207946777344	directDIA™	_DGSLFWQSPK_	_DGSLFWQSPK_.2	8.289161917331264E-17	2	_DGSLFWQSPK_.2	582.787841796875	714.8643188476562	1	y3	noloss	331.1976013183594	3	y	False	99.19811372031164	421.2099318333318	100.79722595214844	428
A	LFQ_timsTOFPro_diaPASEF_Condition_A_Sample_Alpha_01	NA	1	human_yeast_ecoli_uniport_reviewed_2023_8_30	UBA6	A0AVT1	A0AVT1	UBA6_HUMAN	0	4687.048828125	DGSLFWQSPK	DGSLFWQSPK	714.8643188476562	48.77207946777344	directDIA™	_DGSLFWQSPK_	_DGSLFWQSPK_.2	8.289161917331264E-17	2	_DGSLFWQSPK_.2	582.787841796875	714.8643188476562	1	y7	noloss	905.4879760742188	7	y	True	299.4578102249164	972.3257304937658	304.2851867675781	988
A	LFQ_timsTOFPro_diaPASEF_Condition_A_Sample_Alpha_01	NA	1	human_yeast_ecoli_uniport_reviewed_2023_8_30	UBA6	A0AVT1	A0AVT1	UBA6_HUMAN	0	4687.048828125	DGSLFWQSPK	DGSLFWQSPK	714.8643188476562	48.77207946777344	directDIA™	_DGSLFWQSPK_	_DGSLFWQSPK_.2	8.289161917331264E-17	2	_DGSLFWQSPK_.2	582.787841796875	714.8643188476562	1	b3	noloss	260.08770751953125	3	b	True	52.16629547830461	314.92331352024803	53.00723648071289	320
A	LFQ_timsTOFPro_diaPASEF_Condition_A_Sample_Alpha_01	NA	1	human_yeast_ecoli_uniport_reviewed_2023_8_30	UBA6	A0AVT1	A0AVT1	UBA6_HUMAN	0	4687.048828125	DGSLFWQSPK	DGSLFWQSPK	714.8643188476562	48.77207946777344	directDIA™	_DGSLFWQSPK_	_DGSLFWQSPK_.2	8.289161917331264E-17	2	_DGSLFWQSPK_.2	582.787841796875	714.8643188476562	1	y4	noloss	459.25616455078125	4	y	True	55.06175440969784	340.5108327437682	55.949371337890625	346
A	LFQ_timsTOFPro_diaPASEF_Condition_A_Sample_Alpha_01	NA	1	human_yeast_ecoli_uniport_reviewed_2023_8_30	UBA6	A0AVT1	A0AVT1	UBA6_HUMAN	0	4687.048828125	PLLDSGTMGTK	PLLDSGTMGTK	625.1385498046875	12.419413566589355	directDIA™	_PLLDSGTMGTK_	_PLLDSGTMGTK_.2	1.3735153888587534E-08	2	_PLLDSGTMGTK_.2	560.2893676757812	625.1385498046875	1	y9	noloss	909.4346313476562	9	y	False	340.16926278184735	1790.3909890946645	340.28497314453125	1791
A	LFQ_timsTOFPro_diaPASEF_Condition_A_Sample_Alpha_01	NA	1	human_yeast_ecoli_uniport_reviewed_2023_8_30	UBA6	A0AVT1	A0AVT1	UBA6_HUMAN	0	4687.048828125	PLLDSGTMGTK	PLLDSGTMGTK	625.1385498046875	12.419413566589355	directDIA™	_PLLDSGTMGTK_	_PLLDSGTMGTK_.2	1.3735153888587534E-08	2	_PLLDSGTMGTK_.2	560.2893676757812	625.1385498046875	1	y8	noloss	796.3505249023438	8	y	False	177.0799478201241	695.7633324454978	177.1401824951172	696
A	LFQ_timsTOFPro_diaPASEF_Condition_A_Sample_Alpha_01	NA	1	human_yeast_ecoli_uniport_reviewed_2023_8_30	UBA6	A0AVT1	A0AVT1	UBA6_HUMAN	0	4687.048828125	PLLDSGTMGTK	PLLDSGTMGTK	625.1385498046875	12.419413566589355	directDIA™	_PLLDSGTMGTK_	_PLLDSGTMGTK_.2	1.3735153888587534E-08	2	_PLLDSGTMGTK_.2	560.2893676757812	625.1385498046875	1	y10	noloss	1022.5186767578125	10	y	False	107.88936440322337	534.8180788194559	107.92606353759766	535
A	LFQ_timsTOFPro_diaPASEF_Condition_A_Sample_Alpha_01	NA	1	human_yeast_ecoli_uniport_reviewed_2023_8_30	UBA6	A0AVT1	A0AVT1	UBA6_HUMAN	0	4687.048828125	PLLDSGTMGTK	PLLDSGTMGTK	625.1385498046875	12.419413566589355	directDIA™	_PLLDSGTMGTK_	_PLLDSGTMGTK_.2	1.3735153888587534E-08	2	_PLLDSGTMGTK_.2	560.2893676757812	625.1385498046875	1	y7	noloss	681.3236083984375	7	y	True	315.2606213293461	991.6626807269163	315.36785888671875	992
A	LFQ_timsTOFPro_diaPASEF_Condition_A_Sample_Alpha_01	NA	1	human_yeast_ecoli_uniport_reviewed_2023_8_30	UBA6	A0AVT1	A0AVT1	UBA6_HUMAN	0	4687.048828125	PLLDSGTMGTK	PLLDSGTMGTK	625.1385498046875	12.419413566589355	directDIA™	_PLLDSGTMGTK_	_PLLDSGTMGTK_.2	1.3735153888587534E-08	2	_PLLDSGTMGTK_.2	560.2893676757812	625.1385498046875	1	y6	noloss	594.2915649414062	6	y	True	125.8475197583059	386.8684046787466	125.89032745361328	387
A	LFQ_timsTOFPro_diaPASEF_Condition_A_Sample_Alpha_01	NA	1	human_yeast_ecoli_uniport_reviewed_2023_8_30	UBA6	A0AVT1	A0AVT1	UBA6_HUMAN	0	4687.048828125	PLLDSGTMGTK	PLLDSGTMGTK	625.1385498046875	12.419413566589355	directDIA™	_PLLDSGTMGTK_	_PLLDSGTMGTK_.2	1.3735153888587534E-08	2	_PLLDSGTMGTK_.2	560.2893676757812	625.1385498046875	1	y3	noloss	305.18194580078125	3	y	True	54.435939658352574	227.92247097352512	54.4544563293457	228
A	LFQ_timsTOFPro_diaPASEF_Condition_A_Sample_Alpha_01	NA	1	human_yeast_ecoli_uniport_reviewed_2023_8_30	UBA6	A0AVT1	A0AVT1	UBA6_HUMAN	0	4687.048828125	YYFSHDTD	YYFSHDTD	375.09814453125	1.5867469310760498	directDIA™	_YYFSHDTD_	_YYFSHDTD_.2	3.1580229245399694E-13	2	_YYFSHDTD_.2	524.2063598632812	375.09814453125	1	y6	noloss	721.2787475585938	6	y	False	172.53426413142097	554.5708259677872	175.46780395507812	564
A	LFQ_timsTOFPro_diaPASEF_Condition_A_Sample_Alpha_01	NA	1	human_yeast_ecoli_uniport_reviewed_2023_8_30	UBA6	A0AVT1	A0AVT1	UBA6_HUMAN	0	4687.048828125	YYFSHDTD	YYFSHDTD	375.09814453125	1.5867469310760498	directDIA™	_YYFSHDTD_	_YYFSHDTD_.2	3.1580229245399694E-13	2	_YYFSHDTD_.2	524.2063598632812	375.09814453125	1	y7	noloss	884.3421020507812	7	y	False	130.14421329086127	412.9782746568628	132.3570098876953	420
A	LFQ_timsTOFPro_diaPASEF_Condition_A_Sample_Alpha_01	NA	1	human_yeast_ecoli_uniport_reviewed_2023_8_30	UBA6	A0AVT1	A0AVT1	UBA6_HUMAN	0	4687.048828125	YYFSHDTD	YYFSHDTD	375.09814453125	1.5867469310760498	directDIA™	_YYFSHDTD_	_YYFSHDTD_.2	3.1580229245399694E-13	2	_YYFSHDTD_.2	524.2063598632812	375.09814453125	1	y6	H2O	703.2681884765625	6	y	False	72.4196520422122	382.49654486076105	73.6509780883789	389
A	LFQ_timsTOFPro_diaPASEF_Condition_A_Sample_Alpha_01	NA	1	human_yeast_ecoli_uniport_reviewed_2023_8_30	UBA6	A0AVT1	A0AVT1	UBA6_HUMAN	0	4687.048828125	YYFSHDTD	YYFSHDTD	375.09814453125	1.5867469310760498	directDIA™	_YYFSHDTD_	_YYFSHDTD_.2	3.1580229245399694E-13	2	_YYFSHDTD_.2	524.2063598632812	375.09814453125	1	y5	noloss	574.2103271484375	5	y	True	101.99596186370242	448.3764124845939	103.73016357421875	456
A	LFQ_timsTOFPro_diaPASEF_Condition_A_Sample_Alpha_01	NA	1	human_yeast_ecoli_uniport_reviewed_2023_8_30	UBA6	A0AVT1	A0AVT1	UBA6_HUMAN	0	4687.048828125	YYFSHDTD	YYFSHDTD	375.09814453125	1.5867469310760498	directDIA™	_YYFSHDTD_	_YYFSHDTD_.2	3.1580229245399694E-13	2	_YYFSHDTD_.2	524.2063598632812	375.09814453125	1	y4	noloss	487.1783142089844	4	y	True	130.91013648912374	433.62718838970596	133.13595581054688	441
A	LFQ_timsTOFPro_diaPASEF_Condition_A_Sample_Alpha_01	NA	1	human_yeast_ecoli_uniport_reviewed_2023_8_30	UBA6	A0AVT1	A0AVT1	UBA6_HUMAN	0	4687.048828125	YYFSHDTD	YYFSHDTD	375.09814453125	1.5867469310760498	directDIA™	_YYFSHDTD_	_YYFSHDTD_.2	3.1580229245399694E-13	2	_YYFSHDTD_.2	524.2063598632812	375.09814453125	1	y5	H2O	556.1997680664062	5	y	True	78.72132795393274	421.8278091137956	80.05979919433594	429
A	LFQ_timsTOFPro_diaPASEF_Condition_A_Sample_Alpha_01	NA	1	human_yeast_ecoli_uniport_reviewed_2023_8_30	UBA6	A0AVT1	A0AVT1	UBA6_HUMAN	0	4687.048828125	EIFISNITQANPGIVTCLENHPHK	EIFISNITQANPGIVTCLENHPHK	393.46649169921875	71.18700408935547	directDIA™	_EIFISNITQANPGIVTC[Carbamidomethyl (C)]LENHPHK_	_EIFISNITQANPGIVTC[Carbamidomethyl (C)]LENHPHK_.3	3.0486357811843896E-09	3	_EIFISNITQANPGIVTC[Carbamidomethyl (C)]LENHPHK_.3	911.4656982421875	393.46649169921875	2	y22	noloss	1245.631591796875	22	y	True	19.875564403152097	255.2232985567914	20.24755096435547	260
A	LFQ_timsTOFPro_diaPASEF_Condition_A_Sample_Alpha_01	NA	1	human_yeast_ecoli_uniport_reviewed_2023_8_30	UBA6	A0AVT1	A0AVT1	UBA6_HUMAN	0	4687.048828125	EIFISNITQANPGIVTCLENHPHK	EIFISNITQANPGIVTCLENHPHK	393.46649169921875	71.18700408935547	directDIA™	_EIFISNITQANPGIVTC[Carbamidomethyl (C)]LENHPHK_	_EIFISNITQANPGIVTC[Carbamidomethyl (C)]LENHPHK_.3	3.0486357811843896E-09	3	_EIFISNITQANPGIVTC[Carbamidomethyl (C)]LENHPHK_.3	911.4656982421875	393.46649169921875	2	y20	noloss	1115.5552978515625	20	y	False	123.43779026505311	658.6724358907962	125.7480239868164	671
A	LFQ_timsTOFPro_diaPASEF_Condition_A_Sample_Alpha_01	NA	1	human_yeast_ecoli_uniport_reviewed_2023_8_30	UBA6	A0AVT1	A0AVT1	UBA6_HUMAN	0	4687.048828125	EIFISNITQANPGIVTCLENHPHK	EIFISNITQANPGIVTCLENHPHK	393.46649169921875	71.18700408935547	directDIA™	_EIFISNITQANPGIVTC[Carbamidomethyl (C)]LENHPHK_	_EIFISNITQANPGIVTC[Carbamidomethyl (C)]LENHPHK_.3	3.0486357811843896E-09	3	_EIFISNITQANPGIVTC[Carbamidomethyl (C)]LENHPHK_.3	911.4656982421875	393.46649169921875	2	y17	noloss	958.4757690429688	17	y	False	258.27662679002344	882.4836361636749	263.1104736328125	899
A	LFQ_timsTOFPro_diaPASEF_Condition_A_Sample_Alpha_01	NA	1	human_yeast_ecoli_uniport_reviewed_2023_8_30	UBA6	A0AVT1	A0AVT1	UBA6_HUMAN	0	4687.048828125	EIFISNITQANPGIVTCLENHPHK	EIFISNITQANPGIVTCLENHPHK	393.46649169921875	71.18700408935547	directDIA™	_EIFISNITQANPGIVTC[Carbamidomethyl (C)]LENHPHK_	_EIFISNITQANPGIVTC[Carbamidomethyl (C)]LENHPHK_.3	3.0486357811843896E-09	3	_EIFISNITQANPGIVTC[Carbamidomethyl (C)]LENHPHK_.3	911.4656982421875	393.46649169921875	2	y18	noloss	1015.017822265625	18	y	False	11.752079474900915	168.84002827603123	11.972028732299805	172
A	LFQ_timsTOFPro_diaPASEF_Condition_A_Sample_Alpha_01	NA	1	human_yeast_ecoli_uniport_reviewed_2023_8_30	UBA6	A0AVT1	A0AVT1	UBA6_HUMAN	0	4687.048828125	EIFISNITQANPGIVTCLENHPHK	EIFISNITQANPGIVTCLENHPHK	393.46649169921875	71.18700408935547	directDIA™	_EIFISNITQANPGIVTC[Carbamidomethyl (C)]LENHPHK_	_EIFISNITQANPGIVTC[Carbamidomethyl (C)]LENHPHK_.3	3.0486357811843896E-09	3	_EIFISNITQANPGIVTC[Carbamidomethyl (C)]LENHPHK_.3	911.4656982421875	393.46649169921875	2	y13	noloss	751.3826293945312	13	y	True	24.136367734789808	125.64839313565115	24.588098526000977	128
A	LFQ_timsTOFPro_diaPASEF_Condition_A_Sample_Alpha_01	NA	1	human_yeast_ecoli_uniport_reviewed_2023_8_30	UBA6	A0AVT1	A0AVT1	UBA6_HUMAN	0	4687.048828125	EIFISNITQANPGIVTCLENHPHK	EIFISNITQANPGIVTCLENHPHK	393.46649169921875	71.18700408935547	directDIA™	_EIFISNITQANPGIVTC[Carbamidomethyl (C)]LENHPHK_	_EIFISNITQANPGIVTC[Carbamidomethyl (C)]LENHPHK_.3	3.0486357811843896E-09	3	_EIFISNITQANPGIVTC[Carbamidomethyl (C)]LENHPHK_.3	911.4656982421875	393.46649169921875	1	y9	noloss	1135.53125	9	y	True	21.64260464881004	181.6011932038708	22.04766273498535	185
A	LFQ_timsTOFPro_diaPASEF_Condition_A_Sample_Alpha_01	NA	1	human_yeast_ecoli_uniport_reviewed_2023_8_30	UBA6	A0AVT1	A0AVT1	UBA6_HUMAN	0	4687.048828125	QFLFRPHHIQKPK	QFLFRPHHIQKPK	151.57797241210938	-5.473262310028076	directDIA™	_QFLFRPHHIQKPK_	_QFLFRPHHIQKPK_.3	2.8163694783068332E-14	3	_QFLFRPHHIQKPK_.3	559.3229370117188	276.90399169921875	2	y11	noloss	700.9172973632812	11	y	False	105.10199632284471	703.2706379991641	108.05049896240234	723
A	LFQ_timsTOFPro_diaPASEF_Condition_A_Sample_Alpha_01	NA	1	human_yeast_ecoli_uniport_reviewed_2023_8_30	UBA6	A0AVT1	A0AVT1	UBA6_HUMAN	0	4687.048828125	QFLFRPHHIQKPK	QFLFRPHHIQKPK	151.57797241210938	-5.473262310028076	directDIA™	_QFLFRPHHIQKPK_	_QFLFRPHHIQKPK_.3	2.8163694783068332E-14	3	_QFLFRPHHIQKPK_.3	559.3229370117188	276.90399169921875	2	y10	noloss	644.3753051757812	10	y	False	62.714479228929946	507.7555643645418	64.4738540649414	522
A	LFQ_timsTOFPro_diaPASEF_Condition_A_Sample_Alpha_01	NA	1	human_yeast_ecoli_uniport_reviewed_2023_8_30	UBA6	A0AVT1	A0AVT1	UBA6_HUMAN	0	4687.048828125	QFLFRPHHIQKPK	QFLFRPHHIQKPK	151.57797241210938	-5.473262310028076	directDIA™	_QFLFRPHHIQKPK_	_QFLFRPHHIQKPK_.3	2.8163694783068332E-14	3	_QFLFRPHHIQKPK_.3	559.3229370117188	276.90399169921875	2	y9	noloss	570.841064453125	9	y	True	24.963501040767095	227.61456333582908	25.663820266723633	234
A	LFQ_timsTOFPro_diaPASEF_Condition_A_Sample_Alpha_01	NA	1	human_yeast_ecoli_uniport_reviewed_2023_8_30	UBA6	A0AVT1	A0AVT1	UBA6_HUMAN	0	4687.048828125	QFLFRPHHIQKPK	QFLFRPHHIQKPK	151.57797241210938	-5.473262310028076	directDIA™	_QFLFRPHHIQKPK_	_QFLFRPHHIQKPK_.3	2.8163694783068332E-14	3	_QFLFRPHHIQKPK_.3	559.3229370117188	276.90399169921875	1	b7	noloss	926.49951171875	7	b	True	14.677999639743195	153.688465842141	15.08977222442627	158
A	LFQ_timsTOFPro_diaPASEF_Condition_A_Sample_Alpha_01	NA	1	human_yeast_ecoli_uniport_reviewed_2023_8_30	UBA6	A0AVT1	A0AVT1	UBA6_HUMAN	0	4687.048828125	QFLFRPHHIQKPK	QFLFRPHHIQKPK	151.57797241210938	-5.473262310028076	directDIA™	_QFLFRPHHIQKPK_	_QFLFRPHHIQKPK_.3	2.8163694783068332E-14	3	_QFLFRPHHIQKPK_.3	559.3229370117188	276.90399169921875	2	b11	noloss	716.9016723632812	11	b	True	11.266350558316569	95.32575729449252	11.582413673400879	98
A	LFQ_timsTOFPro_diaPASEF_Condition_A_Sample_Alpha_01	NA	1	human_yeast_ecoli_uniport_reviewed_2023_8_30	UBA6	A0AVT1	A0AVT1	UBA6_HUMAN	0	4687.048828125	QFLFRPHHIQKPK	QFLFRPHHIQKPK	151.57797241210938	-5.473262310028076	directDIA™	_QFLFRPHHIQKPK_	_QFLFRPHHIQKPK_.3	2.8163694783068332E-14	3	_QFLFRPHHIQKPK_.3	559.3229370117188	276.90399169921875	2	b11	NH3	708.3883666992188	11	b	False	109.08750099286765	512.6191234101791	112.14781188964844	527
A	LFQ_timsTOFPro_diaPASEF_Condition_A_Sample_Alpha_01	NA	1	human_yeast_ecoli_uniport_reviewed_2023_8_30	UBA6	A0AVT1	A0AVT1	UBA6_HUMAN	0	4687.048828125	QFLFRPHHIQKPK	QFLFRPHHIQKPK	151.57797241210938	-5.473262310028076	directDIA™	_QFLFRPHHIQKPK_	_QFLFRPHHIQKPK_.2	4.367850899329092E-05	2	_QFLFRPHHIQKPK_.2	838.4808349609375	26.251955032348633	2	b11	noloss	716.9016723632812	11	b	False	24.82466814427098	192.636523849188	25.51584815979004	198
A	LFQ_timsTOFPro_diaPASEF_Condition_A_Sample_Alpha_01	NA	1	human_yeast_ecoli_uniport_reviewed_2023_8_30	UBA6	A0AVT1	A0AVT1	UBA6_HUMAN	0	4687.048828125	QFLFRPHHIQKPK	QFLFRPHHIQKPK	151.57797241210938	-5.473262310028076	directDIA™	_QFLFRPHHIQKPK_	_QFLFRPHHIQKPK_.2	4.367850899329092E-05	2	_QFLFRPHHIQKPK_.2	838.4808349609375	26.251955032348633	1	b11	noloss	1432.7960205078125	11	b	True	1	1	0.7335128784179688	0.8806741833686829
A	LFQ_timsTOFPro_diaPASEF_Condition_A_Sample_Alpha_01	NA	1	human_yeast_ecoli_uniport_reviewed_2023_8_30	UBA6	A0AVT1	A0AVT1	UBA6_HUMAN	0	4687.048828125	QFLFRPHHIQKPK	QFLFRPHHIQKPK	151.57797241210938	-5.473262310028076	directDIA™	_QFLFRPHHIQKPK_	_QFLFRPHHIQKPK_.2	4.367850899329092E-05	2	_QFLFRPHHIQKPK_.2	838.4808349609375	26.251955032348633	2	b11	NH3	708.3883666992188	11	b	True	6.7132882416060715	74.91420371912866	6.900202751159668	77
A	LFQ_timsTOFPro_diaPASEF_Condition_A_Sample_Alpha_01	NA	1	human_yeast_ecoli_uniport_reviewed_2023_8_30	UBA6	A0AVT1	A0AVT1	UBA6_HUMAN	0	4687.048828125	QFLFRPHHIQKPK	QFLFRPHHIQKPK	151.57797241210938	-5.473262310028076	directDIA™	_QFLFRPHHIQKPK_	_QFLFRPHHIQKPK_.2	4.367850899329092E-05	2	_QFLFRPHHIQKPK_.2	838.4808349609375	26.251955032348633	2	b12	noloss	765.4280395507812	12	b	True	2.723980701628218	1	2.799823045730591	0.9615170955657959
A	LFQ_timsTOFPro_diaPASEF_Condition_A_Sample_Alpha_01	NA	1	human_yeast_ecoli_uniport_reviewed_2023_8_30	UBA6	A0AVT1	A0AVT1	UBA6_HUMAN	0	4687.048828125	QFLFRPHHIQKPK	QFLFRPHHIQKPK	151.57797241210938	-5.473262310028076	directDIA™	_QFLFRPHHIQKPK_	_QFLFRPHHIQKPK_.2	4.367850899329092E-05	2	_QFLFRPHHIQKPK_.2	838.4808349609375	26.251955032348633	1	y3	noloss	372.2605285644531	3	y	False	1	1	0.7335128784179688	0.8278470039367676
A	LFQ_timsTOFPro_diaPASEF_Condition_A_Sample_Alpha_01	NA	1	human_yeast_ecoli_uniport_reviewed_2023_8_30	UBA6	A0AVT1	A0AVT1	UBA6_HUMAN	0	4687.048828125	QFLFRPHHIQKPK	QFLFRPHHIQKPK	151.57797241210938	-5.473262310028076	directDIA™	_QFLFRPHHIQKPK_	_QFLFRPHHIQKPK_.2	4.367850899329092E-05	2	_QFLFRPHHIQKPK_.2	838.4808349609375	26.251955032348633	1	b10	noloss	1304.7010498046875	10	b	False	1	1	0.7335128784179688	0.9185790419578552
A	LFQ_timsTOFPro_diaPASEF_Condition_A_Sample_Alpha_01	NA	1	human_yeast_ecoli_uniport_reviewed_2023_8_30	UBA6	A0AVT1	A0AVT1	UBA6_HUMAN	0	4687.048828125	CQAWDLGTNFFLSEDDVVNK	CQAWDLGTNFFLSEDDVVNK	290.58197021484375	102.32158660888672	directDIA™	_C[Carbamidomethyl (C)]QAWDLGTNFFLSEDDVVNK_	_C[Carbamidomethyl (C)]QAWDLGTNFFLSEDDVVNK_.2	2.4046535683479726E-09	2	_C[Carbamidomethyl (C)]QAWDLGTNFFLSEDDVVNK_.2	1179.5389404296875	290.58197021484375	1	y14	noloss	1584.7540283203125	14	y	False	21.374110578161986	132.49468738606416	20.97166633605957	130
A	LFQ_timsTOFPro_diaPASEF_Condition_A_Sample_Alpha_01	NA	1	human_yeast_ecoli_uniport_reviewed_2023_8_30	UBA6	A0AVT1	A0AVT1	UBA6_HUMAN	0	4687.048828125	CQAWDLGTNFFLSEDDVVNK	CQAWDLGTNFFLSEDDVVNK	290.58197021484375	102.32158660888672	directDIA™	_C[Carbamidomethyl (C)]QAWDLGTNFFLSEDDVVNK_	_C[Carbamidomethyl (C)]QAWDLGTNFFLSEDDVVNK_.2	2.4046535683479726E-09	2	_C[Carbamidomethyl (C)]QAWDLGTNFFLSEDDVVNK_.2	1179.5389404296875	290.58197021484375	1	y10	noloss	1165.573486328125	10	y	True	71.7739171155533	258.87423535431	70.42251586914062	254
A	LFQ_timsTOFPro_diaPASEF_Condition_A_Sample_Alpha_01	NA	1	human_yeast_ecoli_uniport_reviewed_2023_8_30	UBA6	A0AVT1	A0AVT1	UBA6_HUMAN	0	4687.048828125	CQAWDLGTNFFLSEDDVVNK	CQAWDLGTNFFLSEDDVVNK	290.58197021484375	102.32158660888672	directDIA™	_C[Carbamidomethyl (C)]QAWDLGTNFFLSEDDVVNK_	_C[Carbamidomethyl (C)]QAWDLGTNFFLSEDDVVNK_.2	2.4046535683479726E-09	2	_C[Carbamidomethyl (C)]QAWDLGTNFFLSEDDVVNK_.2	1179.5389404296875	290.58197021484375	1	y8	noloss	905.4210815429688	8	y	False	179.84501299244366	693.0491340194125	176.4587860107422	680
A	LFQ_timsTOFPro_diaPASEF_Condition_A_Sample_Alpha_01	NA	1	human_yeast_ecoli_uniport_reviewed_2023_8_30	UBA6	A0AVT1	A0AVT1	UBA6_HUMAN	0	4687.048828125	CQAWDLGTNFFLSEDDVVNK	CQAWDLGTNFFLSEDDVVNK	290.58197021484375	102.32158660888672	directDIA™	_C[Carbamidomethyl (C)]QAWDLGTNFFLSEDDVVNK_	_C[Carbamidomethyl (C)]QAWDLGTNFFLSEDDVVNK_.2	2.4046535683479726E-09	2	_C[Carbamidomethyl (C)]QAWDLGTNFFLSEDDVVNK_.2	1179.5389404296875	290.58197021484375	1	y16	noloss	1812.864990234375	16	y	True	1	1.0015932633333375	0.7335052490234375	0.9827346801757812
A	LFQ_timsTOFPro_diaPASEF_Condition_A_Sample_Alpha_01	NA	1	human_yeast_ecoli_uniport_reviewed_2023_8_30	UBA6	A0AVT1	A0AVT1	UBA6_HUMAN	0	4687.048828125	CQAWDLGTNFFLSEDDVVNK	CQAWDLGTNFFLSEDDVVNK	290.58197021484375	102.32158660888672	directDIA™	_C[Carbamidomethyl (C)]QAWDLGTNFFLSEDDVVNK_	_C[Carbamidomethyl (C)]QAWDLGTNFFLSEDDVVNK_.2	2.4046535683479726E-09	2	_C[Carbamidomethyl (C)]QAWDLGTNFFLSEDDVVNK_.2	1179.5389404296875	290.58197021484375	1	y15	noloss	1697.838134765625	15	y	True	6.597612372373593	151.85929554248892	6.473388671875	149
A	LFQ_timsTOFPro_diaPASEF_Condition_A_Sample_Alpha_01	NA	1	human_yeast_ecoli_uniport_reviewed_2023_8_30	UBA6	A0AVT1	A0AVT1	UBA6_HUMAN	0	4687.048828125	CQAWDLGTNFFLSEDDVVNK	CQAWDLGTNFFLSEDDVVNK	290.58197021484375	102.32158660888672	directDIA™	_C[Carbamidomethyl (C)]QAWDLGTNFFLSEDDVVNK_	_C[Carbamidomethyl (C)]QAWDLGTNFFLSEDDVVNK_.2	2.4046535683479726E-09	2	_C[Carbamidomethyl (C)]QAWDLGTNFFLSEDDVVNK_.2	1179.5389404296875	290.58197021484375	1	b3	noloss	360.13360595703125	3	b	False	89.36284315648301	566.6695860511667	87.68026733398438	556
A	LFQ_timsTOFPro_diaPASEF_Condition_A_Sample_Alpha_01	NA	1	human_yeast_ecoli_uniport_reviewed_2023_8_30	UBA6	A0AVT1	A0AVT1	UBA6_HUMAN	0	4687.048828125	SHVFLSGMGGLGLEIAK	SHVFLSGMGGLGLEIAK	315.1257019042969	74.75537872314453	directDIA™	_SHVFLSGMGGLGLEIAK_	_SHVFLSGMGGLGLEIAK_.3	2.445731118438044E-18	3	_SHVFLSGMGGLGLEIAK_.3	572.6431274414062	315.1257019042969	1	y6	noloss	630.382080078125	6	y	False	155.24039279805427	494.0938607763308	166.20762634277344	529
A	LFQ_timsTOFPro_diaPASEF_Condition_A_Sample_Alpha_01	NA	1	human_yeast_ecoli_uniport_reviewed_2023_8_30	UBA6	A0AVT1	A0AVT1	UBA6_HUMAN	0	4687.048828125	SHVFLSGMGGLGLEIAK	SHVFLSGMGGLGLEIAK	315.1257019042969	74.75537872314453	directDIA™	_SHVFLSGMGGLGLEIAK_	_SHVFLSGMGGLGLEIAK_.3	2.445731118438044E-18	3	_SHVFLSGMGGLGLEIAK_.3	572.6431274414062	315.1257019042969	1	y9	noloss	857.5090942382812	9	y	False	116.77922117791832	467.94144470499384	125.029296875	501
A	LFQ_timsTOFPro_diaPASEF_Condition_A_Sample_Alpha_01	NA	1	human_yeast_ecoli_uniport_reviewed_2023_8_30	UBA6	A0AVT1	A0AVT1	UBA6_HUMAN	0	4687.048828125	SHVFLSGMGGLGLEIAK	SHVFLSGMGGLGLEIAK	315.1257019042969	74.75537872314453	directDIA™	_SHVFLSGMGGLGLEIAK_	_SHVFLSGMGGLGLEIAK_.3	2.445731118438044E-18	3	_SHVFLSGMGGLGLEIAK_.3	572.6431274414062	315.1257019042969	1	b7	noloss	728.3726196289062	7	b	True	101.68108389493939	260.5901458536792	108.8645248413086	279
A	LFQ_timsTOFPro_diaPASEF_Condition_A_Sample_Alpha_01	NA	1	human_yeast_ecoli_uniport_reviewed_2023_8_30	UBA6	A0AVT1	A0AVT1	UBA6_HUMAN	0	4687.048828125	SHVFLSGMGGLGLEIAK	SHVFLSGMGGLGLEIAK	315.1257019042969	74.75537872314453	directDIA™	_SHVFLSGMGGLGLEIAK_	_SHVFLSGMGGLGLEIAK_.3	2.445731118438044E-18	3	_SHVFLSGMGGLGLEIAK_.3	572.6431274414062	315.1257019042969	1	b8	noloss	859.4130859375	8	b	True	14.333036365504087	53.23884700236457	15.345619201660156	57
A	LFQ_timsTOFPro_diaPASEF_Condition_A_Sample_Alpha_01	NA	1	human_yeast_ecoli_uniport_reviewed_2023_8_30	UBA6	A0AVT1	A0AVT1	UBA6_HUMAN	0	4687.048828125	SHVFLSGMGGLGLEIAK	SHVFLSGMGGLGLEIAK	315.1257019042969	74.75537872314453	directDIA™	_SHVFLSGMGGLGLEIAK_	_SHVFLSGMGGLGLEIAK_.3	2.445731118438044E-18	3	_SHVFLSGMGGLGLEIAK_.3	572.6431274414062	315.1257019042969	1	y8	noloss	800.4876098632812	8	y	True	50.066252094436	273.6663538893477	53.603271484375	293
A	LFQ_timsTOFPro_diaPASEF_Condition_A_Sample_Alpha_01	NA	1	human_yeast_ecoli_uniport_reviewed_2023_8_30	UBA6	A0AVT1	A0AVT1	UBA6_HUMAN	0	4687.048828125	SHVFLSGMGGLGLEIAK	SHVFLSGMGGLGLEIAK	315.1257019042969	74.75537872314453	directDIA™	_SHVFLSGMGGLGLEIAK_	_SHVFLSGMGGLGLEIAK_.3	2.445731118438044E-18	3	_SHVFLSGMGGLGLEIAK_.3	572.6431274414062	315.1257019042969	1	y7	noloss	743.4661865234375	7	y	False	43.10609125203392	169.99070446369038	46.151397705078125	182
A	LFQ_timsTOFPro_diaPASEF_Condition_A_Sample_Alpha_01	NA	1	human_yeast_ecoli_uniport_reviewed_2023_8_30	UBA6	A0AVT1	A0AVT1	UBA6_HUMAN	0	4687.048828125	MEGSEPVAAHQGEEASCSSWGTGSTNK	MEGSEPVAAHQGEEASCSSWGTGSTNK	172.38038635253906	26.412792205810547	directDIA™	_[Acetyl (Protein N-term)]MEGSEPVAAHQGEEASC[Carbamidomethyl (C)]SSWGTGSTNK_	_[Acetyl (Protein N-term)]MEGSEPVAAHQGEEASC[Carbamidomethyl (C)]SSWGTGSTNK_.3	3.892667052705133E-13	3	_[Acetyl (Protein N-term)]MEGSEPVAAHQGEEASC[Carbamidomethyl (C)]SSWGTGSTNK_.3	946.0643310546875	172.38038635253906	2	y22	noloss	1130.998046875	22	y	False	100.02997214299052	816.0901321423295	105.41210174560547	860
A	LFQ_timsTOFPro_diaPASEF_Condition_A_Sample_Alpha_01	NA	1	human_yeast_ecoli_uniport_reviewed_2023_8_30	UBA6	A0AVT1	A0AVT1	UBA6_HUMAN	0	4687.048828125	MEGSEPVAAHQGEEASCSSWGTGSTNK	MEGSEPVAAHQGEEASCSSWGTGSTNK	172.38038635253906	26.412792205810547	directDIA™	_[Acetyl (Protein N-term)]MEGSEPVAAHQGEEASC[Carbamidomethyl (C)]SSWGTGSTNK_	_[Acetyl (Protein N-term)]MEGSEPVAAHQGEEASC[Carbamidomethyl (C)]SSWGTGSTNK_.3	3.892667052705133E-13	3	_[Acetyl (Protein N-term)]MEGSEPVAAHQGEEASC[Carbamidomethyl (C)]SSWGTGSTNK_.3	946.0643310546875	172.38038635253906	1	y7	noloss	664.3260498046875	7	y	True	44.489342015800844	344.46595112519253	46.88309860229492	363
A	LFQ_timsTOFPro_diaPASEF_Condition_A_Sample_Alpha_01	NA	1	human_yeast_ecoli_uniport_reviewed_2023_8_30	UBA6	A0AVT1	A0AVT1	UBA6_HUMAN	0	4687.048828125	MEGSEPVAAHQGEEASCSSWGTGSTNK	MEGSEPVAAHQGEEASCSSWGTGSTNK	172.38038635253906	26.412792205810547	directDIA™	_[Acetyl (Protein N-term)]MEGSEPVAAHQGEEASC[Carbamidomethyl (C)]SSWGTGSTNK_	_[Acetyl (Protein N-term)]MEGSEPVAAHQGEEASC[Carbamidomethyl (C)]SSWGTGSTNK_.3	3.892667052705133E-13	3	_[Acetyl (Protein N-term)]MEGSEPVAAHQGEEASC[Carbamidomethyl (C)]SSWGTGSTNK_.3	946.0643310546875	172.38038635253906	1	b4	H2O	429.14385986328125	4	b	False	41.401418008331696	365.3426754358103	43.6290283203125	385
A	LFQ_timsTOFPro_diaPASEF_Condition_A_Sample_Alpha_01	NA	1	human_yeast_ecoli_uniport_reviewed_2023_8_30	UBA6	A0AVT1	A0AVT1	UBA6_HUMAN	0	4687.048828125	MEGSEPVAAHQGEEASCSSWGTGSTNK	MEGSEPVAAHQGEEASCSSWGTGSTNK	172.38038635253906	26.412792205810547	directDIA™	_[Acetyl (Protein N-term)]MEGSEPVAAHQGEEASC[Carbamidomethyl (C)]SSWGTGSTNK_	_[Acetyl (Protein N-term)]MEGSEPVAAHQGEEASC[Carbamidomethyl (C)]SSWGTGSTNK_.3	3.892667052705133E-13	3	_[Acetyl (Protein N-term)]MEGSEPVAAHQGEEASC[Carbamidomethyl (C)]SSWGTGSTNK_.3	946.0643310546875	172.38038635253906	1	b4	noloss	447.1544189453125	4	b	True	22.82444386707064	125.26034586370638	24.05251693725586	132
A	LFQ_timsTOFPro_diaPASEF_Condition_A_Sample_Alpha_01	NA	1	human_yeast_ecoli_uniport_reviewed_2023_8_30	UBA6	A0AVT1	A0AVT1	UBA6_HUMAN	0	4687.048828125	MEGSEPVAAHQGEEASCSSWGTGSTNK	MEGSEPVAAHQGEEASCSSWGTGSTNK	172.38038635253906	26.412792205810547	directDIA™	_[Acetyl (Protein N-term)]MEGSEPVAAHQGEEASC[Carbamidomethyl (C)]SSWGTGSTNK_	_[Acetyl (Protein N-term)]MEGSEPVAAHQGEEASC[Carbamidomethyl (C)]SSWGTGSTNK_.3	3.892667052705133E-13	3	_[Acetyl (Protein N-term)]MEGSEPVAAHQGEEASC[Carbamidomethyl (C)]SSWGTGSTNK_.3	946.0643310546875	172.38038635253906	1	b3	noloss	360.12237548828125	3	b	False	30.948988818618588	262.8569379109596	32.61420440673828	277
A	LFQ_timsTOFPro_diaPASEF_Condition_A_Sample_Alpha_01	NA	1	human_yeast_ecoli_uniport_reviewed_2023_8_30	UBA6	A0AVT1	A0AVT1	UBA6_HUMAN	0	4687.048828125	MEGSEPVAAHQGEEASCSSWGTGSTNK	MEGSEPVAAHQGEEASCSSWGTGSTNK	172.38038635253906	26.412792205810547	directDIA™	_[Acetyl (Protein N-term)]MEGSEPVAAHQGEEASC[Carbamidomethyl (C)]SSWGTGSTNK_	_[Acetyl (Protein N-term)]MEGSEPVAAHQGEEASC[Carbamidomethyl (C)]SSWGTGSTNK_.3	3.892667052705133E-13	3	_[Acetyl (Protein N-term)]MEGSEPVAAHQGEEASC[Carbamidomethyl (C)]SSWGTGSTNK_.3	946.0643310546875	172.38038635253906	1	b5	noloss	576.197021484375	5	b	True	34.81179067414184	365.3426754358103	36.684844970703125	385
A	LFQ_timsTOFPro_diaPASEF_Condition_A_Sample_Alpha_01	NA	1	human_yeast_ecoli_uniport_reviewed_2023_8_30	UBA6	A0AVT1	A0AVT1	UBA6_HUMAN	0	4687.048828125	CQAWDLGTNFFLSEDDVVNKR	CQAWDLGTNFFLSEDDVVNKR	235.09347534179688	91.32904815673828	directDIA™	_C[Carbamidomethyl (C)]QAWDLGTNFFLSEDDVVNKR_	_C[Carbamidomethyl (C)]QAWDLGTNFFLSEDDVVNKR_.3	1.3994834840626252E-10	3	_C[Carbamidomethyl (C)]QAWDLGTNFFLSEDDVVNKR_.3	838.728759765625	235.09347534179688	2	y18	noloss	1078.0263671875	18	y	False	85.13548734202286	269.0038120531543	84.50131225585938	267
A	LFQ_timsTOFPro_diaPASEF_Condition_A_Sample_Alpha_01	NA	1	human_yeast_ecoli_uniport_reviewed_2023_8_30	UBA6	A0AVT1	A0AVT1	UBA6_HUMAN	0	4687.048828125	CQAWDLGTNFFLSEDDVVNKR	CQAWDLGTNFFLSEDDVVNKR	235.09347534179688	91.32904815673828	directDIA™	_C[Carbamidomethyl (C)]QAWDLGTNFFLSEDDVVNKR_	_C[Carbamidomethyl (C)]QAWDLGTNFFLSEDDVVNKR_.3	1.3994834840626252E-10	3	_C[Carbamidomethyl (C)]QAWDLGTNFFLSEDDVVNKR_.3	838.728759765625	235.09347534179688	2	y19	noloss	1113.544921875	19	y	False	90.68040015595878	324.416582326276	90.00492095947266	322
A	LFQ_timsTOFPro_diaPASEF_Condition_A_Sample_Alpha_01	NA	1	human_yeast_ecoli_uniport_reviewed_2023_8_30	UBA6	A0AVT1	A0AVT1	UBA6_HUMAN	0	4687.048828125	CQAWDLGTNFFLSEDDVVNKR	CQAWDLGTNFFLSEDDVVNKR	235.09347534179688	91.32904815673828	directDIA™	_C[Carbamidomethyl (C)]QAWDLGTNFFLSEDDVVNKR_	_C[Carbamidomethyl (C)]QAWDLGTNFFLSEDDVVNKR_.3	1.3994834840626252E-10	3	_C[Carbamidomethyl (C)]QAWDLGTNFFLSEDDVVNKR_.3	838.728759765625	235.09347534179688	2	y15	noloss	870.9312133789062	15	y	True	73.45463500484755	428.18958847412205	72.907470703125	425
A	LFQ_timsTOFPro_diaPASEF_Condition_A_Sample_Alpha_01	NA	1	human_yeast_ecoli_uniport_reviewed_2023_8_30	UBA6	A0AVT1	A0AVT1	UBA6_HUMAN	0	4687.048828125	CQAWDLGTNFFLSEDDVVNKR	CQAWDLGTNFFLSEDDVVNKR	235.09347534179688	91.32904815673828	directDIA™	_C[Carbamidomethyl (C)]QAWDLGTNFFLSEDDVVNKR_	_C[Carbamidomethyl (C)]QAWDLGTNFFLSEDDVVNKR_.3	1.3994834840626252E-10	3	_C[Carbamidomethyl (C)]QAWDLGTNFFLSEDDVVNKR_.3	838.728759765625	235.09347534179688	2	y17	noloss	984.9866943359375	17	y	False	59.277573020911085	353.63422483392196	58.83601379394531	351
A	LFQ_timsTOFPro_diaPASEF_Condition_A_Sample_Alpha_01	NA	1	human_yeast_ecoli_uniport_reviewed_2023_8_30	UBA6	A0AVT1	A0AVT1	UBA6_HUMAN	0	4687.048828125	CQAWDLGTNFFLSEDDVVNKR	CQAWDLGTNFFLSEDDVVNKR	235.09347534179688	91.32904815673828	directDIA™	_C[Carbamidomethyl (C)]QAWDLGTNFFLSEDDVVNKR_	_C[Carbamidomethyl (C)]QAWDLGTNFFLSEDDVVNKR_.3	1.3994834840626252E-10	3	_C[Carbamidomethyl (C)]QAWDLGTNFFLSEDDVVNKR_.3	838.728759765625	235.09347534179688	2	y16	noloss	927.4732666015625	16	y	True	56.45283584709012	244.82369411579214	56.032318115234375	243
A	LFQ_timsTOFPro_diaPASEF_Condition_A_Sample_Alpha_01	NA	1	human_yeast_ecoli_uniport_reviewed_2023_8_30	UBA6	A0AVT1	A0AVT1	UBA6_HUMAN	0	4687.048828125	CQAWDLGTNFFLSEDDVVNKR	CQAWDLGTNFFLSEDDVVNKR	235.09347534179688	91.32904815673828	directDIA™	_C[Carbamidomethyl (C)]QAWDLGTNFFLSEDDVVNKR_	_C[Carbamidomethyl (C)]QAWDLGTNFFLSEDDVVNKR_.3	1.3994834840626252E-10	3	_C[Carbamidomethyl (C)]QAWDLGTNFFLSEDDVVNKR_.3	838.728759765625	235.09347534179688	1	b3	noloss	360.13360595703125	3	b	True	53.77456399297813	322.4015724981625	53.37399673461914	320
A	LFQ_timsTOFPro_diaPASEF_Condition_A_Sample_Alpha_01	NA	1	human_yeast_ecoli_uniport_reviewed_2023_8_30	UBA6	A0AVT1	A0AVT1	UBA6_HUMAN	0	4687.048828125	KYVDLTVSFAPDIDGDEDLPGPPVR	KYVDLTVSFAPDIDGDEDLPGPPVR	47.924930572509766	83.09705352783203	directDIA™	_KYVDLTVSFAPDIDGDEDLPGPPVR_	_KYVDLTVSFAPDIDGDEDLPGPPVR_.3	0.00022234282258619894	3	_KYVDLTVSFAPDIDGDEDLPGPPVR_.3	905.78857421875	47.924930572509766	1	y6	noloss	622.3671264648438	6	y	False	37.56332678546244	138.90078480768867	38.94232177734375	144
A	LFQ_timsTOFPro_diaPASEF_Condition_A_Sample_Alpha_01	NA	1	human_yeast_ecoli_uniport_reviewed_2023_8_30	UBA6	A0AVT1	A0AVT1	UBA6_HUMAN	0	4687.048828125	KYVDLTVSFAPDIDGDEDLPGPPVR	KYVDLTVSFAPDIDGDEDLPGPPVR	47.924930572509766	83.09705352783203	directDIA™	_KYVDLTVSFAPDIDGDEDLPGPPVR_	_KYVDLTVSFAPDIDGDEDLPGPPVR_.3	0.00022234282258619894	3	_KYVDLTVSFAPDIDGDEDLPGPPVR_.3	905.78857421875	47.924930572509766	1	b10	noloss	1124.5986328125	10	b	True	1.460046419920974	26.043897151441623	1.5136464834213257	27
A	LFQ_timsTOFPro_diaPASEF_Condition_A_Sample_Alpha_01	NA	1	human_yeast_ecoli_uniport_reviewed_2023_8_30	UBA6	A0AVT1	A0AVT1	UBA6_HUMAN	0	4687.048828125	KYVDLTVSFAPDIDGDEDLPGPPVR	KYVDLTVSFAPDIDGDEDLPGPPVR	47.924930572509766	83.09705352783203	directDIA™	_KYVDLTVSFAPDIDGDEDLPGPPVR_	_KYVDLTVSFAPDIDGDEDLPGPPVR_.3	0.00022234282258619894	3	_KYVDLTVSFAPDIDGDEDLPGPPVR_.3	905.78857421875	47.924930572509766	1	b9	noloss	1053.5615234375	9	b	True	8.306557021979952	90.67134563835232	8.61150074005127	94
A	LFQ_timsTOFPro_diaPASEF_Condition_A_Sample_Alpha_01	NA	1	human_yeast_ecoli_uniport_reviewed_2023_8_30	UBA6	A0AVT1	A0AVT1	UBA6_HUMAN	0	4687.048828125	KYVDLTVSFAPDIDGDEDLPGPPVR	KYVDLTVSFAPDIDGDEDLPGPPVR	47.924930572509766	83.09705352783203	directDIA™	_KYVDLTVSFAPDIDGDEDLPGPPVR_	_KYVDLTVSFAPDIDGDEDLPGPPVR_.3	0.00022234282258619894	3	_KYVDLTVSFAPDIDGDEDLPGPPVR_.3	905.78857421875	47.924930572509766	1	y4	noloss	468.29290771484375	4	y	True	7.533418105178054	154.3342053418763	7.80997896194458	160
A	LFQ_timsTOFPro_diaPASEF_Condition_A_Sample_Alpha_01	NA	1	human_yeast_ecoli_uniport_reviewed_2023_8_30	UBA6	A0AVT1	A0AVT1	UBA6_HUMAN	0	4687.048828125	KYVDLTVSFAPDIDGDEDLPGPPVR	KYVDLTVSFAPDIDGDEDLPGPPVR	47.924930572509766	83.09705352783203	directDIA™	_KYVDLTVSFAPDIDGDEDLPGPPVR_	_KYVDLTVSFAPDIDGDEDLPGPPVR_.3	0.00022234282258619894	3	_KYVDLTVSFAPDIDGDEDLPGPPVR_.3	905.78857421875	47.924930572509766	1	y5	noloss	525.3143310546875	5	y	False	4.783300673506309	89.70675685496559	4.958901405334473	93
A	LFQ_timsTOFPro_diaPASEF_Condition_A_Sample_Alpha_01	NA	1	human_yeast_ecoli_uniport_reviewed_2023_8_30	UBA6	A0AVT1	A0AVT1	UBA6_HUMAN	0	4687.048828125	KYVDLTVSFAPDIDGDEDLPGPPVR	KYVDLTVSFAPDIDGDEDLPGPPVR	47.924930572509766	83.09705352783203	directDIA™	_KYVDLTVSFAPDIDGDEDLPGPPVR_	_KYVDLTVSFAPDIDGDEDLPGPPVR_.3	0.00022234282258619894	3	_KYVDLTVSFAPDIDGDEDLPGPPVR_.3	905.78857421875	47.924930572509766	1	y7	noloss	735.451171875	7	y	False	5.578301558092685	131.18407454059485	5.783087730407715	136
A	LFQ_timsTOFPro_diaPASEF_Condition_A_Sample_Alpha_01	NA	1	human_yeast_ecoli_uniport_reviewed_2023_8_30	UBA6	A0AVT1	A0AVT1	UBA6_HUMAN	0	4687.048828125	ACIGDTLCQK	ACIGDTLCQK	919.9046630859375	-1.7298104763031006	directDIA™	_AC[Carbamidomethyl (C)]IGDTLC[Carbamidomethyl (C)]QK_	_AC[Carbamidomethyl (C)]IGDTLC[Carbamidomethyl (C)]QK_.2	1.2133234726004103E-05	2	_AC[Carbamidomethyl (C)]IGDTLC[Carbamidomethyl (C)]QK_.2	583.2706298828125	919.9046630859375	1	y7	noloss	821.3822021484375	7	y	True	128.2678752818212	436.39505553583007	131.0910186767578	446
A	LFQ_timsTOFPro_diaPASEF_Condition_A_Sample_Alpha_01	NA	1	human_yeast_ecoli_uniport_reviewed_2023_8_30	UBA6	A0AVT1	A0AVT1	UBA6_HUMAN	0	4687.048828125	ACIGDTLCQK	ACIGDTLCQK	919.9046630859375	-1.7298104763031006	directDIA™	_AC[Carbamidomethyl (C)]IGDTLC[Carbamidomethyl (C)]QK_	_AC[Carbamidomethyl (C)]IGDTLC[Carbamidomethyl (C)]QK_.2	1.2133234726004103E-05	2	_AC[Carbamidomethyl (C)]IGDTLC[Carbamidomethyl (C)]QK_.2	583.2706298828125	919.9046630859375	1	y8	noloss	934.4662475585938	8	y	True	91.23784228748792	546.9615157949081	93.24596405029297	559
