field,predicted,expected,n_acceptable,exact_match,acceptable_match,candidate_hit,confidence,has_candidates,n_candidates,model,tool,prompt,rep,elapsed_sec
ProteinName,Protein.Group.Accessions,Protein.Group.Accessions,1,TRUE,TRUE,FALSE,1,TRUE,1,llama3.2-3b,proteome_discoverer,lean,1,5.23
PeptideSequence,Sequence,Sequence,1,TRUE,TRUE,FALSE,1,TRUE,1,llama3.2-3b,proteome_discoverer,lean,1,5.23
PrecursorCharge,Charge,Charge,1,TRUE,TRUE,FALSE,1,TRUE,1,llama3.2-3b,proteome_discoverer,lean,1,5.23
FragmentIon,"","",0,TRUE,TRUE,FALSE,,FALSE,0,llama3.2-3b,proteome_discoverer,lean,1,5.23
ProductCharge,"","",0,TRUE,TRUE,FALSE,,FALSE,0,llama3.2-3b,proteome_discoverer,lean,1,5.23
Run,Spectrum.File,Spectrum.File,1,TRUE,TRUE,FALSE,1,TRUE,1,llama3.2-3b,proteome_discoverer,lean,1,5.23
Intensity,Intensity,Precursor.Area,3,FALSE,TRUE,FALSE,1,TRUE,1,llama3.2-3b,proteome_discoverer,lean,1,5.23
Qvalue,"","",0,TRUE,TRUE,FALSE,1,TRUE,1,llama3.2-3b,proteome_discoverer,lean,1,5.23
ProteinName,Protein.Group.Accessions,Protein.Group.Accessions,1,TRUE,TRUE,FALSE,1,TRUE,1,llama3.2-3b,proteome_discoverer,lean,2,5.65
PeptideSequence,Sequence,Sequence,1,TRUE,TRUE,FALSE,1,TRUE,1,llama3.2-3b,proteome_discoverer,lean,2,5.65
PrecursorCharge,Charge,Charge,1,TRUE,TRUE,FALSE,1,TRUE,1,llama3.2-3b,proteome_discoverer,lean,2,5.65
FragmentIon,"","",0,TRUE,TRUE,FALSE,,FALSE,0,llama3.2-3b,proteome_discoverer,lean,2,5.65
ProductCharge,"","",0,TRUE,TRUE,FALSE,,FALSE,0,llama3.2-3b,proteome_discoverer,lean,2,5.65
Run,Spectrum.File,Spectrum.File,1,TRUE,TRUE,FALSE,1,TRUE,1,llama3.2-3b,proteome_discoverer,lean,2,5.65
Intensity,Intensity,Precursor.Area,3,FALSE,TRUE,FALSE,1,TRUE,1,llama3.2-3b,proteome_discoverer,lean,2,5.65
Qvalue,"","",0,TRUE,TRUE,FALSE,1,TRUE,1,llama3.2-3b,proteome_discoverer,lean,2,5.65
ProteinName,Protein.Group.Accessions,Protein.Group.Accessions,1,TRUE,TRUE,FALSE,1,TRUE,1,llama3.2-3b,proteome_discoverer,lean,3,5.78
PeptideSequence,Sequence,Sequence,1,TRUE,TRUE,FALSE,1,TRUE,1,llama3.2-3b,proteome_discoverer,lean,3,5.78
PrecursorCharge,Charge,Charge,1,TRUE,TRUE,FALSE,1,TRUE,1,llama3.2-3b,proteome_discoverer,lean,3,5.78
FragmentIon,"","",0,TRUE,TRUE,FALSE,,FALSE,0,llama3.2-3b,proteome_discoverer,lean,3,5.78
ProductCharge,"","",0,TRUE,TRUE,FALSE,,FALSE,0,llama3.2-3b,proteome_discoverer,lean,3,5.78
Run,Spectrum.File,Spectrum.File,1,TRUE,TRUE,FALSE,1,TRUE,1,llama3.2-3b,proteome_discoverer,lean,3,5.78
Intensity,Intensity,Precursor.Area,3,FALSE,TRUE,FALSE,1,TRUE,1,llama3.2-3b,proteome_discoverer,lean,3,5.78
Qvalue,"","",0,TRUE,TRUE,FALSE,1,TRUE,1,llama3.2-3b,proteome_discoverer,lean,3,5.78
ProteinName,Protein.Group.Accessions,Protein.Group.Accessions,1,TRUE,TRUE,FALSE,0.98,TRUE,1,llama3.2-3b,proteome_discoverer,constrained,1,6.8
PeptideSequence,Sequence,Sequence,1,TRUE,TRUE,FALSE,0.92,TRUE,1,llama3.2-3b,proteome_discoverer,constrained,1,6.8
PrecursorCharge,Charge,Charge,1,TRUE,TRUE,FALSE,0.8,TRUE,1,llama3.2-3b,proteome_discoverer,constrained,1,6.8
FragmentIon,"","",0,TRUE,TRUE,FALSE,0,TRUE,1,llama3.2-3b,proteome_discoverer,constrained,1,6.8
ProductCharge,"","",0,TRUE,TRUE,FALSE,0,TRUE,1,llama3.2-3b,proteome_discoverer,constrained,1,6.8
Run,Spectrum.File,Spectrum.File,1,TRUE,TRUE,FALSE,0.92,TRUE,1,llama3.2-3b,proteome_discoverer,constrained,1,6.8
Intensity,Intensity,Precursor.Area,3,FALSE,TRUE,FALSE,0.92,TRUE,1,llama3.2-3b,proteome_discoverer,constrained,1,6.8
Qvalue,"","",0,TRUE,TRUE,FALSE,0,TRUE,1,llama3.2-3b,proteome_discoverer,constrained,1,6.8
ProteinName,Protein.Group.Accessions,Protein.Group.Accessions,1,TRUE,TRUE,FALSE,0.98,TRUE,1,llama3.2-3b,proteome_discoverer,constrained,2,7.43
PeptideSequence,Sequence,Sequence,1,TRUE,TRUE,FALSE,0.92,TRUE,1,llama3.2-3b,proteome_discoverer,constrained,2,7.43
PrecursorCharge,Charge,Charge,1,TRUE,TRUE,FALSE,0.8,TRUE,1,llama3.2-3b,proteome_discoverer,constrained,2,7.43
FragmentIon,"","",0,TRUE,TRUE,FALSE,0,TRUE,1,llama3.2-3b,proteome_discoverer,constrained,2,7.43
ProductCharge,"","",0,TRUE,TRUE,FALSE,0,TRUE,1,llama3.2-3b,proteome_discoverer,constrained,2,7.43
Run,Spectrum.File,Spectrum.File,1,TRUE,TRUE,FALSE,0.92,TRUE,1,llama3.2-3b,proteome_discoverer,constrained,2,7.43
Intensity,Intensity,Precursor.Area,3,FALSE,TRUE,FALSE,0.92,TRUE,1,llama3.2-3b,proteome_discoverer,constrained,2,7.43
Qvalue,"","",0,TRUE,TRUE,FALSE,0,TRUE,1,llama3.2-3b,proteome_discoverer,constrained,2,7.43
ProteinName,Protein.Group.Accessions,Protein.Group.Accessions,1,TRUE,TRUE,FALSE,0.98,TRUE,1,llama3.2-3b,proteome_discoverer,constrained,3,7.07
PeptideSequence,Sequence,Sequence,1,TRUE,TRUE,FALSE,0.92,TRUE,1,llama3.2-3b,proteome_discoverer,constrained,3,7.07
PrecursorCharge,Charge,Charge,1,TRUE,TRUE,FALSE,0.8,TRUE,1,llama3.2-3b,proteome_discoverer,constrained,3,7.07
FragmentIon,"","",0,TRUE,TRUE,FALSE,0,TRUE,1,llama3.2-3b,proteome_discoverer,constrained,3,7.07
ProductCharge,"","",0,TRUE,TRUE,FALSE,0,TRUE,1,llama3.2-3b,proteome_discoverer,constrained,3,7.07
Run,Spectrum.File,Spectrum.File,1,TRUE,TRUE,FALSE,0.92,TRUE,1,llama3.2-3b,proteome_discoverer,constrained,3,7.07
Intensity,Intensity,Precursor.Area,3,FALSE,TRUE,FALSE,0.92,TRUE,1,llama3.2-3b,proteome_discoverer,constrained,3,7.07
Qvalue,"","",0,TRUE,TRUE,FALSE,0,TRUE,1,llama3.2-3b,proteome_discoverer,constrained,3,7.07
ProteinName,Protein.Group.Accessions,Protein.Group.Accessions,1,TRUE,TRUE,FALSE,0,TRUE,1,llama3.2-3b,proteome_discoverer,filter_aware,1,22.21
PeptideSequence,Sequence,Sequence,1,TRUE,TRUE,FALSE,0,TRUE,1,llama3.2-3b,proteome_discoverer,filter_aware,1,22.21
PrecursorCharge,Charge,Charge,1,TRUE,TRUE,FALSE,0,TRUE,1,llama3.2-3b,proteome_discoverer,filter_aware,1,22.21
FragmentIon,"","",0,TRUE,TRUE,FALSE,0,TRUE,1,llama3.2-3b,proteome_discoverer,filter_aware,1,22.21
ProductCharge,"","",0,TRUE,TRUE,FALSE,0,TRUE,1,llama3.2-3b,proteome_discoverer,filter_aware,1,22.21
Run,Spectrum.File,Spectrum.File,1,TRUE,TRUE,FALSE,0,TRUE,1,llama3.2-3b,proteome_discoverer,filter_aware,1,22.21
Intensity,Intensity,Precursor.Area,3,FALSE,TRUE,FALSE,0,TRUE,1,llama3.2-3b,proteome_discoverer,filter_aware,1,22.21
Qvalue,"","",0,TRUE,TRUE,FALSE,0,TRUE,1,llama3.2-3b,proteome_discoverer,filter_aware,1,22.21
ProteinName,Protein.Group.Accessions,Protein.Group.Accessions,1,TRUE,TRUE,FALSE,0,TRUE,1,llama3.2-3b,proteome_discoverer,filter_aware,2,25.02
PeptideSequence,Sequence,Sequence,1,TRUE,TRUE,FALSE,0,TRUE,1,llama3.2-3b,proteome_discoverer,filter_aware,2,25.02
PrecursorCharge,Charge,Charge,1,TRUE,TRUE,FALSE,0,TRUE,1,llama3.2-3b,proteome_discoverer,filter_aware,2,25.02
FragmentIon,"","",0,TRUE,TRUE,FALSE,0,TRUE,1,llama3.2-3b,proteome_discoverer,filter_aware,2,25.02
ProductCharge,"","",0,TRUE,TRUE,FALSE,0,TRUE,1,llama3.2-3b,proteome_discoverer,filter_aware,2,25.02
Run,Spectrum.File,Spectrum.File,1,TRUE,TRUE,FALSE,0,TRUE,1,llama3.2-3b,proteome_discoverer,filter_aware,2,25.02
Intensity,Intensity,Precursor.Area,3,FALSE,TRUE,FALSE,0,TRUE,1,llama3.2-3b,proteome_discoverer,filter_aware,2,25.02
Qvalue,"","",0,TRUE,TRUE,FALSE,0,TRUE,1,llama3.2-3b,proteome_discoverer,filter_aware,2,25.02
ProteinName,Protein.Group.Accessions,Protein.Group.Accessions,1,TRUE,TRUE,FALSE,0,TRUE,1,llama3.2-3b,proteome_discoverer,filter_aware,3,23.75
PeptideSequence,Sequence,Sequence,1,TRUE,TRUE,FALSE,0,TRUE,1,llama3.2-3b,proteome_discoverer,filter_aware,3,23.75
PrecursorCharge,Charge,Charge,1,TRUE,TRUE,FALSE,0,TRUE,1,llama3.2-3b,proteome_discoverer,filter_aware,3,23.75
FragmentIon,"","",0,TRUE,TRUE,FALSE,0,TRUE,1,llama3.2-3b,proteome_discoverer,filter_aware,3,23.75
ProductCharge,"","",0,TRUE,TRUE,FALSE,0,TRUE,1,llama3.2-3b,proteome_discoverer,filter_aware,3,23.75
Run,Spectrum.File,Spectrum.File,1,TRUE,TRUE,FALSE,0,TRUE,1,llama3.2-3b,proteome_discoverer,filter_aware,3,23.75
Intensity,Intensity,Precursor.Area,3,FALSE,TRUE,FALSE,0,TRUE,1,llama3.2-3b,proteome_discoverer,filter_aware,3,23.75
Qvalue,"","",0,TRUE,TRUE,FALSE,0,TRUE,1,llama3.2-3b,proteome_discoverer,filter_aware,3,23.75
ProteinName,Protein.Group.Accessions,Protein.Group.Accessions,1,TRUE,TRUE,FALSE,0.98,TRUE,1,llama3.2-3b,proteome_discoverer,constrained_filter,1,15.85
PeptideSequence,Sequence,Sequence,1,TRUE,TRUE,FALSE,0.92,TRUE,1,llama3.2-3b,proteome_discoverer,constrained_filter,1,15.85
PrecursorCharge,Charge,Charge,1,TRUE,TRUE,FALSE,0,TRUE,1,llama3.2-3b,proteome_discoverer,constrained_filter,1,15.85
FragmentIon,"","",0,TRUE,TRUE,FALSE,0,TRUE,1,llama3.2-3b,proteome_discoverer,constrained_filter,1,15.85
ProductCharge,"","",0,TRUE,TRUE,FALSE,0,TRUE,1,llama3.2-3b,proteome_discoverer,constrained_filter,1,15.85
Run,Spectrum.File,Spectrum.File,1,TRUE,TRUE,FALSE,0.92,TRUE,1,llama3.2-3b,proteome_discoverer,constrained_filter,1,15.85
Intensity,Intensity,Precursor.Area,3,FALSE,TRUE,FALSE,0.92,TRUE,1,llama3.2-3b,proteome_discoverer,constrained_filter,1,15.85
Qvalue,"","",0,TRUE,TRUE,FALSE,0,TRUE,1,llama3.2-3b,proteome_discoverer,constrained_filter,1,15.85
ProteinName,Protein.Group.Accessions,Protein.Group.Accessions,1,TRUE,TRUE,FALSE,0.98,TRUE,1,llama3.2-3b,proteome_discoverer,constrained_filter,2,14.77
PeptideSequence,Sequence,Sequence,1,TRUE,TRUE,FALSE,0.92,TRUE,1,llama3.2-3b,proteome_discoverer,constrained_filter,2,14.77
PrecursorCharge,Charge,Charge,1,TRUE,TRUE,FALSE,0,TRUE,1,llama3.2-3b,proteome_discoverer,constrained_filter,2,14.77
FragmentIon,"","",0,TRUE,TRUE,FALSE,0,TRUE,1,llama3.2-3b,proteome_discoverer,constrained_filter,2,14.77
ProductCharge,"","",0,TRUE,TRUE,FALSE,0,TRUE,1,llama3.2-3b,proteome_discoverer,constrained_filter,2,14.77
Run,Spectrum.File,Spectrum.File,1,TRUE,TRUE,FALSE,0.92,TRUE,1,llama3.2-3b,proteome_discoverer,constrained_filter,2,14.77
Intensity,Intensity,Precursor.Area,3,FALSE,TRUE,FALSE,0.92,TRUE,1,llama3.2-3b,proteome_discoverer,constrained_filter,2,14.77
Qvalue,"","",0,TRUE,TRUE,FALSE,0,TRUE,1,llama3.2-3b,proteome_discoverer,constrained_filter,2,14.77
ProteinName,Protein.Group.Accessions,Protein.Group.Accessions,1,TRUE,TRUE,FALSE,0.98,TRUE,1,llama3.2-3b,proteome_discoverer,constrained_filter,3,14.21
PeptideSequence,Sequence,Sequence,1,TRUE,TRUE,FALSE,0.92,TRUE,1,llama3.2-3b,proteome_discoverer,constrained_filter,3,14.21
PrecursorCharge,Charge,Charge,1,TRUE,TRUE,FALSE,0,TRUE,1,llama3.2-3b,proteome_discoverer,constrained_filter,3,14.21
FragmentIon,"","",0,TRUE,TRUE,FALSE,0,TRUE,1,llama3.2-3b,proteome_discoverer,constrained_filter,3,14.21
ProductCharge,"","",0,TRUE,TRUE,FALSE,0,TRUE,1,llama3.2-3b,proteome_discoverer,constrained_filter,3,14.21
Run,Spectrum.File,Spectrum.File,1,TRUE,TRUE,FALSE,0.92,TRUE,1,llama3.2-3b,proteome_discoverer,constrained_filter,3,14.21
Intensity,Intensity,Precursor.Area,3,FALSE,TRUE,FALSE,0.92,TRUE,1,llama3.2-3b,proteome_discoverer,constrained_filter,3,14.21
Qvalue,"","",0,TRUE,TRUE,FALSE,0,TRUE,1,llama3.2-3b,proteome_discoverer,constrained_filter,3,14.21
ProteinName,Protein.Group.Accessions,Protein.Group.Accessions,1,TRUE,TRUE,FALSE,0.98,TRUE,1,llama3.2-3b,proteome_discoverer,constrained_v2,1,5.19
PeptideSequence,Sequence,Sequence,1,TRUE,TRUE,FALSE,0.98,TRUE,1,llama3.2-3b,proteome_discoverer,constrained_v2,1,5.19
PrecursorCharge,Charge,Charge,1,TRUE,TRUE,FALSE,0.98,TRUE,1,llama3.2-3b,proteome_discoverer,constrained_v2,1,5.19
FragmentIon,"","",0,TRUE,TRUE,FALSE,0,TRUE,1,llama3.2-3b,proteome_discoverer,constrained_v2,1,5.19
ProductCharge,"","",0,TRUE,TRUE,FALSE,0,TRUE,1,llama3.2-3b,proteome_discoverer,constrained_v2,1,5.19
Run,Spectrum.File,Spectrum.File,1,TRUE,TRUE,FALSE,0.92,TRUE,1,llama3.2-3b,proteome_discoverer,constrained_v2,1,5.19
Intensity,Intensity,Precursor.Area,3,FALSE,TRUE,FALSE,0.92,TRUE,1,llama3.2-3b,proteome_discoverer,constrained_v2,1,5.19
Qvalue,"","",0,TRUE,TRUE,FALSE,0,TRUE,1,llama3.2-3b,proteome_discoverer,constrained_v2,1,5.19
ProteinName,Protein.Group.Accessions,Protein.Group.Accessions,1,TRUE,TRUE,FALSE,0.98,TRUE,1,llama3.2-3b,proteome_discoverer,constrained_v2,2,5.19
PeptideSequence,Sequence,Sequence,1,TRUE,TRUE,FALSE,0.98,TRUE,1,llama3.2-3b,proteome_discoverer,constrained_v2,2,5.19
PrecursorCharge,Charge,Charge,1,TRUE,TRUE,FALSE,0.98,TRUE,1,llama3.2-3b,proteome_discoverer,constrained_v2,2,5.19
FragmentIon,"","",0,TRUE,TRUE,FALSE,0,TRUE,1,llama3.2-3b,proteome_discoverer,constrained_v2,2,5.19
ProductCharge,"","",0,TRUE,TRUE,FALSE,0,TRUE,1,llama3.2-3b,proteome_discoverer,constrained_v2,2,5.19
Run,Spectrum.File,Spectrum.File,1,TRUE,TRUE,FALSE,0.92,TRUE,1,llama3.2-3b,proteome_discoverer,constrained_v2,2,5.19
Intensity,Intensity,Precursor.Area,3,FALSE,TRUE,FALSE,0.92,TRUE,1,llama3.2-3b,proteome_discoverer,constrained_v2,2,5.19
Qvalue,"","",0,TRUE,TRUE,FALSE,0,TRUE,1,llama3.2-3b,proteome_discoverer,constrained_v2,2,5.19
ProteinName,Protein.Group.Accessions,Protein.Group.Accessions,1,TRUE,TRUE,FALSE,0.98,TRUE,1,llama3.2-3b,proteome_discoverer,constrained_v2,3,4.5
PeptideSequence,Sequence,Sequence,1,TRUE,TRUE,FALSE,0.98,TRUE,1,llama3.2-3b,proteome_discoverer,constrained_v2,3,4.5
PrecursorCharge,Charge,Charge,1,TRUE,TRUE,FALSE,0.98,TRUE,1,llama3.2-3b,proteome_discoverer,constrained_v2,3,4.5
FragmentIon,"","",0,TRUE,TRUE,FALSE,0,TRUE,1,llama3.2-3b,proteome_discoverer,constrained_v2,3,4.5
ProductCharge,"","",0,TRUE,TRUE,FALSE,0,TRUE,1,llama3.2-3b,proteome_discoverer,constrained_v2,3,4.5
Run,Spectrum.File,Spectrum.File,1,TRUE,TRUE,FALSE,0.92,TRUE,1,llama3.2-3b,proteome_discoverer,constrained_v2,3,4.5
Intensity,Intensity,Precursor.Area,3,FALSE,TRUE,FALSE,0.92,TRUE,1,llama3.2-3b,proteome_discoverer,constrained_v2,3,4.5
Qvalue,"","",0,TRUE,TRUE,FALSE,0,TRUE,1,llama3.2-3b,proteome_discoverer,constrained_v2,3,4.5
ProteinName,Protein.Descriptions,Protein.Group.Accessions,1,FALSE,FALSE,FALSE,0.98,TRUE,1,llama3.2-3b,proteome_discoverer,constrained_filter_v2,1,4.17
PeptideSequence,Sequence,Sequence,1,TRUE,TRUE,FALSE,0.98,TRUE,1,llama3.2-3b,proteome_discoverer,constrained_filter_v2,1,4.17
PrecursorCharge,Charge,Charge,1,TRUE,TRUE,FALSE,0.92,TRUE,1,llama3.2-3b,proteome_discoverer,constrained_filter_v2,1,4.17
FragmentIon,"","",0,TRUE,TRUE,FALSE,,FALSE,0,llama3.2-3b,proteome_discoverer,constrained_filter_v2,1,4.17
ProductCharge,"","",0,TRUE,TRUE,FALSE,,FALSE,0,llama3.2-3b,proteome_discoverer,constrained_filter_v2,1,4.17
Run,Spectrum.File,Spectrum.File,1,TRUE,TRUE,FALSE,0.92,TRUE,1,llama3.2-3b,proteome_discoverer,constrained_filter_v2,1,4.17
Intensity,Intensity,Precursor.Area,3,FALSE,TRUE,FALSE,0.92,TRUE,1,llama3.2-3b,proteome_discoverer,constrained_filter_v2,1,4.17
Qvalue,DeltaScore,"",0,FALSE,FALSE,FALSE,0.8,TRUE,1,llama3.2-3b,proteome_discoverer,constrained_filter_v2,1,4.17
ProteinName,Protein.Descriptions,Protein.Group.Accessions,1,FALSE,FALSE,FALSE,0.98,TRUE,1,llama3.2-3b,proteome_discoverer,constrained_filter_v2,2,3.65
PeptideSequence,Sequence,Sequence,1,TRUE,TRUE,FALSE,0.98,TRUE,1,llama3.2-3b,proteome_discoverer,constrained_filter_v2,2,3.65
PrecursorCharge,Charge,Charge,1,TRUE,TRUE,FALSE,0.92,TRUE,1,llama3.2-3b,proteome_discoverer,constrained_filter_v2,2,3.65
FragmentIon,"","",0,TRUE,TRUE,FALSE,,FALSE,0,llama3.2-3b,proteome_discoverer,constrained_filter_v2,2,3.65
ProductCharge,"","",0,TRUE,TRUE,FALSE,,FALSE,0,llama3.2-3b,proteome_discoverer,constrained_filter_v2,2,3.65
Run,Spectrum.File,Spectrum.File,1,TRUE,TRUE,FALSE,0.92,TRUE,1,llama3.2-3b,proteome_discoverer,constrained_filter_v2,2,3.65
Intensity,Intensity,Precursor.Area,3,FALSE,TRUE,FALSE,0.92,TRUE,1,llama3.2-3b,proteome_discoverer,constrained_filter_v2,2,3.65
Qvalue,DeltaScore,"",0,FALSE,FALSE,FALSE,0.8,TRUE,1,llama3.2-3b,proteome_discoverer,constrained_filter_v2,2,3.65
ProteinName,Protein.Descriptions,Protein.Group.Accessions,1,FALSE,FALSE,FALSE,0.98,TRUE,1,llama3.2-3b,proteome_discoverer,constrained_filter_v2,3,4.05
PeptideSequence,Sequence,Sequence,1,TRUE,TRUE,FALSE,0.98,TRUE,1,llama3.2-3b,proteome_discoverer,constrained_filter_v2,3,4.05
PrecursorCharge,Charge,Charge,1,TRUE,TRUE,FALSE,0.92,TRUE,1,llama3.2-3b,proteome_discoverer,constrained_filter_v2,3,4.05
FragmentIon,"","",0,TRUE,TRUE,FALSE,,FALSE,0,llama3.2-3b,proteome_discoverer,constrained_filter_v2,3,4.05
ProductCharge,"","",0,TRUE,TRUE,FALSE,,FALSE,0,llama3.2-3b,proteome_discoverer,constrained_filter_v2,3,4.05
Run,Spectrum.File,Spectrum.File,1,TRUE,TRUE,FALSE,0.92,TRUE,1,llama3.2-3b,proteome_discoverer,constrained_filter_v2,3,4.05
Intensity,Intensity,Precursor.Area,3,FALSE,TRUE,FALSE,0.92,TRUE,1,llama3.2-3b,proteome_discoverer,constrained_filter_v2,3,4.05
Qvalue,DeltaScore,"",0,FALSE,FALSE,FALSE,0.8,TRUE,1,llama3.2-3b,proteome_discoverer,constrained_filter_v2,3,4.05
ProteinName,Protein.Group.Accessions,Protein.Group.Accessions,1,TRUE,TRUE,FALSE,0.98,TRUE,1,llama3.2-3b,proteome_discoverer,constrained_v3,1,4.6
PeptideSequence,Sequence,Sequence,1,TRUE,TRUE,FALSE,0.98,TRUE,1,llama3.2-3b,proteome_discoverer,constrained_v3,1,4.6
PrecursorCharge,Charge,Charge,1,TRUE,TRUE,FALSE,0.92,TRUE,1,llama3.2-3b,proteome_discoverer,constrained_v3,1,4.6
FragmentIon,"","",0,TRUE,TRUE,FALSE,0,TRUE,1,llama3.2-3b,proteome_discoverer,constrained_v3,1,4.6
ProductCharge,"","",0,TRUE,TRUE,FALSE,0,TRUE,1,llama3.2-3b,proteome_discoverer,constrained_v3,1,4.6
Run,Spectrum.File,Spectrum.File,1,TRUE,TRUE,FALSE,0.92,TRUE,1,llama3.2-3b,proteome_discoverer,constrained_v3,1,4.6
Intensity,Intensity,Precursor.Area,3,FALSE,TRUE,FALSE,0.92,TRUE,1,llama3.2-3b,proteome_discoverer,constrained_v3,1,4.6
Qvalue,"","",0,TRUE,TRUE,FALSE,0,TRUE,1,llama3.2-3b,proteome_discoverer,constrained_v3,1,4.6
ProteinName,Protein.Group.Accessions,Protein.Group.Accessions,1,TRUE,TRUE,FALSE,0.98,TRUE,1,llama3.2-3b,proteome_discoverer,constrained_v3,2,4.62
PeptideSequence,Sequence,Sequence,1,TRUE,TRUE,FALSE,0.98,TRUE,1,llama3.2-3b,proteome_discoverer,constrained_v3,2,4.62
PrecursorCharge,Charge,Charge,1,TRUE,TRUE,FALSE,0.92,TRUE,1,llama3.2-3b,proteome_discoverer,constrained_v3,2,4.62
FragmentIon,"","",0,TRUE,TRUE,FALSE,0,TRUE,1,llama3.2-3b,proteome_discoverer,constrained_v3,2,4.62
ProductCharge,"","",0,TRUE,TRUE,FALSE,0,TRUE,1,llama3.2-3b,proteome_discoverer,constrained_v3,2,4.62
Run,Spectrum.File,Spectrum.File,1,TRUE,TRUE,FALSE,0.92,TRUE,1,llama3.2-3b,proteome_discoverer,constrained_v3,2,4.62
Intensity,Intensity,Precursor.Area,3,FALSE,TRUE,FALSE,0.92,TRUE,1,llama3.2-3b,proteome_discoverer,constrained_v3,2,4.62
Qvalue,"","",0,TRUE,TRUE,FALSE,0,TRUE,1,llama3.2-3b,proteome_discoverer,constrained_v3,2,4.62
ProteinName,Protein.Group.Accessions,Protein.Group.Accessions,1,TRUE,TRUE,FALSE,0.98,TRUE,1,llama3.2-3b,proteome_discoverer,constrained_v3,3,4.85
PeptideSequence,Sequence,Sequence,1,TRUE,TRUE,FALSE,0.98,TRUE,1,llama3.2-3b,proteome_discoverer,constrained_v3,3,4.85
PrecursorCharge,Charge,Charge,1,TRUE,TRUE,FALSE,0.92,TRUE,1,llama3.2-3b,proteome_discoverer,constrained_v3,3,4.85
FragmentIon,"","",0,TRUE,TRUE,FALSE,0,TRUE,1,llama3.2-3b,proteome_discoverer,constrained_v3,3,4.85
ProductCharge,"","",0,TRUE,TRUE,FALSE,0,TRUE,1,llama3.2-3b,proteome_discoverer,constrained_v3,3,4.85
Run,Spectrum.File,Spectrum.File,1,TRUE,TRUE,FALSE,0.92,TRUE,1,llama3.2-3b,proteome_discoverer,constrained_v3,3,4.85
Intensity,Intensity,Precursor.Area,3,FALSE,TRUE,FALSE,0.92,TRUE,1,llama3.2-3b,proteome_discoverer,constrained_v3,3,4.85
Qvalue,"","",0,TRUE,TRUE,FALSE,0,TRUE,1,llama3.2-3b,proteome_discoverer,constrained_v3,3,4.85
ProteinName,Protein.Descriptions,Protein.Group.Accessions,1,FALSE,FALSE,FALSE,0.98,TRUE,1,llama3.2-3b,proteome_discoverer,constrained_filter_v3,1,5.43
PeptideSequence,Sequence,Sequence,1,TRUE,TRUE,FALSE,0.98,TRUE,1,llama3.2-3b,proteome_discoverer,constrained_filter_v3,1,5.43
PrecursorCharge,Charge,Charge,1,TRUE,TRUE,FALSE,0,TRUE,1,llama3.2-3b,proteome_discoverer,constrained_filter_v3,1,5.43
FragmentIon,"","",0,TRUE,TRUE,FALSE,0,TRUE,1,llama3.2-3b,proteome_discoverer,constrained_filter_v3,1,5.43
ProductCharge,"","",0,TRUE,TRUE,FALSE,0,TRUE,1,llama3.2-3b,proteome_discoverer,constrained_filter_v3,1,5.43
Run,Spectrum.File,Spectrum.File,1,TRUE,TRUE,FALSE,0.92,TRUE,1,llama3.2-3b,proteome_discoverer,constrained_filter_v3,1,5.43
Intensity,Intensity,Precursor.Area,3,FALSE,TRUE,FALSE,0.92,TRUE,1,llama3.2-3b,proteome_discoverer,constrained_filter_v3,1,5.43
Qvalue,"","",0,TRUE,TRUE,FALSE,0,TRUE,1,llama3.2-3b,proteome_discoverer,constrained_filter_v3,1,5.43
ProteinName,Protein.Descriptions,Protein.Group.Accessions,1,FALSE,FALSE,FALSE,0.98,TRUE,1,llama3.2-3b,proteome_discoverer,constrained_filter_v3,2,4.82
PeptideSequence,Sequence,Sequence,1,TRUE,TRUE,FALSE,0.98,TRUE,1,llama3.2-3b,proteome_discoverer,constrained_filter_v3,2,4.82
PrecursorCharge,Charge,Charge,1,TRUE,TRUE,FALSE,0,TRUE,1,llama3.2-3b,proteome_discoverer,constrained_filter_v3,2,4.82
FragmentIon,"","",0,TRUE,TRUE,FALSE,0,TRUE,1,llama3.2-3b,proteome_discoverer,constrained_filter_v3,2,4.82
ProductCharge,"","",0,TRUE,TRUE,FALSE,0,TRUE,1,llama3.2-3b,proteome_discoverer,constrained_filter_v3,2,4.82
Run,Spectrum.File,Spectrum.File,1,TRUE,TRUE,FALSE,0.92,TRUE,1,llama3.2-3b,proteome_discoverer,constrained_filter_v3,2,4.82
Intensity,Intensity,Precursor.Area,3,FALSE,TRUE,FALSE,0.92,TRUE,1,llama3.2-3b,proteome_discoverer,constrained_filter_v3,2,4.82
Qvalue,"","",0,TRUE,TRUE,FALSE,0,TRUE,1,llama3.2-3b,proteome_discoverer,constrained_filter_v3,2,4.82
ProteinName,Protein.Descriptions,Protein.Group.Accessions,1,FALSE,FALSE,FALSE,0.98,TRUE,1,llama3.2-3b,proteome_discoverer,constrained_filter_v3,3,4.54
PeptideSequence,Sequence,Sequence,1,TRUE,TRUE,FALSE,0.98,TRUE,1,llama3.2-3b,proteome_discoverer,constrained_filter_v3,3,4.54
PrecursorCharge,Charge,Charge,1,TRUE,TRUE,FALSE,0,TRUE,1,llama3.2-3b,proteome_discoverer,constrained_filter_v3,3,4.54
FragmentIon,"","",0,TRUE,TRUE,FALSE,0,TRUE,1,llama3.2-3b,proteome_discoverer,constrained_filter_v3,3,4.54
ProductCharge,"","",0,TRUE,TRUE,FALSE,0,TRUE,1,llama3.2-3b,proteome_discoverer,constrained_filter_v3,3,4.54
Run,Spectrum.File,Spectrum.File,1,TRUE,TRUE,FALSE,0.92,TRUE,1,llama3.2-3b,proteome_discoverer,constrained_filter_v3,3,4.54
Intensity,Intensity,Precursor.Area,3,FALSE,TRUE,FALSE,0.92,TRUE,1,llama3.2-3b,proteome_discoverer,constrained_filter_v3,3,4.54
Qvalue,"","",0,TRUE,TRUE,FALSE,0,TRUE,1,llama3.2-3b,proteome_discoverer,constrained_filter_v3,3,4.54
ProteinName,Protein.Group,Protein.Group,1,TRUE,TRUE,FALSE,1,TRUE,1,llama3.2-3b,metamorpheus,lean,1,3.96
PeptideSequence,Base.Sequence,Full.Sequence,1,FALSE,FALSE,FALSE,1,TRUE,1,llama3.2-3b,metamorpheus,lean,1,3.96
PrecursorCharge,Precursor.Charge,Precursor.Charge,1,TRUE,TRUE,FALSE,1,TRUE,1,llama3.2-3b,metamorpheus,lean,1,3.96
FragmentIon,"","",0,TRUE,TRUE,FALSE,,FALSE,0,llama3.2-3b,metamorpheus,lean,1,3.96
ProductCharge,"","",0,TRUE,TRUE,FALSE,,FALSE,0,llama3.2-3b,metamorpheus,lean,1,3.96
Run,File.Name,File.Name,1,TRUE,TRUE,FALSE,1,TRUE,1,llama3.2-3b,metamorpheus,lean,1,3.96
Intensity,Peak.intensity,Peak.intensity,1,TRUE,TRUE,FALSE,1,TRUE,1,llama3.2-3b,metamorpheus,lean,1,3.96
Qvalue,PIP.Q.Value,PIP.Q.Value,1,TRUE,TRUE,FALSE,1,TRUE,1,llama3.2-3b,metamorpheus,lean,1,3.96
ProteinName,Protein.Group,Protein.Group,1,TRUE,TRUE,FALSE,1,TRUE,1,llama3.2-3b,metamorpheus,lean,2,4.82
PeptideSequence,Base.Sequence,Full.Sequence,1,FALSE,FALSE,FALSE,1,TRUE,1,llama3.2-3b,metamorpheus,lean,2,4.82
PrecursorCharge,Precursor.Charge,Precursor.Charge,1,TRUE,TRUE,FALSE,1,TRUE,1,llama3.2-3b,metamorpheus,lean,2,4.82
FragmentIon,"","",0,TRUE,TRUE,FALSE,,FALSE,0,llama3.2-3b,metamorpheus,lean,2,4.82
ProductCharge,"","",0,TRUE,TRUE,FALSE,,FALSE,0,llama3.2-3b,metamorpheus,lean,2,4.82
Run,File.Name,File.Name,1,TRUE,TRUE,FALSE,1,TRUE,1,llama3.2-3b,metamorpheus,lean,2,4.82
Intensity,Peak.intensity,Peak.intensity,1,TRUE,TRUE,FALSE,1,TRUE,1,llama3.2-3b,metamorpheus,lean,2,4.82
Qvalue,PIP.Q.Value,PIP.Q.Value,1,TRUE,TRUE,FALSE,1,TRUE,1,llama3.2-3b,metamorpheus,lean,2,4.82
ProteinName,Protein.Group,Protein.Group,1,TRUE,TRUE,FALSE,1,TRUE,1,llama3.2-3b,metamorpheus,lean,3,4.59
PeptideSequence,Base.Sequence,Full.Sequence,1,FALSE,FALSE,FALSE,1,TRUE,1,llama3.2-3b,metamorpheus,lean,3,4.59
PrecursorCharge,Precursor.Charge,Precursor.Charge,1,TRUE,TRUE,FALSE,1,TRUE,1,llama3.2-3b,metamorpheus,lean,3,4.59
FragmentIon,"","",0,TRUE,TRUE,FALSE,,FALSE,0,llama3.2-3b,metamorpheus,lean,3,4.59
ProductCharge,"","",0,TRUE,TRUE,FALSE,,FALSE,0,llama3.2-3b,metamorpheus,lean,3,4.59
Run,File.Name,File.Name,1,TRUE,TRUE,FALSE,1,TRUE,1,llama3.2-3b,metamorpheus,lean,3,4.59
Intensity,Peak.intensity,Peak.intensity,1,TRUE,TRUE,FALSE,1,TRUE,1,llama3.2-3b,metamorpheus,lean,3,4.59
Qvalue,PIP.Q.Value,PIP.Q.Value,1,TRUE,TRUE,FALSE,1,TRUE,1,llama3.2-3b,metamorpheus,lean,3,4.59
ProteinName,Protein.Group,Protein.Group,1,TRUE,TRUE,FALSE,0.98,TRUE,1,llama3.2-3b,metamorpheus,constrained,1,3.85
PeptideSequence,Base.Sequence,Full.Sequence,1,FALSE,FALSE,FALSE,0.98,TRUE,1,llama3.2-3b,metamorpheus,constrained,1,3.85
PrecursorCharge,Precursor.Charge,Precursor.Charge,1,TRUE,TRUE,FALSE,0.98,TRUE,1,llama3.2-3b,metamorpheus,constrained,1,3.85
FragmentIon,"","",0,TRUE,TRUE,FALSE,,FALSE,0,llama3.2-3b,metamorpheus,constrained,1,3.85
ProductCharge,"","",0,TRUE,TRUE,FALSE,,FALSE,0,llama3.2-3b,metamorpheus,constrained,1,3.85
Run,MS2.Retention.Time,File.Name,1,FALSE,FALSE,FALSE,0.92,TRUE,1,llama3.2-3b,metamorpheus,constrained,1,3.85
Intensity,Peak.intensity,Peak.intensity,1,TRUE,TRUE,FALSE,0.92,TRUE,1,llama3.2-3b,metamorpheus,constrained,1,3.85
Qvalue,PIP.Q.Value,PIP.Q.Value,1,TRUE,TRUE,FALSE,0,TRUE,1,llama3.2-3b,metamorpheus,constrained,1,3.85
ProteinName,Protein.Group,Protein.Group,1,TRUE,TRUE,FALSE,0.98,TRUE,1,llama3.2-3b,metamorpheus,constrained,2,4.1
PeptideSequence,Base.Sequence,Full.Sequence,1,FALSE,FALSE,FALSE,0.98,TRUE,1,llama3.2-3b,metamorpheus,constrained,2,4.1
PrecursorCharge,Precursor.Charge,Precursor.Charge,1,TRUE,TRUE,FALSE,0.98,TRUE,1,llama3.2-3b,metamorpheus,constrained,2,4.1
FragmentIon,"","",0,TRUE,TRUE,FALSE,,FALSE,0,llama3.2-3b,metamorpheus,constrained,2,4.1
ProductCharge,"","",0,TRUE,TRUE,FALSE,,FALSE,0,llama3.2-3b,metamorpheus,constrained,2,4.1
Run,MS2.Retention.Time,File.Name,1,FALSE,FALSE,FALSE,0.92,TRUE,1,llama3.2-3b,metamorpheus,constrained,2,4.1
Intensity,Peak.intensity,Peak.intensity,1,TRUE,TRUE,FALSE,0.92,TRUE,1,llama3.2-3b,metamorpheus,constrained,2,4.1
Qvalue,PIP.Q.Value,PIP.Q.Value,1,TRUE,TRUE,FALSE,0,TRUE,1,llama3.2-3b,metamorpheus,constrained,2,4.1
ProteinName,Protein.Group,Protein.Group,1,TRUE,TRUE,FALSE,0.98,TRUE,1,llama3.2-3b,metamorpheus,constrained,3,3.76
PeptideSequence,Base.Sequence,Full.Sequence,1,FALSE,FALSE,FALSE,0.98,TRUE,1,llama3.2-3b,metamorpheus,constrained,3,3.76
PrecursorCharge,Precursor.Charge,Precursor.Charge,1,TRUE,TRUE,FALSE,0.98,TRUE,1,llama3.2-3b,metamorpheus,constrained,3,3.76
FragmentIon,"","",0,TRUE,TRUE,FALSE,,FALSE,0,llama3.2-3b,metamorpheus,constrained,3,3.76
ProductCharge,"","",0,TRUE,TRUE,FALSE,,FALSE,0,llama3.2-3b,metamorpheus,constrained,3,3.76
Run,MS2.Retention.Time,File.Name,1,FALSE,FALSE,FALSE,0.92,TRUE,1,llama3.2-3b,metamorpheus,constrained,3,3.76
Intensity,Peak.intensity,Peak.intensity,1,TRUE,TRUE,FALSE,0.92,TRUE,1,llama3.2-3b,metamorpheus,constrained,3,3.76
Qvalue,PIP.Q.Value,PIP.Q.Value,1,TRUE,TRUE,FALSE,0,TRUE,1,llama3.2-3b,metamorpheus,constrained,3,3.76
ProteinName,Protein.Group,Protein.Group,1,TRUE,TRUE,FALSE,1,TRUE,1,llama3.2-3b,metamorpheus,filter_aware,1,10.29
PeptideSequence,Base.Sequence,Full.Sequence,1,FALSE,FALSE,FALSE,1,TRUE,1,llama3.2-3b,metamorpheus,filter_aware,1,10.29
PrecursorCharge,Precursor.Charge,Precursor.Charge,1,TRUE,TRUE,FALSE,1,TRUE,1,llama3.2-3b,metamorpheus,filter_aware,1,10.29
FragmentIon,"","",0,TRUE,TRUE,FALSE,0,TRUE,1,llama3.2-3b,metamorpheus,filter_aware,1,10.29
ProductCharge,Peak.Charge,"",0,FALSE,FALSE,FALSE,1,TRUE,1,llama3.2-3b,metamorpheus,filter_aware,1,10.29
Run,File.Name,File.Name,1,TRUE,TRUE,FALSE,1,TRUE,1,llama3.2-3b,metamorpheus,filter_aware,1,10.29
Intensity,Peak.intensity,Peak.intensity,1,TRUE,TRUE,FALSE,1,TRUE,1,llama3.2-3b,metamorpheus,filter_aware,1,10.29
Qvalue,PIP.Q.Value,PIP.Q.Value,1,TRUE,TRUE,FALSE,1,TRUE,1,llama3.2-3b,metamorpheus,filter_aware,1,10.29
ProteinName,Protein.Group,Protein.Group,1,TRUE,TRUE,FALSE,1,TRUE,1,llama3.2-3b,metamorpheus,filter_aware,2,9.49
PeptideSequence,Base.Sequence,Full.Sequence,1,FALSE,FALSE,FALSE,1,TRUE,1,llama3.2-3b,metamorpheus,filter_aware,2,9.49
PrecursorCharge,Precursor.Charge,Precursor.Charge,1,TRUE,TRUE,FALSE,1,TRUE,1,llama3.2-3b,metamorpheus,filter_aware,2,9.49
FragmentIon,"","",0,TRUE,TRUE,FALSE,0,TRUE,1,llama3.2-3b,metamorpheus,filter_aware,2,9.49
ProductCharge,Peak.Charge,"",0,FALSE,FALSE,FALSE,1,TRUE,1,llama3.2-3b,metamorpheus,filter_aware,2,9.49
Run,File.Name,File.Name,1,TRUE,TRUE,FALSE,1,TRUE,1,llama3.2-3b,metamorpheus,filter_aware,2,9.49
Intensity,Peak.intensity,Peak.intensity,1,TRUE,TRUE,FALSE,1,TRUE,1,llama3.2-3b,metamorpheus,filter_aware,2,9.49
Qvalue,PIP.Q.Value,PIP.Q.Value,1,TRUE,TRUE,FALSE,1,TRUE,1,llama3.2-3b,metamorpheus,filter_aware,2,9.49
ProteinName,Protein.Group,Protein.Group,1,TRUE,TRUE,FALSE,1,TRUE,1,llama3.2-3b,metamorpheus,filter_aware,3,10.48
PeptideSequence,Base.Sequence,Full.Sequence,1,FALSE,FALSE,FALSE,1,TRUE,1,llama3.2-3b,metamorpheus,filter_aware,3,10.48
PrecursorCharge,Precursor.Charge,Precursor.Charge,1,TRUE,TRUE,FALSE,1,TRUE,1,llama3.2-3b,metamorpheus,filter_aware,3,10.48
FragmentIon,"","",0,TRUE,TRUE,FALSE,0,TRUE,1,llama3.2-3b,metamorpheus,filter_aware,3,10.48
ProductCharge,Peak.Charge,"",0,FALSE,FALSE,FALSE,1,TRUE,1,llama3.2-3b,metamorpheus,filter_aware,3,10.48
Run,File.Name,File.Name,1,TRUE,TRUE,FALSE,1,TRUE,1,llama3.2-3b,metamorpheus,filter_aware,3,10.48
Intensity,Peak.intensity,Peak.intensity,1,TRUE,TRUE,FALSE,1,TRUE,1,llama3.2-3b,metamorpheus,filter_aware,3,10.48
Qvalue,PIP.Q.Value,PIP.Q.Value,1,TRUE,TRUE,FALSE,1,TRUE,1,llama3.2-3b,metamorpheus,filter_aware,3,10.48
ProteinName,Protein.Group,Protein.Group,1,TRUE,TRUE,FALSE,0.98,TRUE,1,llama3.2-3b,metamorpheus,constrained_filter,1,15.85
PeptideSequence,Base.Sequence,Full.Sequence,1,FALSE,FALSE,TRUE,0.92,TRUE,1,llama3.2-3b,metamorpheus,constrained_filter,1,15.85
PrecursorCharge,Precursor.Charge,Precursor.Charge,1,TRUE,TRUE,FALSE,0.98,TRUE,1,llama3.2-3b,metamorpheus,constrained_filter,1,15.85
FragmentIon,"","",0,TRUE,TRUE,FALSE,0,TRUE,1,llama3.2-3b,metamorpheus,constrained_filter,1,15.85
ProductCharge,Peak.Charge,"",0,FALSE,FALSE,FALSE,0.98,TRUE,1,llama3.2-3b,metamorpheus,constrained_filter,1,15.85
Run,MS2.Retention.Time,File.Name,1,FALSE,FALSE,FALSE,0.92,TRUE,1,llama3.2-3b,metamorpheus,constrained_filter,1,15.85
Intensity,Peak.intensity,Peak.intensity,1,TRUE,TRUE,FALSE,0.92,TRUE,1,llama3.2-3b,metamorpheus,constrained_filter,1,15.85
Qvalue,PIP.Q.Value,PIP.Q.Value,1,TRUE,TRUE,FALSE,0,TRUE,1,llama3.2-3b,metamorpheus,constrained_filter,1,15.85
ProteinName,Protein.Group,Protein.Group,1,TRUE,TRUE,FALSE,0.98,TRUE,1,llama3.2-3b,metamorpheus,constrained_filter,2,14.56
PeptideSequence,Base.Sequence,Full.Sequence,1,FALSE,FALSE,TRUE,0.92,TRUE,1,llama3.2-3b,metamorpheus,constrained_filter,2,14.56
PrecursorCharge,Precursor.Charge,Precursor.Charge,1,TRUE,TRUE,FALSE,0.98,TRUE,1,llama3.2-3b,metamorpheus,constrained_filter,2,14.56
FragmentIon,"","",0,TRUE,TRUE,FALSE,0,TRUE,1,llama3.2-3b,metamorpheus,constrained_filter,2,14.56
ProductCharge,Peak.Charge,"",0,FALSE,FALSE,FALSE,0.98,TRUE,1,llama3.2-3b,metamorpheus,constrained_filter,2,14.56
Run,MS2.Retention.Time,File.Name,1,FALSE,FALSE,FALSE,0.92,TRUE,1,llama3.2-3b,metamorpheus,constrained_filter,2,14.56
Intensity,Peak.intensity,Peak.intensity,1,TRUE,TRUE,FALSE,0.92,TRUE,1,llama3.2-3b,metamorpheus,constrained_filter,2,14.56
Qvalue,PIP.Q.Value,PIP.Q.Value,1,TRUE,TRUE,FALSE,0,TRUE,1,llama3.2-3b,metamorpheus,constrained_filter,2,14.56
ProteinName,Protein.Group,Protein.Group,1,TRUE,TRUE,FALSE,0.98,TRUE,1,llama3.2-3b,metamorpheus,constrained_filter,3,14.51
PeptideSequence,Base.Sequence,Full.Sequence,1,FALSE,FALSE,TRUE,0.92,TRUE,1,llama3.2-3b,metamorpheus,constrained_filter,3,14.51
PrecursorCharge,Precursor.Charge,Precursor.Charge,1,TRUE,TRUE,FALSE,0.98,TRUE,1,llama3.2-3b,metamorpheus,constrained_filter,3,14.51
FragmentIon,"","",0,TRUE,TRUE,FALSE,0,TRUE,1,llama3.2-3b,metamorpheus,constrained_filter,3,14.51
ProductCharge,Peak.Charge,"",0,FALSE,FALSE,FALSE,0.98,TRUE,1,llama3.2-3b,metamorpheus,constrained_filter,3,14.51
Run,MS2.Retention.Time,File.Name,1,FALSE,FALSE,FALSE,0.92,TRUE,1,llama3.2-3b,metamorpheus,constrained_filter,3,14.51
Intensity,Peak.intensity,Peak.intensity,1,TRUE,TRUE,FALSE,0.92,TRUE,1,llama3.2-3b,metamorpheus,constrained_filter,3,14.51
Qvalue,PIP.Q.Value,PIP.Q.Value,1,TRUE,TRUE,FALSE,0,TRUE,1,llama3.2-3b,metamorpheus,constrained_filter,3,14.51
ProteinName,Protein.Group,Protein.Group,1,TRUE,TRUE,FALSE,0.98,TRUE,1,llama3.2-3b,metamorpheus,constrained_v2,1,3.93
PeptideSequence,Full.Sequence,Full.Sequence,1,TRUE,TRUE,FALSE,0.98,TRUE,1,llama3.2-3b,metamorpheus,constrained_v2,1,3.93
PrecursorCharge,Precursor.Charge,Precursor.Charge,1,TRUE,TRUE,FALSE,0.98,TRUE,1,llama3.2-3b,metamorpheus,constrained_v2,1,3.93
FragmentIon,"","",0,TRUE,TRUE,FALSE,0,TRUE,1,llama3.2-3b,metamorpheus,constrained_v2,1,3.93
ProductCharge,"","",0,TRUE,TRUE,FALSE,0,TRUE,1,llama3.2-3b,metamorpheus,constrained_v2,1,3.93
Run,"",File.Name,1,FALSE,FALSE,FALSE,0,TRUE,1,llama3.2-3b,metamorpheus,constrained_v2,1,3.93
Intensity,Peak.intensity,Peak.intensity,1,TRUE,TRUE,FALSE,0.92,TRUE,1,llama3.2-3b,metamorpheus,constrained_v2,1,3.93
Qvalue,PIP.Q.Value,PIP.Q.Value,1,TRUE,TRUE,FALSE,0,TRUE,1,llama3.2-3b,metamorpheus,constrained_v2,1,3.93
ProteinName,Protein.Group,Protein.Group,1,TRUE,TRUE,FALSE,0.98,TRUE,1,llama3.2-3b,metamorpheus,constrained_v2,2,4.1
PeptideSequence,Full.Sequence,Full.Sequence,1,TRUE,TRUE,FALSE,0.98,TRUE,1,llama3.2-3b,metamorpheus,constrained_v2,2,4.1
PrecursorCharge,Precursor.Charge,Precursor.Charge,1,TRUE,TRUE,FALSE,0.98,TRUE,1,llama3.2-3b,metamorpheus,constrained_v2,2,4.1
FragmentIon,"","",0,TRUE,TRUE,FALSE,0,TRUE,1,llama3.2-3b,metamorpheus,constrained_v2,2,4.1
ProductCharge,"","",0,TRUE,TRUE,FALSE,0,TRUE,1,llama3.2-3b,metamorpheus,constrained_v2,2,4.1
Run,"",File.Name,1,FALSE,FALSE,FALSE,0,TRUE,1,llama3.2-3b,metamorpheus,constrained_v2,2,4.1
Intensity,Peak.intensity,Peak.intensity,1,TRUE,TRUE,FALSE,0.92,TRUE,1,llama3.2-3b,metamorpheus,constrained_v2,2,4.1
Qvalue,PIP.Q.Value,PIP.Q.Value,1,TRUE,TRUE,FALSE,0,TRUE,1,llama3.2-3b,metamorpheus,constrained_v2,2,4.1
ProteinName,Protein.Group,Protein.Group,1,TRUE,TRUE,FALSE,0.98,TRUE,1,llama3.2-3b,metamorpheus,constrained_v2,3,3.62
PeptideSequence,Full.Sequence,Full.Sequence,1,TRUE,TRUE,FALSE,0.98,TRUE,1,llama3.2-3b,metamorpheus,constrained_v2,3,3.62
PrecursorCharge,Precursor.Charge,Precursor.Charge,1,TRUE,TRUE,FALSE,0.98,TRUE,1,llama3.2-3b,metamorpheus,constrained_v2,3,3.62
FragmentIon,"","",0,TRUE,TRUE,FALSE,0,TRUE,1,llama3.2-3b,metamorpheus,constrained_v2,3,3.62
ProductCharge,"","",0,TRUE,TRUE,FALSE,0,TRUE,1,llama3.2-3b,metamorpheus,constrained_v2,3,3.62
Run,"",File.Name,1,FALSE,FALSE,FALSE,0,TRUE,1,llama3.2-3b,metamorpheus,constrained_v2,3,3.62
Intensity,Peak.intensity,Peak.intensity,1,TRUE,TRUE,FALSE,0.92,TRUE,1,llama3.2-3b,metamorpheus,constrained_v2,3,3.62
Qvalue,PIP.Q.Value,PIP.Q.Value,1,TRUE,TRUE,FALSE,0,TRUE,1,llama3.2-3b,metamorpheus,constrained_v2,3,3.62
ProteinName,Protein.Group,Protein.Group,1,TRUE,TRUE,FALSE,0.98,TRUE,1,llama3.2-3b,metamorpheus,constrained_filter_v2,1,4.73
PeptideSequence,Base.Sequence,Full.Sequence,1,FALSE,FALSE,FALSE,0.98,TRUE,1,llama3.2-3b,metamorpheus,constrained_filter_v2,1,4.73
PrecursorCharge,Precursor.Charge,Precursor.Charge,1,TRUE,TRUE,FALSE,0,TRUE,1,llama3.2-3b,metamorpheus,constrained_filter_v2,1,4.73
FragmentIon,"","",0,TRUE,TRUE,FALSE,0,TRUE,1,llama3.2-3b,metamorpheus,constrained_filter_v2,1,4.73
ProductCharge,"","",0,TRUE,TRUE,FALSE,0,TRUE,1,llama3.2-3b,metamorpheus,constrained_filter_v2,1,4.73
Run,File.Name,File.Name,1,TRUE,TRUE,FALSE,0.92,TRUE,1,llama3.2-3b,metamorpheus,constrained_filter_v2,1,4.73
Intensity,Peak.intensity,Peak.intensity,1,TRUE,TRUE,FALSE,0.92,TRUE,1,llama3.2-3b,metamorpheus,constrained_filter_v2,1,4.73
Qvalue,PIP.Q.Value,PIP.Q.Value,1,TRUE,TRUE,FALSE,0,TRUE,1,llama3.2-3b,metamorpheus,constrained_filter_v2,1,4.73
ProteinName,Protein.Group,Protein.Group,1,TRUE,TRUE,FALSE,0.98,TRUE,1,llama3.2-3b,metamorpheus,constrained_filter_v2,2,5.72
PeptideSequence,Base.Sequence,Full.Sequence,1,FALSE,FALSE,FALSE,0.98,TRUE,1,llama3.2-3b,metamorpheus,constrained_filter_v2,2,5.72
PrecursorCharge,Precursor.Charge,Precursor.Charge,1,TRUE,TRUE,FALSE,0,TRUE,1,llama3.2-3b,metamorpheus,constrained_filter_v2,2,5.72
FragmentIon,"","",0,TRUE,TRUE,FALSE,0,TRUE,1,llama3.2-3b,metamorpheus,constrained_filter_v2,2,5.72
ProductCharge,"","",0,TRUE,TRUE,FALSE,0,TRUE,1,llama3.2-3b,metamorpheus,constrained_filter_v2,2,5.72
Run,File.Name,File.Name,1,TRUE,TRUE,FALSE,0.92,TRUE,1,llama3.2-3b,metamorpheus,constrained_filter_v2,2,5.72
Intensity,Peak.intensity,Peak.intensity,1,TRUE,TRUE,FALSE,0.92,TRUE,1,llama3.2-3b,metamorpheus,constrained_filter_v2,2,5.72
Qvalue,PIP.Q.Value,PIP.Q.Value,1,TRUE,TRUE,FALSE,0,TRUE,1,llama3.2-3b,metamorpheus,constrained_filter_v2,2,5.72
ProteinName,Protein.Group,Protein.Group,1,TRUE,TRUE,FALSE,0.98,TRUE,1,llama3.2-3b,metamorpheus,constrained_filter_v2,3,5.43
PeptideSequence,Base.Sequence,Full.Sequence,1,FALSE,FALSE,FALSE,0.98,TRUE,1,llama3.2-3b,metamorpheus,constrained_filter_v2,3,5.43
PrecursorCharge,Precursor.Charge,Precursor.Charge,1,TRUE,TRUE,FALSE,0,TRUE,1,llama3.2-3b,metamorpheus,constrained_filter_v2,3,5.43
FragmentIon,"","",0,TRUE,TRUE,FALSE,0,TRUE,1,llama3.2-3b,metamorpheus,constrained_filter_v2,3,5.43
ProductCharge,"","",0,TRUE,TRUE,FALSE,0,TRUE,1,llama3.2-3b,metamorpheus,constrained_filter_v2,3,5.43
Run,File.Name,File.Name,1,TRUE,TRUE,FALSE,0.92,TRUE,1,llama3.2-3b,metamorpheus,constrained_filter_v2,3,5.43
Intensity,Peak.intensity,Peak.intensity,1,TRUE,TRUE,FALSE,0.92,TRUE,1,llama3.2-3b,metamorpheus,constrained_filter_v2,3,5.43
Qvalue,PIP.Q.Value,PIP.Q.Value,1,TRUE,TRUE,FALSE,0,TRUE,1,llama3.2-3b,metamorpheus,constrained_filter_v2,3,5.43
ProteinName,Protein.Group,Protein.Group,1,TRUE,TRUE,FALSE,0.98,TRUE,1,llama3.2-3b,metamorpheus,constrained_v3,1,4.41
PeptideSequence,Full.Sequence,Full.Sequence,1,TRUE,TRUE,FALSE,0.98,TRUE,1,llama3.2-3b,metamorpheus,constrained_v3,1,4.41
PrecursorCharge,Precursor.Charge,Precursor.Charge,1,TRUE,TRUE,FALSE,0.98,TRUE,1,llama3.2-3b,metamorpheus,constrained_v3,1,4.41
FragmentIon,"","",0,TRUE,TRUE,FALSE,0,TRUE,1,llama3.2-3b,metamorpheus,constrained_v3,1,4.41
ProductCharge,"","",0,TRUE,TRUE,FALSE,0,TRUE,1,llama3.2-3b,metamorpheus,constrained_v3,1,4.41
Run,"",File.Name,1,FALSE,FALSE,FALSE,0,TRUE,1,llama3.2-3b,metamorpheus,constrained_v3,1,4.41
Intensity,Peak.intensity,Peak.intensity,1,TRUE,TRUE,FALSE,0.92,TRUE,1,llama3.2-3b,metamorpheus,constrained_v3,1,4.41
Qvalue,PIP.Q.Value,PIP.Q.Value,1,TRUE,TRUE,FALSE,0,TRUE,1,llama3.2-3b,metamorpheus,constrained_v3,1,4.41
ProteinName,Protein.Group,Protein.Group,1,TRUE,TRUE,FALSE,0.98,TRUE,1,llama3.2-3b,metamorpheus,constrained_v3,2,4.41
PeptideSequence,Full.Sequence,Full.Sequence,1,TRUE,TRUE,FALSE,0.98,TRUE,1,llama3.2-3b,metamorpheus,constrained_v3,2,4.41
PrecursorCharge,Precursor.Charge,Precursor.Charge,1,TRUE,TRUE,FALSE,0.98,TRUE,1,llama3.2-3b,metamorpheus,constrained_v3,2,4.41
FragmentIon,"","",0,TRUE,TRUE,FALSE,0,TRUE,1,llama3.2-3b,metamorpheus,constrained_v3,2,4.41
ProductCharge,"","",0,TRUE,TRUE,FALSE,0,TRUE,1,llama3.2-3b,metamorpheus,constrained_v3,2,4.41
Run,"",File.Name,1,FALSE,FALSE,FALSE,0,TRUE,1,llama3.2-3b,metamorpheus,constrained_v3,2,4.41
Intensity,Peak.intensity,Peak.intensity,1,TRUE,TRUE,FALSE,0.92,TRUE,1,llama3.2-3b,metamorpheus,constrained_v3,2,4.41
Qvalue,PIP.Q.Value,PIP.Q.Value,1,TRUE,TRUE,FALSE,0,TRUE,1,llama3.2-3b,metamorpheus,constrained_v3,2,4.41
ProteinName,Protein.Group,Protein.Group,1,TRUE,TRUE,FALSE,0.98,TRUE,1,llama3.2-3b,metamorpheus,constrained_v3,3,3.78
PeptideSequence,Full.Sequence,Full.Sequence,1,TRUE,TRUE,FALSE,0.98,TRUE,1,llama3.2-3b,metamorpheus,constrained_v3,3,3.78
PrecursorCharge,Precursor.Charge,Precursor.Charge,1,TRUE,TRUE,FALSE,0.98,TRUE,1,llama3.2-3b,metamorpheus,constrained_v3,3,3.78
FragmentIon,"","",0,TRUE,TRUE,FALSE,0,TRUE,1,llama3.2-3b,metamorpheus,constrained_v3,3,3.78
ProductCharge,"","",0,TRUE,TRUE,FALSE,0,TRUE,1,llama3.2-3b,metamorpheus,constrained_v3,3,3.78
Run,"",File.Name,1,FALSE,FALSE,FALSE,0,TRUE,1,llama3.2-3b,metamorpheus,constrained_v3,3,3.78
Intensity,Peak.intensity,Peak.intensity,1,TRUE,TRUE,FALSE,0.92,TRUE,1,llama3.2-3b,metamorpheus,constrained_v3,3,3.78
Qvalue,PIP.Q.Value,PIP.Q.Value,1,TRUE,TRUE,FALSE,0,TRUE,1,llama3.2-3b,metamorpheus,constrained_v3,3,3.78
ProteinName,Protein.Group,Protein.Group,1,TRUE,TRUE,FALSE,0.98,TRUE,1,llama3.2-3b,metamorpheus,constrained_filter_v3,1,5.61
PeptideSequence,Base.Sequence,Full.Sequence,1,FALSE,FALSE,FALSE,0.98,TRUE,1,llama3.2-3b,metamorpheus,constrained_filter_v3,1,5.61
PrecursorCharge,Precursor.Charge,Precursor.Charge,1,TRUE,TRUE,FALSE,0,TRUE,1,llama3.2-3b,metamorpheus,constrained_filter_v3,1,5.61
FragmentIon,"","",0,TRUE,TRUE,FALSE,0,TRUE,1,llama3.2-3b,metamorpheus,constrained_filter_v3,1,5.61
ProductCharge,"","",0,TRUE,TRUE,FALSE,0,TRUE,1,llama3.2-3b,metamorpheus,constrained_filter_v3,1,5.61
Run,"",File.Name,1,FALSE,FALSE,FALSE,0,TRUE,1,llama3.2-3b,metamorpheus,constrained_filter_v3,1,5.61
Intensity,Peak.intensity,Peak.intensity,1,TRUE,TRUE,FALSE,0.92,TRUE,1,llama3.2-3b,metamorpheus,constrained_filter_v3,1,5.61
Qvalue,PIP.Q.Value,PIP.Q.Value,1,TRUE,TRUE,FALSE,0,TRUE,1,llama3.2-3b,metamorpheus,constrained_filter_v3,1,5.61
ProteinName,Protein.Group,Protein.Group,1,TRUE,TRUE,FALSE,0.98,TRUE,1,llama3.2-3b,metamorpheus,constrained_filter_v3,2,5.28
PeptideSequence,Base.Sequence,Full.Sequence,1,FALSE,FALSE,FALSE,0.98,TRUE,1,llama3.2-3b,metamorpheus,constrained_filter_v3,2,5.28
PrecursorCharge,Precursor.Charge,Precursor.Charge,1,TRUE,TRUE,FALSE,0,TRUE,1,llama3.2-3b,metamorpheus,constrained_filter_v3,2,5.28
FragmentIon,"","",0,TRUE,TRUE,FALSE,0,TRUE,1,llama3.2-3b,metamorpheus,constrained_filter_v3,2,5.28
ProductCharge,"","",0,TRUE,TRUE,FALSE,0,TRUE,1,llama3.2-3b,metamorpheus,constrained_filter_v3,2,5.28
Run,"",File.Name,1,FALSE,FALSE,FALSE,0,TRUE,1,llama3.2-3b,metamorpheus,constrained_filter_v3,2,5.28
Intensity,Peak.intensity,Peak.intensity,1,TRUE,TRUE,FALSE,0.92,TRUE,1,llama3.2-3b,metamorpheus,constrained_filter_v3,2,5.28
Qvalue,PIP.Q.Value,PIP.Q.Value,1,TRUE,TRUE,FALSE,0,TRUE,1,llama3.2-3b,metamorpheus,constrained_filter_v3,2,5.28
ProteinName,Protein.Group,Protein.Group,1,TRUE,TRUE,FALSE,0.98,TRUE,1,llama3.2-3b,metamorpheus,constrained_filter_v3,3,5.14
PeptideSequence,Base.Sequence,Full.Sequence,1,FALSE,FALSE,FALSE,0.98,TRUE,1,llama3.2-3b,metamorpheus,constrained_filter_v3,3,5.14
PrecursorCharge,Precursor.Charge,Precursor.Charge,1,TRUE,TRUE,FALSE,0,TRUE,1,llama3.2-3b,metamorpheus,constrained_filter_v3,3,5.14
FragmentIon,"","",0,TRUE,TRUE,FALSE,0,TRUE,1,llama3.2-3b,metamorpheus,constrained_filter_v3,3,5.14
ProductCharge,"","",0,TRUE,TRUE,FALSE,0,TRUE,1,llama3.2-3b,metamorpheus,constrained_filter_v3,3,5.14
Run,"",File.Name,1,FALSE,FALSE,FALSE,0,TRUE,1,llama3.2-3b,metamorpheus,constrained_filter_v3,3,5.14
Intensity,Peak.intensity,Peak.intensity,1,TRUE,TRUE,FALSE,0.92,TRUE,1,llama3.2-3b,metamorpheus,constrained_filter_v3,3,5.14
Qvalue,PIP.Q.Value,PIP.Q.Value,1,TRUE,TRUE,FALSE,0,TRUE,1,llama3.2-3b,metamorpheus,constrained_filter_v3,3,5.14
ProteinName,Protein.Group.Accessions,Protein.Group.Accessions,1,TRUE,TRUE,FALSE,1,TRUE,1,llama3.1-8b,proteome_discoverer,lean,1,5.07
PeptideSequence,Sequence,Sequence,1,TRUE,TRUE,FALSE,1,TRUE,1,llama3.1-8b,proteome_discoverer,lean,1,5.07
PrecursorCharge,Charge,Charge,1,TRUE,TRUE,FALSE,1,TRUE,1,llama3.1-8b,proteome_discoverer,lean,1,5.07
FragmentIon,"","",0,TRUE,TRUE,FALSE,0,TRUE,1,llama3.1-8b,proteome_discoverer,lean,1,5.07
ProductCharge,"","",0,TRUE,TRUE,FALSE,0,TRUE,1,llama3.1-8b,proteome_discoverer,lean,1,5.07
Run,Spectrum.File,Spectrum.File,1,TRUE,TRUE,FALSE,1,TRUE,1,llama3.1-8b,proteome_discoverer,lean,1,5.07
Intensity,Intensity,Precursor.Area,3,FALSE,TRUE,FALSE,1,TRUE,1,llama3.1-8b,proteome_discoverer,lean,1,5.07
Qvalue,"","",0,TRUE,TRUE,FALSE,0,TRUE,1,llama3.1-8b,proteome_discoverer,lean,1,5.07
ProteinName,Protein.Group.Accessions,Protein.Group.Accessions,1,TRUE,TRUE,FALSE,1,TRUE,1,llama3.1-8b,proteome_discoverer,lean,2,4.99
PeptideSequence,Sequence,Sequence,1,TRUE,TRUE,FALSE,1,TRUE,1,llama3.1-8b,proteome_discoverer,lean,2,4.99
PrecursorCharge,Charge,Charge,1,TRUE,TRUE,FALSE,1,TRUE,1,llama3.1-8b,proteome_discoverer,lean,2,4.99
FragmentIon,"","",0,TRUE,TRUE,FALSE,0,TRUE,1,llama3.1-8b,proteome_discoverer,lean,2,4.99
ProductCharge,"","",0,TRUE,TRUE,FALSE,0,TRUE,1,llama3.1-8b,proteome_discoverer,lean,2,4.99
Run,Spectrum.File,Spectrum.File,1,TRUE,TRUE,FALSE,1,TRUE,1,llama3.1-8b,proteome_discoverer,lean,2,4.99
Intensity,Intensity,Precursor.Area,3,FALSE,TRUE,FALSE,1,TRUE,1,llama3.1-8b,proteome_discoverer,lean,2,4.99
Qvalue,"","",0,TRUE,TRUE,FALSE,0,TRUE,1,llama3.1-8b,proteome_discoverer,lean,2,4.99
ProteinName,Protein.Group.Accessions,Protein.Group.Accessions,1,TRUE,TRUE,FALSE,1,TRUE,1,llama3.1-8b,proteome_discoverer,lean,3,4.71
PeptideSequence,Sequence,Sequence,1,TRUE,TRUE,FALSE,1,TRUE,1,llama3.1-8b,proteome_discoverer,lean,3,4.71
PrecursorCharge,Charge,Charge,1,TRUE,TRUE,FALSE,1,TRUE,1,llama3.1-8b,proteome_discoverer,lean,3,4.71
FragmentIon,"","",0,TRUE,TRUE,FALSE,0,TRUE,1,llama3.1-8b,proteome_discoverer,lean,3,4.71
ProductCharge,"","",0,TRUE,TRUE,FALSE,0,TRUE,1,llama3.1-8b,proteome_discoverer,lean,3,4.71
Run,Spectrum.File,Spectrum.File,1,TRUE,TRUE,FALSE,1,TRUE,1,llama3.1-8b,proteome_discoverer,lean,3,4.71
Intensity,Intensity,Precursor.Area,3,FALSE,TRUE,FALSE,1,TRUE,1,llama3.1-8b,proteome_discoverer,lean,3,4.71
Qvalue,"","",0,TRUE,TRUE,FALSE,0,TRUE,1,llama3.1-8b,proteome_discoverer,lean,3,4.71
ProteinName,Protein.Group.Accessions,Protein.Group.Accessions,1,TRUE,TRUE,FALSE,0.98,TRUE,1,llama3.1-8b,proteome_discoverer,constrained,1,4.66
PeptideSequence,Sequence,Sequence,1,TRUE,TRUE,FALSE,0.98,TRUE,1,llama3.1-8b,proteome_discoverer,constrained,1,4.66
PrecursorCharge,Charge,Charge,1,TRUE,TRUE,FALSE,0.98,TRUE,1,llama3.1-8b,proteome_discoverer,constrained,1,4.66
FragmentIon,"","",0,TRUE,TRUE,FALSE,0,TRUE,1,llama3.1-8b,proteome_discoverer,constrained,1,4.66
ProductCharge,"","",0,TRUE,TRUE,FALSE,0,TRUE,1,llama3.1-8b,proteome_discoverer,constrained,1,4.66
Run,Spectrum.File,Spectrum.File,1,TRUE,TRUE,FALSE,0.98,TRUE,1,llama3.1-8b,proteome_discoverer,constrained,1,4.66
Intensity,Intensity,Precursor.Area,3,FALSE,TRUE,FALSE,0.98,TRUE,1,llama3.1-8b,proteome_discoverer,constrained,1,4.66
Qvalue,"","",0,TRUE,TRUE,FALSE,0,TRUE,1,llama3.1-8b,proteome_discoverer,constrained,1,4.66
ProteinName,Protein.Group.Accessions,Protein.Group.Accessions,1,TRUE,TRUE,FALSE,0.98,TRUE,1,llama3.1-8b,proteome_discoverer,constrained,2,5.43
PeptideSequence,Sequence,Sequence,1,TRUE,TRUE,FALSE,0.98,TRUE,1,llama3.1-8b,proteome_discoverer,constrained,2,5.43
PrecursorCharge,Charge,Charge,1,TRUE,TRUE,FALSE,0.98,TRUE,1,llama3.1-8b,proteome_discoverer,constrained,2,5.43
FragmentIon,"","",0,TRUE,TRUE,FALSE,0,TRUE,1,llama3.1-8b,proteome_discoverer,constrained,2,5.43
ProductCharge,"","",0,TRUE,TRUE,FALSE,0,TRUE,1,llama3.1-8b,proteome_discoverer,constrained,2,5.43
Run,Spectrum.File,Spectrum.File,1,TRUE,TRUE,FALSE,0.98,TRUE,1,llama3.1-8b,proteome_discoverer,constrained,2,5.43
Intensity,Intensity,Precursor.Area,3,FALSE,TRUE,FALSE,0.98,TRUE,1,llama3.1-8b,proteome_discoverer,constrained,2,5.43
Qvalue,"","",0,TRUE,TRUE,FALSE,0,TRUE,1,llama3.1-8b,proteome_discoverer,constrained,2,5.43
ProteinName,Protein.Group.Accessions,Protein.Group.Accessions,1,TRUE,TRUE,FALSE,0.98,TRUE,1,llama3.1-8b,proteome_discoverer,constrained,3,5.16
PeptideSequence,Sequence,Sequence,1,TRUE,TRUE,FALSE,0.98,TRUE,1,llama3.1-8b,proteome_discoverer,constrained,3,5.16
PrecursorCharge,Charge,Charge,1,TRUE,TRUE,FALSE,0.98,TRUE,1,llama3.1-8b,proteome_discoverer,constrained,3,5.16
FragmentIon,"","",0,TRUE,TRUE,FALSE,0,TRUE,1,llama3.1-8b,proteome_discoverer,constrained,3,5.16
ProductCharge,"","",0,TRUE,TRUE,FALSE,0,TRUE,1,llama3.1-8b,proteome_discoverer,constrained,3,5.16
Run,Spectrum.File,Spectrum.File,1,TRUE,TRUE,FALSE,0.98,TRUE,1,llama3.1-8b,proteome_discoverer,constrained,3,5.16
Intensity,Intensity,Precursor.Area,3,FALSE,TRUE,FALSE,0.98,TRUE,1,llama3.1-8b,proteome_discoverer,constrained,3,5.16
Qvalue,"","",0,TRUE,TRUE,FALSE,0,TRUE,1,llama3.1-8b,proteome_discoverer,constrained,3,5.16
ProteinName,Protein.Group.Accessions,Protein.Group.Accessions,1,TRUE,TRUE,FALSE,0.9,TRUE,1,llama3.1-8b,proteome_discoverer,filter_aware,1,10.74
PeptideSequence,Sequence,Sequence,1,TRUE,TRUE,FALSE,0.8,TRUE,1,llama3.1-8b,proteome_discoverer,filter_aware,1,10.74
PrecursorCharge,Charge,Charge,1,TRUE,TRUE,FALSE,0.7,TRUE,1,llama3.1-8b,proteome_discoverer,filter_aware,1,10.74
FragmentIon,"","",0,TRUE,TRUE,FALSE,0,TRUE,1,llama3.1-8b,proteome_discoverer,filter_aware,1,10.74
ProductCharge,"","",0,TRUE,TRUE,FALSE,0,TRUE,1,llama3.1-8b,proteome_discoverer,filter_aware,1,10.74
Run,Spectrum.File,Spectrum.File,1,TRUE,TRUE,FALSE,0.9,TRUE,1,llama3.1-8b,proteome_discoverer,filter_aware,1,10.74
Intensity,Intensity,Precursor.Area,3,FALSE,TRUE,FALSE,0.9,TRUE,1,llama3.1-8b,proteome_discoverer,filter_aware,1,10.74
Qvalue,DeltaScore,"",0,FALSE,FALSE,FALSE,0.6,TRUE,1,llama3.1-8b,proteome_discoverer,filter_aware,1,10.74
ProteinName,Protein.Group.Accessions,Protein.Group.Accessions,1,TRUE,TRUE,FALSE,0.9,TRUE,1,llama3.1-8b,proteome_discoverer,filter_aware,2,11.43
PeptideSequence,Sequence,Sequence,1,TRUE,TRUE,FALSE,0.8,TRUE,1,llama3.1-8b,proteome_discoverer,filter_aware,2,11.43
PrecursorCharge,Charge,Charge,1,TRUE,TRUE,FALSE,0.7,TRUE,1,llama3.1-8b,proteome_discoverer,filter_aware,2,11.43
FragmentIon,"","",0,TRUE,TRUE,FALSE,0,TRUE,1,llama3.1-8b,proteome_discoverer,filter_aware,2,11.43
ProductCharge,"","",0,TRUE,TRUE,FALSE,0,TRUE,1,llama3.1-8b,proteome_discoverer,filter_aware,2,11.43
Run,Spectrum.File,Spectrum.File,1,TRUE,TRUE,FALSE,0.9,TRUE,1,llama3.1-8b,proteome_discoverer,filter_aware,2,11.43
Intensity,Intensity,Precursor.Area,3,FALSE,TRUE,FALSE,0.9,TRUE,1,llama3.1-8b,proteome_discoverer,filter_aware,2,11.43
Qvalue,DeltaScore,"",0,FALSE,FALSE,FALSE,0.6,TRUE,1,llama3.1-8b,proteome_discoverer,filter_aware,2,11.43
ProteinName,Protein.Group.Accessions,Protein.Group.Accessions,1,TRUE,TRUE,FALSE,0.9,TRUE,1,llama3.1-8b,proteome_discoverer,filter_aware,3,12.35
PeptideSequence,Sequence,Sequence,1,TRUE,TRUE,FALSE,0.8,TRUE,1,llama3.1-8b,proteome_discoverer,filter_aware,3,12.35
PrecursorCharge,Charge,Charge,1,TRUE,TRUE,FALSE,0.7,TRUE,1,llama3.1-8b,proteome_discoverer,filter_aware,3,12.35
FragmentIon,"","",0,TRUE,TRUE,FALSE,0,TRUE,1,llama3.1-8b,proteome_discoverer,filter_aware,3,12.35
ProductCharge,"","",0,TRUE,TRUE,FALSE,0,TRUE,1,llama3.1-8b,proteome_discoverer,filter_aware,3,12.35
Run,Spectrum.File,Spectrum.File,1,TRUE,TRUE,FALSE,0.9,TRUE,1,llama3.1-8b,proteome_discoverer,filter_aware,3,12.35
Intensity,Intensity,Precursor.Area,3,FALSE,TRUE,FALSE,0.9,TRUE,1,llama3.1-8b,proteome_discoverer,filter_aware,3,12.35
Qvalue,DeltaScore,"",0,FALSE,FALSE,FALSE,0.6,TRUE,1,llama3.1-8b,proteome_discoverer,filter_aware,3,12.35
ProteinName,Protein.Group.Accessions,Protein.Group.Accessions,1,TRUE,TRUE,FALSE,0.98,TRUE,1,llama3.1-8b,proteome_discoverer,constrained_filter,1,12.56
PeptideSequence,Sequence,Sequence,1,TRUE,TRUE,FALSE,0.98,TRUE,1,llama3.1-8b,proteome_discoverer,constrained_filter,1,12.56
PrecursorCharge,Charge,Charge,1,TRUE,TRUE,FALSE,0.98,TRUE,1,llama3.1-8b,proteome_discoverer,constrained_filter,1,12.56
FragmentIon,"","",0,TRUE,TRUE,FALSE,0,TRUE,1,llama3.1-8b,proteome_discoverer,constrained_filter,1,12.56
ProductCharge,"","",0,TRUE,TRUE,FALSE,0,TRUE,1,llama3.1-8b,proteome_discoverer,constrained_filter,1,12.56
Run,Spectrum.File,Spectrum.File,1,TRUE,TRUE,FALSE,0.92,TRUE,1,llama3.1-8b,proteome_discoverer,constrained_filter,1,12.56
Intensity,Intensity,Precursor.Area,3,FALSE,TRUE,FALSE,0.98,TRUE,1,llama3.1-8b,proteome_discoverer,constrained_filter,1,12.56
Qvalue,"","",0,TRUE,TRUE,FALSE,0,TRUE,1,llama3.1-8b,proteome_discoverer,constrained_filter,1,12.56
ProteinName,Protein.Group.Accessions,Protein.Group.Accessions,1,TRUE,TRUE,FALSE,0.98,TRUE,1,llama3.1-8b,proteome_discoverer,constrained_filter,2,11.71
PeptideSequence,Sequence,Sequence,1,TRUE,TRUE,FALSE,0.98,TRUE,1,llama3.1-8b,proteome_discoverer,constrained_filter,2,11.71
PrecursorCharge,Charge,Charge,1,TRUE,TRUE,FALSE,0.98,TRUE,1,llama3.1-8b,proteome_discoverer,constrained_filter,2,11.71
FragmentIon,"","",0,TRUE,TRUE,FALSE,0,TRUE,1,llama3.1-8b,proteome_discoverer,constrained_filter,2,11.71
ProductCharge,"","",0,TRUE,TRUE,FALSE,0,TRUE,1,llama3.1-8b,proteome_discoverer,constrained_filter,2,11.71
Run,Spectrum.File,Spectrum.File,1,TRUE,TRUE,FALSE,0.92,TRUE,1,llama3.1-8b,proteome_discoverer,constrained_filter,2,11.71
Intensity,Intensity,Precursor.Area,3,FALSE,TRUE,FALSE,0.98,TRUE,1,llama3.1-8b,proteome_discoverer,constrained_filter,2,11.71
Qvalue,"","",0,TRUE,TRUE,FALSE,0,TRUE,1,llama3.1-8b,proteome_discoverer,constrained_filter,2,11.71
ProteinName,Protein.Group.Accessions,Protein.Group.Accessions,1,TRUE,TRUE,FALSE,0.98,TRUE,1,llama3.1-8b,proteome_discoverer,constrained_filter,3,11.63
PeptideSequence,Sequence,Sequence,1,TRUE,TRUE,FALSE,0.98,TRUE,1,llama3.1-8b,proteome_discoverer,constrained_filter,3,11.63
PrecursorCharge,Charge,Charge,1,TRUE,TRUE,FALSE,0.98,TRUE,1,llama3.1-8b,proteome_discoverer,constrained_filter,3,11.63
FragmentIon,"","",0,TRUE,TRUE,FALSE,0,TRUE,1,llama3.1-8b,proteome_discoverer,constrained_filter,3,11.63
ProductCharge,"","",0,TRUE,TRUE,FALSE,0,TRUE,1,llama3.1-8b,proteome_discoverer,constrained_filter,3,11.63
Run,Spectrum.File,Spectrum.File,1,TRUE,TRUE,FALSE,0.92,TRUE,1,llama3.1-8b,proteome_discoverer,constrained_filter,3,11.63
Intensity,Intensity,Precursor.Area,3,FALSE,TRUE,FALSE,0.98,TRUE,1,llama3.1-8b,proteome_discoverer,constrained_filter,3,11.63
Qvalue,"","",0,TRUE,TRUE,FALSE,0,TRUE,1,llama3.1-8b,proteome_discoverer,constrained_filter,3,11.63
ProteinName,Protein.Group.Accessions,Protein.Group.Accessions,1,TRUE,TRUE,FALSE,0.98,TRUE,1,llama3.1-8b,proteome_discoverer,constrained_v2,1,5.33
PeptideSequence,Sequence,Sequence,1,TRUE,TRUE,FALSE,0.98,TRUE,1,llama3.1-8b,proteome_discoverer,constrained_v2,1,5.33
PrecursorCharge,Charge,Charge,1,TRUE,TRUE,FALSE,0.98,TRUE,1,llama3.1-8b,proteome_discoverer,constrained_v2,1,5.33
FragmentIon,"","",0,TRUE,TRUE,FALSE,0,TRUE,1,llama3.1-8b,proteome_discoverer,constrained_v2,1,5.33
ProductCharge,"","",0,TRUE,TRUE,FALSE,0,TRUE,1,llama3.1-8b,proteome_discoverer,constrained_v2,1,5.33
Run,Spectrum.File,Spectrum.File,1,TRUE,TRUE,FALSE,0.98,TRUE,1,llama3.1-8b,proteome_discoverer,constrained_v2,1,5.33
Intensity,Intensity,Precursor.Area,3,FALSE,TRUE,FALSE,0.98,TRUE,1,llama3.1-8b,proteome_discoverer,constrained_v2,1,5.33
Qvalue,"","",0,TRUE,TRUE,FALSE,0,TRUE,1,llama3.1-8b,proteome_discoverer,constrained_v2,1,5.33
ProteinName,Protein.Group.Accessions,Protein.Group.Accessions,1,TRUE,TRUE,FALSE,0.98,TRUE,1,llama3.1-8b,proteome_discoverer,constrained_v2,2,4.96
PeptideSequence,Sequence,Sequence,1,TRUE,TRUE,FALSE,0.98,TRUE,1,llama3.1-8b,proteome_discoverer,constrained_v2,2,4.96
PrecursorCharge,Charge,Charge,1,TRUE,TRUE,FALSE,0.98,TRUE,1,llama3.1-8b,proteome_discoverer,constrained_v2,2,4.96
FragmentIon,"","",0,TRUE,TRUE,FALSE,0,TRUE,1,llama3.1-8b,proteome_discoverer,constrained_v2,2,4.96
ProductCharge,"","",0,TRUE,TRUE,FALSE,0,TRUE,1,llama3.1-8b,proteome_discoverer,constrained_v2,2,4.96
Run,Spectrum.File,Spectrum.File,1,TRUE,TRUE,FALSE,0.98,TRUE,1,llama3.1-8b,proteome_discoverer,constrained_v2,2,4.96
Intensity,Intensity,Precursor.Area,3,FALSE,TRUE,FALSE,0.98,TRUE,1,llama3.1-8b,proteome_discoverer,constrained_v2,2,4.96
Qvalue,"","",0,TRUE,TRUE,FALSE,0,TRUE,1,llama3.1-8b,proteome_discoverer,constrained_v2,2,4.96
ProteinName,Protein.Group.Accessions,Protein.Group.Accessions,1,TRUE,TRUE,FALSE,0.98,TRUE,1,llama3.1-8b,proteome_discoverer,constrained_v2,3,5.2
PeptideSequence,Sequence,Sequence,1,TRUE,TRUE,FALSE,0.98,TRUE,1,llama3.1-8b,proteome_discoverer,constrained_v2,3,5.2
PrecursorCharge,Charge,Charge,1,TRUE,TRUE,FALSE,0.98,TRUE,1,llama3.1-8b,proteome_discoverer,constrained_v2,3,5.2
FragmentIon,"","",0,TRUE,TRUE,FALSE,0,TRUE,1,llama3.1-8b,proteome_discoverer,constrained_v2,3,5.2
ProductCharge,"","",0,TRUE,TRUE,FALSE,0,TRUE,1,llama3.1-8b,proteome_discoverer,constrained_v2,3,5.2
Run,Spectrum.File,Spectrum.File,1,TRUE,TRUE,FALSE,0.98,TRUE,1,llama3.1-8b,proteome_discoverer,constrained_v2,3,5.2
Intensity,Intensity,Precursor.Area,3,FALSE,TRUE,FALSE,0.98,TRUE,1,llama3.1-8b,proteome_discoverer,constrained_v2,3,5.2
Qvalue,"","",0,TRUE,TRUE,FALSE,0,TRUE,1,llama3.1-8b,proteome_discoverer,constrained_v2,3,5.2
ProteinName,Protein.Group.Accessions,Protein.Group.Accessions,1,TRUE,TRUE,FALSE,0.98,TRUE,1,llama3.1-8b,proteome_discoverer,constrained_filter_v2,1,6.32
PeptideSequence,Sequence,Sequence,1,TRUE,TRUE,FALSE,0.98,TRUE,1,llama3.1-8b,proteome_discoverer,constrained_filter_v2,1,6.32
PrecursorCharge,Charge,Charge,1,TRUE,TRUE,FALSE,0.98,TRUE,1,llama3.1-8b,proteome_discoverer,constrained_filter_v2,1,6.32
FragmentIon,"","",0,TRUE,TRUE,FALSE,0,TRUE,1,llama3.1-8b,proteome_discoverer,constrained_filter_v2,1,6.32
ProductCharge,"","",0,TRUE,TRUE,FALSE,0,TRUE,1,llama3.1-8b,proteome_discoverer,constrained_filter_v2,1,6.32
Run,Spectrum.File,Spectrum.File,1,TRUE,TRUE,FALSE,0.92,TRUE,1,llama3.1-8b,proteome_discoverer,constrained_filter_v2,1,6.32
Intensity,Intensity,Precursor.Area,3,FALSE,TRUE,FALSE,0.98,TRUE,1,llama3.1-8b,proteome_discoverer,constrained_filter_v2,1,6.32
Qvalue,"","",0,TRUE,TRUE,FALSE,0,TRUE,1,llama3.1-8b,proteome_discoverer,constrained_filter_v2,1,6.32
ProteinName,Protein.Group.Accessions,Protein.Group.Accessions,1,TRUE,TRUE,FALSE,0.98,TRUE,1,llama3.1-8b,proteome_discoverer,constrained_filter_v2,2,5.79
PeptideSequence,Sequence,Sequence,1,TRUE,TRUE,FALSE,0.98,TRUE,1,llama3.1-8b,proteome_discoverer,constrained_filter_v2,2,5.79
PrecursorCharge,Charge,Charge,1,TRUE,TRUE,FALSE,0.98,TRUE,1,llama3.1-8b,proteome_discoverer,constrained_filter_v2,2,5.79
FragmentIon,"","",0,TRUE,TRUE,FALSE,0,TRUE,1,llama3.1-8b,proteome_discoverer,constrained_filter_v2,2,5.79
ProductCharge,"","",0,TRUE,TRUE,FALSE,0,TRUE,1,llama3.1-8b,proteome_discoverer,constrained_filter_v2,2,5.79
Run,Spectrum.File,Spectrum.File,1,TRUE,TRUE,FALSE,0.92,TRUE,1,llama3.1-8b,proteome_discoverer,constrained_filter_v2,2,5.79
Intensity,Intensity,Precursor.Area,3,FALSE,TRUE,FALSE,0.98,TRUE,1,llama3.1-8b,proteome_discoverer,constrained_filter_v2,2,5.79
Qvalue,"","",0,TRUE,TRUE,FALSE,0,TRUE,1,llama3.1-8b,proteome_discoverer,constrained_filter_v2,2,5.79
ProteinName,Protein.Group.Accessions,Protein.Group.Accessions,1,TRUE,TRUE,FALSE,0.98,TRUE,1,llama3.1-8b,proteome_discoverer,constrained_filter_v2,3,6.68
PeptideSequence,Sequence,Sequence,1,TRUE,TRUE,FALSE,0.98,TRUE,1,llama3.1-8b,proteome_discoverer,constrained_filter_v2,3,6.68
PrecursorCharge,Charge,Charge,1,TRUE,TRUE,FALSE,0.98,TRUE,1,llama3.1-8b,proteome_discoverer,constrained_filter_v2,3,6.68
FragmentIon,"","",0,TRUE,TRUE,FALSE,0,TRUE,1,llama3.1-8b,proteome_discoverer,constrained_filter_v2,3,6.68
ProductCharge,"","",0,TRUE,TRUE,FALSE,0,TRUE,1,llama3.1-8b,proteome_discoverer,constrained_filter_v2,3,6.68
Run,Spectrum.File,Spectrum.File,1,TRUE,TRUE,FALSE,0.92,TRUE,1,llama3.1-8b,proteome_discoverer,constrained_filter_v2,3,6.68
Intensity,Intensity,Precursor.Area,3,FALSE,TRUE,FALSE,0.98,TRUE,1,llama3.1-8b,proteome_discoverer,constrained_filter_v2,3,6.68
Qvalue,"","",0,TRUE,TRUE,FALSE,0,TRUE,1,llama3.1-8b,proteome_discoverer,constrained_filter_v2,3,6.68
ProteinName,Protein.Group.Accessions,Protein.Group.Accessions,1,TRUE,TRUE,FALSE,0.98,TRUE,1,llama3.1-8b,proteome_discoverer,constrained_v3,1,4.78
PeptideSequence,Sequence,Sequence,1,TRUE,TRUE,FALSE,0.98,TRUE,1,llama3.1-8b,proteome_discoverer,constrained_v3,1,4.78
PrecursorCharge,Charge,Charge,1,TRUE,TRUE,FALSE,0.98,TRUE,1,llama3.1-8b,proteome_discoverer,constrained_v3,1,4.78
FragmentIon,"","",0,TRUE,TRUE,FALSE,0,TRUE,1,llama3.1-8b,proteome_discoverer,constrained_v3,1,4.78
ProductCharge,"","",0,TRUE,TRUE,FALSE,0,TRUE,1,llama3.1-8b,proteome_discoverer,constrained_v3,1,4.78
Run,Spectrum.File,Spectrum.File,1,TRUE,TRUE,FALSE,0.98,TRUE,1,llama3.1-8b,proteome_discoverer,constrained_v3,1,4.78
Intensity,Intensity,Precursor.Area,3,FALSE,TRUE,FALSE,0.98,TRUE,1,llama3.1-8b,proteome_discoverer,constrained_v3,1,4.78
Qvalue,"","",0,TRUE,TRUE,FALSE,0,TRUE,1,llama3.1-8b,proteome_discoverer,constrained_v3,1,4.78
ProteinName,Protein.Group.Accessions,Protein.Group.Accessions,1,TRUE,TRUE,FALSE,0.98,TRUE,1,llama3.1-8b,proteome_discoverer,constrained_v3,2,5
PeptideSequence,Sequence,Sequence,1,TRUE,TRUE,FALSE,0.98,TRUE,1,llama3.1-8b,proteome_discoverer,constrained_v3,2,5
PrecursorCharge,Charge,Charge,1,TRUE,TRUE,FALSE,0.98,TRUE,1,llama3.1-8b,proteome_discoverer,constrained_v3,2,5
FragmentIon,"","",0,TRUE,TRUE,FALSE,0,TRUE,1,llama3.1-8b,proteome_discoverer,constrained_v3,2,5
ProductCharge,"","",0,TRUE,TRUE,FALSE,0,TRUE,1,llama3.1-8b,proteome_discoverer,constrained_v3,2,5
Run,Spectrum.File,Spectrum.File,1,TRUE,TRUE,FALSE,0.98,TRUE,1,llama3.1-8b,proteome_discoverer,constrained_v3,2,5
Intensity,Intensity,Precursor.Area,3,FALSE,TRUE,FALSE,0.98,TRUE,1,llama3.1-8b,proteome_discoverer,constrained_v3,2,5
Qvalue,"","",0,TRUE,TRUE,FALSE,0,TRUE,1,llama3.1-8b,proteome_discoverer,constrained_v3,2,5
ProteinName,Protein.Group.Accessions,Protein.Group.Accessions,1,TRUE,TRUE,FALSE,0.98,TRUE,1,llama3.1-8b,proteome_discoverer,constrained_v3,3,4.9
PeptideSequence,Sequence,Sequence,1,TRUE,TRUE,FALSE,0.98,TRUE,1,llama3.1-8b,proteome_discoverer,constrained_v3,3,4.9
PrecursorCharge,Charge,Charge,1,TRUE,TRUE,FALSE,0.98,TRUE,1,llama3.1-8b,proteome_discoverer,constrained_v3,3,4.9
FragmentIon,"","",0,TRUE,TRUE,FALSE,0,TRUE,1,llama3.1-8b,proteome_discoverer,constrained_v3,3,4.9
ProductCharge,"","",0,TRUE,TRUE,FALSE,0,TRUE,1,llama3.1-8b,proteome_discoverer,constrained_v3,3,4.9
Run,Spectrum.File,Spectrum.File,1,TRUE,TRUE,FALSE,0.98,TRUE,1,llama3.1-8b,proteome_discoverer,constrained_v3,3,4.9
Intensity,Intensity,Precursor.Area,3,FALSE,TRUE,FALSE,0.98,TRUE,1,llama3.1-8b,proteome_discoverer,constrained_v3,3,4.9
Qvalue,"","",0,TRUE,TRUE,FALSE,0,TRUE,1,llama3.1-8b,proteome_discoverer,constrained_v3,3,4.9
ProteinName,Protein.Group.Accessions,Protein.Group.Accessions,1,TRUE,TRUE,FALSE,0.98,TRUE,1,llama3.1-8b,proteome_discoverer,constrained_filter_v3,1,6.32
PeptideSequence,Sequence,Sequence,1,TRUE,TRUE,FALSE,0.98,TRUE,1,llama3.1-8b,proteome_discoverer,constrained_filter_v3,1,6.32
PrecursorCharge,Charge,Charge,1,TRUE,TRUE,FALSE,0.98,TRUE,1,llama3.1-8b,proteome_discoverer,constrained_filter_v3,1,6.32
FragmentIon,"","",0,TRUE,TRUE,FALSE,,FALSE,0,llama3.1-8b,proteome_discoverer,constrained_filter_v3,1,6.32
ProductCharge,"","",0,TRUE,TRUE,FALSE,,FALSE,0,llama3.1-8b,proteome_discoverer,constrained_filter_v3,1,6.32
Run,Spectrum.File,Spectrum.File,1,TRUE,TRUE,FALSE,0.92,TRUE,1,llama3.1-8b,proteome_discoverer,constrained_filter_v3,1,6.32
Intensity,Intensity,Precursor.Area,3,FALSE,TRUE,FALSE,0.98,TRUE,1,llama3.1-8b,proteome_discoverer,constrained_filter_v3,1,6.32
Qvalue,QuanResultID,"",0,FALSE,FALSE,FALSE,0,TRUE,1,llama3.1-8b,proteome_discoverer,constrained_filter_v3,1,6.32
ProteinName,Protein.Group.Accessions,Protein.Group.Accessions,1,TRUE,TRUE,FALSE,0.98,TRUE,1,llama3.1-8b,proteome_discoverer,constrained_filter_v3,2,5.99
PeptideSequence,Sequence,Sequence,1,TRUE,TRUE,FALSE,0.98,TRUE,1,llama3.1-8b,proteome_discoverer,constrained_filter_v3,2,5.99
PrecursorCharge,Charge,Charge,1,TRUE,TRUE,FALSE,0.98,TRUE,1,llama3.1-8b,proteome_discoverer,constrained_filter_v3,2,5.99
FragmentIon,"","",0,TRUE,TRUE,FALSE,,FALSE,0,llama3.1-8b,proteome_discoverer,constrained_filter_v3,2,5.99
ProductCharge,"","",0,TRUE,TRUE,FALSE,,FALSE,0,llama3.1-8b,proteome_discoverer,constrained_filter_v3,2,5.99
Run,Spectrum.File,Spectrum.File,1,TRUE,TRUE,FALSE,0.92,TRUE,1,llama3.1-8b,proteome_discoverer,constrained_filter_v3,2,5.99
Intensity,Intensity,Precursor.Area,3,FALSE,TRUE,FALSE,0.98,TRUE,1,llama3.1-8b,proteome_discoverer,constrained_filter_v3,2,5.99
Qvalue,QuanResultID,"",0,FALSE,FALSE,FALSE,0,TRUE,1,llama3.1-8b,proteome_discoverer,constrained_filter_v3,2,5.99
ProteinName,Protein.Group.Accessions,Protein.Group.Accessions,1,TRUE,TRUE,FALSE,0.98,TRUE,1,llama3.1-8b,proteome_discoverer,constrained_filter_v3,3,6.21
PeptideSequence,Sequence,Sequence,1,TRUE,TRUE,FALSE,0.98,TRUE,1,llama3.1-8b,proteome_discoverer,constrained_filter_v3,3,6.21
PrecursorCharge,Charge,Charge,1,TRUE,TRUE,FALSE,0.98,TRUE,1,llama3.1-8b,proteome_discoverer,constrained_filter_v3,3,6.21
FragmentIon,"","",0,TRUE,TRUE,FALSE,,FALSE,0,llama3.1-8b,proteome_discoverer,constrained_filter_v3,3,6.21
ProductCharge,"","",0,TRUE,TRUE,FALSE,,FALSE,0,llama3.1-8b,proteome_discoverer,constrained_filter_v3,3,6.21
Run,Spectrum.File,Spectrum.File,1,TRUE,TRUE,FALSE,0.92,TRUE,1,llama3.1-8b,proteome_discoverer,constrained_filter_v3,3,6.21
Intensity,Intensity,Precursor.Area,3,FALSE,TRUE,FALSE,0.98,TRUE,1,llama3.1-8b,proteome_discoverer,constrained_filter_v3,3,6.21
Qvalue,QuanResultID,"",0,FALSE,FALSE,FALSE,0,TRUE,1,llama3.1-8b,proteome_discoverer,constrained_filter_v3,3,6.21
ProteinName,Protein.Group,Protein.Group,1,TRUE,TRUE,FALSE,1,TRUE,1,llama3.1-8b,metamorpheus,lean,1,5.69
PeptideSequence,Base.Sequence,Full.Sequence,1,FALSE,FALSE,FALSE,1,TRUE,1,llama3.1-8b,metamorpheus,lean,1,5.69
PrecursorCharge,Precursor.Charge,Precursor.Charge,1,TRUE,TRUE,FALSE,1,TRUE,1,llama3.1-8b,metamorpheus,lean,1,5.69
FragmentIon,"","",0,TRUE,TRUE,FALSE,0,TRUE,1,llama3.1-8b,metamorpheus,lean,1,5.69
ProductCharge,"","",0,TRUE,TRUE,FALSE,0,TRUE,1,llama3.1-8b,metamorpheus,lean,1,5.69
Run,File.Name,File.Name,1,TRUE,TRUE,FALSE,1,TRUE,1,llama3.1-8b,metamorpheus,lean,1,5.69
Intensity,Peak.intensity,Peak.intensity,1,TRUE,TRUE,FALSE,1,TRUE,1,llama3.1-8b,metamorpheus,lean,1,5.69
Qvalue,PIP.Q.Value,PIP.Q.Value,1,TRUE,TRUE,FALSE,0.5,TRUE,1,llama3.1-8b,metamorpheus,lean,1,5.69
ProteinName,Protein.Group,Protein.Group,1,TRUE,TRUE,FALSE,1,TRUE,1,llama3.1-8b,metamorpheus,lean,2,5.36
PeptideSequence,Base.Sequence,Full.Sequence,1,FALSE,FALSE,FALSE,1,TRUE,1,llama3.1-8b,metamorpheus,lean,2,5.36
PrecursorCharge,Precursor.Charge,Precursor.Charge,1,TRUE,TRUE,FALSE,1,TRUE,1,llama3.1-8b,metamorpheus,lean,2,5.36
FragmentIon,"","",0,TRUE,TRUE,FALSE,0,TRUE,1,llama3.1-8b,metamorpheus,lean,2,5.36
ProductCharge,"","",0,TRUE,TRUE,FALSE,0,TRUE,1,llama3.1-8b,metamorpheus,lean,2,5.36
Run,File.Name,File.Name,1,TRUE,TRUE,FALSE,1,TRUE,1,llama3.1-8b,metamorpheus,lean,2,5.36
Intensity,Peak.intensity,Peak.intensity,1,TRUE,TRUE,FALSE,1,TRUE,1,llama3.1-8b,metamorpheus,lean,2,5.36
Qvalue,PIP.Q.Value,PIP.Q.Value,1,TRUE,TRUE,FALSE,0.5,TRUE,1,llama3.1-8b,metamorpheus,lean,2,5.36
ProteinName,Protein.Group,Protein.Group,1,TRUE,TRUE,FALSE,1,TRUE,1,llama3.1-8b,metamorpheus,lean,3,5.74
PeptideSequence,Base.Sequence,Full.Sequence,1,FALSE,FALSE,FALSE,1,TRUE,1,llama3.1-8b,metamorpheus,lean,3,5.74
PrecursorCharge,Precursor.Charge,Precursor.Charge,1,TRUE,TRUE,FALSE,1,TRUE,1,llama3.1-8b,metamorpheus,lean,3,5.74
FragmentIon,"","",0,TRUE,TRUE,FALSE,0,TRUE,1,llama3.1-8b,metamorpheus,lean,3,5.74
ProductCharge,"","",0,TRUE,TRUE,FALSE,0,TRUE,1,llama3.1-8b,metamorpheus,lean,3,5.74
Run,File.Name,File.Name,1,TRUE,TRUE,FALSE,1,TRUE,1,llama3.1-8b,metamorpheus,lean,3,5.74
Intensity,Peak.intensity,Peak.intensity,1,TRUE,TRUE,FALSE,1,TRUE,1,llama3.1-8b,metamorpheus,lean,3,5.74
Qvalue,PIP.Q.Value,PIP.Q.Value,1,TRUE,TRUE,FALSE,0.5,TRUE,1,llama3.1-8b,metamorpheus,lean,3,5.74
ProteinName,Protein.Group,Protein.Group,1,TRUE,TRUE,FALSE,0.98,TRUE,1,llama3.1-8b,metamorpheus,constrained,1,4.48
PeptideSequence,Base.Sequence,Full.Sequence,1,FALSE,FALSE,FALSE,0.98,TRUE,1,llama3.1-8b,metamorpheus,constrained,1,4.48
PrecursorCharge,Precursor.Charge,Precursor.Charge,1,TRUE,TRUE,FALSE,0.98,TRUE,1,llama3.1-8b,metamorpheus,constrained,1,4.48
FragmentIon,"","",0,TRUE,TRUE,FALSE,0,TRUE,1,llama3.1-8b,metamorpheus,constrained,1,4.48
ProductCharge,"","",0,TRUE,TRUE,FALSE,0,TRUE,1,llama3.1-8b,metamorpheus,constrained,1,4.48
Run,File.Name,File.Name,1,TRUE,TRUE,FALSE,0.92,TRUE,1,llama3.1-8b,metamorpheus,constrained,1,4.48
Intensity,Peak.intensity,Peak.intensity,1,TRUE,TRUE,FALSE,0.98,TRUE,1,llama3.1-8b,metamorpheus,constrained,1,4.48
Qvalue,PIP.Q.Value,PIP.Q.Value,1,TRUE,TRUE,FALSE,0.98,TRUE,1,llama3.1-8b,metamorpheus,constrained,1,4.48
ProteinName,Protein.Group,Protein.Group,1,TRUE,TRUE,FALSE,0.98,TRUE,1,llama3.1-8b,metamorpheus,constrained,2,5.26
PeptideSequence,Base.Sequence,Full.Sequence,1,FALSE,FALSE,FALSE,0.98,TRUE,1,llama3.1-8b,metamorpheus,constrained,2,5.26
PrecursorCharge,Precursor.Charge,Precursor.Charge,1,TRUE,TRUE,FALSE,0.98,TRUE,1,llama3.1-8b,metamorpheus,constrained,2,5.26
FragmentIon,"","",0,TRUE,TRUE,FALSE,0,TRUE,1,llama3.1-8b,metamorpheus,constrained,2,5.26
ProductCharge,"","",0,TRUE,TRUE,FALSE,0,TRUE,1,llama3.1-8b,metamorpheus,constrained,2,5.26
Run,File.Name,File.Name,1,TRUE,TRUE,FALSE,0.92,TRUE,1,llama3.1-8b,metamorpheus,constrained,2,5.26
Intensity,Peak.intensity,Peak.intensity,1,TRUE,TRUE,FALSE,0.98,TRUE,1,llama3.1-8b,metamorpheus,constrained,2,5.26
Qvalue,PIP.Q.Value,PIP.Q.Value,1,TRUE,TRUE,FALSE,0.98,TRUE,1,llama3.1-8b,metamorpheus,constrained,2,5.26
ProteinName,Protein.Group,Protein.Group,1,TRUE,TRUE,FALSE,0.98,TRUE,1,llama3.1-8b,metamorpheus,constrained,3,5.08
PeptideSequence,Base.Sequence,Full.Sequence,1,FALSE,FALSE,FALSE,0.98,TRUE,1,llama3.1-8b,metamorpheus,constrained,3,5.08
PrecursorCharge,Precursor.Charge,Precursor.Charge,1,TRUE,TRUE,FALSE,0.98,TRUE,1,llama3.1-8b,metamorpheus,constrained,3,5.08
FragmentIon,"","",0,TRUE,TRUE,FALSE,0,TRUE,1,llama3.1-8b,metamorpheus,constrained,3,5.08
ProductCharge,"","",0,TRUE,TRUE,FALSE,0,TRUE,1,llama3.1-8b,metamorpheus,constrained,3,5.08
Run,File.Name,File.Name,1,TRUE,TRUE,FALSE,0.92,TRUE,1,llama3.1-8b,metamorpheus,constrained,3,5.08
Intensity,Peak.intensity,Peak.intensity,1,TRUE,TRUE,FALSE,0.98,TRUE,1,llama3.1-8b,metamorpheus,constrained,3,5.08
Qvalue,PIP.Q.Value,PIP.Q.Value,1,TRUE,TRUE,FALSE,0.98,TRUE,1,llama3.1-8b,metamorpheus,constrained,3,5.08
ProteinName,Protein.Group,Protein.Group,1,TRUE,TRUE,FALSE,0.9,TRUE,1,llama3.1-8b,metamorpheus,filter_aware,1,7.44
PeptideSequence,Base.Sequence,Full.Sequence,1,FALSE,FALSE,FALSE,0.9,TRUE,1,llama3.1-8b,metamorpheus,filter_aware,1,7.44
PrecursorCharge,Precursor.Charge,Precursor.Charge,1,TRUE,TRUE,FALSE,0.9,TRUE,1,llama3.1-8b,metamorpheus,filter_aware,1,7.44
FragmentIon,"","",0,TRUE,TRUE,FALSE,0,TRUE,1,llama3.1-8b,metamorpheus,filter_aware,1,7.44
ProductCharge,"","",0,TRUE,TRUE,FALSE,0,TRUE,1,llama3.1-8b,metamorpheus,filter_aware,1,7.44
Run,File.Name,File.Name,1,TRUE,TRUE,FALSE,0.9,TRUE,1,llama3.1-8b,metamorpheus,filter_aware,1,7.44
Intensity,Peak.intensity,Peak.intensity,1,TRUE,TRUE,FALSE,0.9,TRUE,1,llama3.1-8b,metamorpheus,filter_aware,1,7.44
Qvalue,PIP.Q.Value,PIP.Q.Value,1,TRUE,TRUE,FALSE,0.7,TRUE,1,llama3.1-8b,metamorpheus,filter_aware,1,7.44
ProteinName,Protein.Group,Protein.Group,1,TRUE,TRUE,FALSE,0.9,TRUE,1,llama3.1-8b,metamorpheus,filter_aware,2,7.1
PeptideSequence,Base.Sequence,Full.Sequence,1,FALSE,FALSE,FALSE,0.9,TRUE,1,llama3.1-8b,metamorpheus,filter_aware,2,7.1
PrecursorCharge,Precursor.Charge,Precursor.Charge,1,TRUE,TRUE,FALSE,0.9,TRUE,1,llama3.1-8b,metamorpheus,filter_aware,2,7.1
FragmentIon,"","",0,TRUE,TRUE,FALSE,0,TRUE,1,llama3.1-8b,metamorpheus,filter_aware,2,7.1
ProductCharge,"","",0,TRUE,TRUE,FALSE,0,TRUE,1,llama3.1-8b,metamorpheus,filter_aware,2,7.1
Run,File.Name,File.Name,1,TRUE,TRUE,FALSE,0.9,TRUE,1,llama3.1-8b,metamorpheus,filter_aware,2,7.1
Intensity,Peak.intensity,Peak.intensity,1,TRUE,TRUE,FALSE,0.9,TRUE,1,llama3.1-8b,metamorpheus,filter_aware,2,7.1
Qvalue,PIP.Q.Value,PIP.Q.Value,1,TRUE,TRUE,FALSE,0.7,TRUE,1,llama3.1-8b,metamorpheus,filter_aware,2,7.1
ProteinName,Protein.Group,Protein.Group,1,TRUE,TRUE,FALSE,0.9,TRUE,1,llama3.1-8b,metamorpheus,filter_aware,3,7.87
PeptideSequence,Base.Sequence,Full.Sequence,1,FALSE,FALSE,FALSE,0.9,TRUE,1,llama3.1-8b,metamorpheus,filter_aware,3,7.87
PrecursorCharge,Precursor.Charge,Precursor.Charge,1,TRUE,TRUE,FALSE,0.9,TRUE,1,llama3.1-8b,metamorpheus,filter_aware,3,7.87
FragmentIon,"","",0,TRUE,TRUE,FALSE,0,TRUE,1,llama3.1-8b,metamorpheus,filter_aware,3,7.87
ProductCharge,"","",0,TRUE,TRUE,FALSE,0,TRUE,1,llama3.1-8b,metamorpheus,filter_aware,3,7.87
Run,File.Name,File.Name,1,TRUE,TRUE,FALSE,0.9,TRUE,1,llama3.1-8b,metamorpheus,filter_aware,3,7.87
Intensity,Peak.intensity,Peak.intensity,1,TRUE,TRUE,FALSE,0.9,TRUE,1,llama3.1-8b,metamorpheus,filter_aware,3,7.87
Qvalue,PIP.Q.Value,PIP.Q.Value,1,TRUE,TRUE,FALSE,0.7,TRUE,1,llama3.1-8b,metamorpheus,filter_aware,3,7.87
ProteinName,Protein.Group,Protein.Group,1,TRUE,TRUE,FALSE,0.98,TRUE,1,llama3.1-8b,metamorpheus,constrained_filter,1,6.9
PeptideSequence,Base.Sequence,Full.Sequence,1,FALSE,FALSE,FALSE,0.98,TRUE,1,llama3.1-8b,metamorpheus,constrained_filter,1,6.9
PrecursorCharge,Precursor.Charge,Precursor.Charge,1,TRUE,TRUE,FALSE,0.98,TRUE,1,llama3.1-8b,metamorpheus,constrained_filter,1,6.9
FragmentIon,"","",0,TRUE,TRUE,FALSE,0,TRUE,1,llama3.1-8b,metamorpheus,constrained_filter,1,6.9
ProductCharge,"","",0,TRUE,TRUE,FALSE,0,TRUE,1,llama3.1-8b,metamorpheus,constrained_filter,1,6.9
Run,File.Name,File.Name,1,TRUE,TRUE,FALSE,0.92,TRUE,1,llama3.1-8b,metamorpheus,constrained_filter,1,6.9
Intensity,Peak.intensity,Peak.intensity,1,TRUE,TRUE,FALSE,0.98,TRUE,1,llama3.1-8b,metamorpheus,constrained_filter,1,6.9
Qvalue,PIP.Q.Value,PIP.Q.Value,1,TRUE,TRUE,FALSE,0.92,TRUE,1,llama3.1-8b,metamorpheus,constrained_filter,1,6.9
ProteinName,Protein.Group,Protein.Group,1,TRUE,TRUE,FALSE,0.98,TRUE,1,llama3.1-8b,metamorpheus,constrained_filter,2,6.47
PeptideSequence,Base.Sequence,Full.Sequence,1,FALSE,FALSE,FALSE,0.98,TRUE,1,llama3.1-8b,metamorpheus,constrained_filter,2,6.47
PrecursorCharge,Precursor.Charge,Precursor.Charge,1,TRUE,TRUE,FALSE,0.98,TRUE,1,llama3.1-8b,metamorpheus,constrained_filter,2,6.47
FragmentIon,"","",0,TRUE,TRUE,FALSE,0,TRUE,1,llama3.1-8b,metamorpheus,constrained_filter,2,6.47
ProductCharge,"","",0,TRUE,TRUE,FALSE,0,TRUE,1,llama3.1-8b,metamorpheus,constrained_filter,2,6.47
Run,File.Name,File.Name,1,TRUE,TRUE,FALSE,0.92,TRUE,1,llama3.1-8b,metamorpheus,constrained_filter,2,6.47
Intensity,Peak.intensity,Peak.intensity,1,TRUE,TRUE,FALSE,0.98,TRUE,1,llama3.1-8b,metamorpheus,constrained_filter,2,6.47
Qvalue,PIP.Q.Value,PIP.Q.Value,1,TRUE,TRUE,FALSE,0.92,TRUE,1,llama3.1-8b,metamorpheus,constrained_filter,2,6.47
ProteinName,Protein.Group,Protein.Group,1,TRUE,TRUE,FALSE,0.98,TRUE,1,llama3.1-8b,metamorpheus,constrained_filter,3,6.97
PeptideSequence,Base.Sequence,Full.Sequence,1,FALSE,FALSE,FALSE,0.98,TRUE,1,llama3.1-8b,metamorpheus,constrained_filter,3,6.97
PrecursorCharge,Precursor.Charge,Precursor.Charge,1,TRUE,TRUE,FALSE,0.98,TRUE,1,llama3.1-8b,metamorpheus,constrained_filter,3,6.97
FragmentIon,"","",0,TRUE,TRUE,FALSE,0,TRUE,1,llama3.1-8b,metamorpheus,constrained_filter,3,6.97
ProductCharge,"","",0,TRUE,TRUE,FALSE,0,TRUE,1,llama3.1-8b,metamorpheus,constrained_filter,3,6.97
Run,File.Name,File.Name,1,TRUE,TRUE,FALSE,0.92,TRUE,1,llama3.1-8b,metamorpheus,constrained_filter,3,6.97
Intensity,Peak.intensity,Peak.intensity,1,TRUE,TRUE,FALSE,0.98,TRUE,1,llama3.1-8b,metamorpheus,constrained_filter,3,6.97
Qvalue,PIP.Q.Value,PIP.Q.Value,1,TRUE,TRUE,FALSE,0.92,TRUE,1,llama3.1-8b,metamorpheus,constrained_filter,3,6.97
ProteinName,Protein.Group,Protein.Group,1,TRUE,TRUE,FALSE,0.98,TRUE,1,llama3.1-8b,metamorpheus,constrained_v2,1,5.67
PeptideSequence,Full.Sequence,Full.Sequence,1,TRUE,TRUE,FALSE,0.98,TRUE,1,llama3.1-8b,metamorpheus,constrained_v2,1,5.67
PrecursorCharge,Precursor.Charge,Precursor.Charge,1,TRUE,TRUE,FALSE,0.98,TRUE,1,llama3.1-8b,metamorpheus,constrained_v2,1,5.67
FragmentIon,"","",0,TRUE,TRUE,FALSE,0,TRUE,1,llama3.1-8b,metamorpheus,constrained_v2,1,5.67
ProductCharge,"","",0,TRUE,TRUE,FALSE,0,TRUE,1,llama3.1-8b,metamorpheus,constrained_v2,1,5.67
Run,File.Name,File.Name,1,TRUE,TRUE,FALSE,0.92,TRUE,1,llama3.1-8b,metamorpheus,constrained_v2,1,5.67
Intensity,Peak.intensity,Peak.intensity,1,TRUE,TRUE,FALSE,0.98,TRUE,1,llama3.1-8b,metamorpheus,constrained_v2,1,5.67
Qvalue,PIP.Q.Value,PIP.Q.Value,1,TRUE,TRUE,FALSE,0,TRUE,1,llama3.1-8b,metamorpheus,constrained_v2,1,5.67
ProteinName,Protein.Group,Protein.Group,1,TRUE,TRUE,FALSE,0.98,TRUE,1,llama3.1-8b,metamorpheus,constrained_v2,2,4.59
PeptideSequence,Full.Sequence,Full.Sequence,1,TRUE,TRUE,FALSE,0.98,TRUE,1,llama3.1-8b,metamorpheus,constrained_v2,2,4.59
PrecursorCharge,Precursor.Charge,Precursor.Charge,1,TRUE,TRUE,FALSE,0.98,TRUE,1,llama3.1-8b,metamorpheus,constrained_v2,2,4.59
FragmentIon,"","",0,TRUE,TRUE,FALSE,0,TRUE,1,llama3.1-8b,metamorpheus,constrained_v2,2,4.59
ProductCharge,"","",0,TRUE,TRUE,FALSE,0,TRUE,1,llama3.1-8b,metamorpheus,constrained_v2,2,4.59
Run,File.Name,File.Name,1,TRUE,TRUE,FALSE,0.92,TRUE,1,llama3.1-8b,metamorpheus,constrained_v2,2,4.59
Intensity,Peak.intensity,Peak.intensity,1,TRUE,TRUE,FALSE,0.98,TRUE,1,llama3.1-8b,metamorpheus,constrained_v2,2,4.59
Qvalue,PIP.Q.Value,PIP.Q.Value,1,TRUE,TRUE,FALSE,0,TRUE,1,llama3.1-8b,metamorpheus,constrained_v2,2,4.59
ProteinName,Protein.Group,Protein.Group,1,TRUE,TRUE,FALSE,0.98,TRUE,1,llama3.1-8b,metamorpheus,constrained_v2,3,4.72
PeptideSequence,Full.Sequence,Full.Sequence,1,TRUE,TRUE,FALSE,0.98,TRUE,1,llama3.1-8b,metamorpheus,constrained_v2,3,4.72
PrecursorCharge,Precursor.Charge,Precursor.Charge,1,TRUE,TRUE,FALSE,0.98,TRUE,1,llama3.1-8b,metamorpheus,constrained_v2,3,4.72
FragmentIon,"","",0,TRUE,TRUE,FALSE,0,TRUE,1,llama3.1-8b,metamorpheus,constrained_v2,3,4.72
ProductCharge,"","",0,TRUE,TRUE,FALSE,0,TRUE,1,llama3.1-8b,metamorpheus,constrained_v2,3,4.72
Run,File.Name,File.Name,1,TRUE,TRUE,FALSE,0.92,TRUE,1,llama3.1-8b,metamorpheus,constrained_v2,3,4.72
Intensity,Peak.intensity,Peak.intensity,1,TRUE,TRUE,FALSE,0.98,TRUE,1,llama3.1-8b,metamorpheus,constrained_v2,3,4.72
Qvalue,PIP.Q.Value,PIP.Q.Value,1,TRUE,TRUE,FALSE,0,TRUE,1,llama3.1-8b,metamorpheus,constrained_v2,3,4.72
ProteinName,Protein.Group,Protein.Group,1,TRUE,TRUE,FALSE,0.98,TRUE,1,llama3.1-8b,metamorpheus,constrained_filter_v2,1,5.23
PeptideSequence,Full.Sequence,Full.Sequence,1,TRUE,TRUE,FALSE,0.98,TRUE,1,llama3.1-8b,metamorpheus,constrained_filter_v2,1,5.23
PrecursorCharge,Precursor.Charge,Precursor.Charge,1,TRUE,TRUE,FALSE,0.98,TRUE,1,llama3.1-8b,metamorpheus,constrained_filter_v2,1,5.23
FragmentIon,"","",0,TRUE,TRUE,FALSE,0,TRUE,1,llama3.1-8b,metamorpheus,constrained_filter_v2,1,5.23
ProductCharge,"","",0,TRUE,TRUE,FALSE,0,TRUE,1,llama3.1-8b,metamorpheus,constrained_filter_v2,1,5.23
Run,File.Name,File.Name,1,TRUE,TRUE,FALSE,0.92,TRUE,1,llama3.1-8b,metamorpheus,constrained_filter_v2,1,5.23
Intensity,Peak.intensity,Peak.intensity,1,TRUE,TRUE,FALSE,0.98,TRUE,1,llama3.1-8b,metamorpheus,constrained_filter_v2,1,5.23
Qvalue,PIP.Q.Value,PIP.Q.Value,1,TRUE,TRUE,FALSE,0,TRUE,1,llama3.1-8b,metamorpheus,constrained_filter_v2,1,5.23
ProteinName,Protein.Group,Protein.Group,1,TRUE,TRUE,FALSE,0.98,TRUE,1,llama3.1-8b,metamorpheus,constrained_filter_v2,2,4.98
PeptideSequence,Full.Sequence,Full.Sequence,1,TRUE,TRUE,FALSE,0.98,TRUE,1,llama3.1-8b,metamorpheus,constrained_filter_v2,2,4.98
PrecursorCharge,Precursor.Charge,Precursor.Charge,1,TRUE,TRUE,FALSE,0.98,TRUE,1,llama3.1-8b,metamorpheus,constrained_filter_v2,2,4.98
FragmentIon,"","",0,TRUE,TRUE,FALSE,0,TRUE,1,llama3.1-8b,metamorpheus,constrained_filter_v2,2,4.98
ProductCharge,"","",0,TRUE,TRUE,FALSE,0,TRUE,1,llama3.1-8b,metamorpheus,constrained_filter_v2,2,4.98
Run,File.Name,File.Name,1,TRUE,TRUE,FALSE,0.92,TRUE,1,llama3.1-8b,metamorpheus,constrained_filter_v2,2,4.98
Intensity,Peak.intensity,Peak.intensity,1,TRUE,TRUE,FALSE,0.98,TRUE,1,llama3.1-8b,metamorpheus,constrained_filter_v2,2,4.98
Qvalue,PIP.Q.Value,PIP.Q.Value,1,TRUE,TRUE,FALSE,0,TRUE,1,llama3.1-8b,metamorpheus,constrained_filter_v2,2,4.98
ProteinName,Protein.Group,Protein.Group,1,TRUE,TRUE,FALSE,0.98,TRUE,1,llama3.1-8b,metamorpheus,constrained_filter_v2,3,4.67
PeptideSequence,Full.Sequence,Full.Sequence,1,TRUE,TRUE,FALSE,0.98,TRUE,1,llama3.1-8b,metamorpheus,constrained_filter_v2,3,4.67
PrecursorCharge,Precursor.Charge,Precursor.Charge,1,TRUE,TRUE,FALSE,0.98,TRUE,1,llama3.1-8b,metamorpheus,constrained_filter_v2,3,4.67
FragmentIon,"","",0,TRUE,TRUE,FALSE,0,TRUE,1,llama3.1-8b,metamorpheus,constrained_filter_v2,3,4.67
ProductCharge,"","",0,TRUE,TRUE,FALSE,0,TRUE,1,llama3.1-8b,metamorpheus,constrained_filter_v2,3,4.67
Run,File.Name,File.Name,1,TRUE,TRUE,FALSE,0.92,TRUE,1,llama3.1-8b,metamorpheus,constrained_filter_v2,3,4.67
Intensity,Peak.intensity,Peak.intensity,1,TRUE,TRUE,FALSE,0.98,TRUE,1,llama3.1-8b,metamorpheus,constrained_filter_v2,3,4.67
Qvalue,PIP.Q.Value,PIP.Q.Value,1,TRUE,TRUE,FALSE,0,TRUE,1,llama3.1-8b,metamorpheus,constrained_filter_v2,3,4.67
ProteinName,Protein.Group,Protein.Group,1,TRUE,TRUE,FALSE,0.98,TRUE,1,llama3.1-8b,metamorpheus,constrained_v3,1,5.72
PeptideSequence,Full.Sequence,Full.Sequence,1,TRUE,TRUE,FALSE,0.98,TRUE,1,llama3.1-8b,metamorpheus,constrained_v3,1,5.72
PrecursorCharge,Precursor.Charge,Precursor.Charge,1,TRUE,TRUE,FALSE,0.98,TRUE,1,llama3.1-8b,metamorpheus,constrained_v3,1,5.72
FragmentIon,"","",0,TRUE,TRUE,FALSE,0,TRUE,1,llama3.1-8b,metamorpheus,constrained_v3,1,5.72
ProductCharge,"","",0,TRUE,TRUE,FALSE,0,TRUE,1,llama3.1-8b,metamorpheus,constrained_v3,1,5.72
Run,File.Name,File.Name,1,TRUE,TRUE,FALSE,0.92,TRUE,1,llama3.1-8b,metamorpheus,constrained_v3,1,5.72
Intensity,Peak.intensity,Peak.intensity,1,TRUE,TRUE,FALSE,0.98,TRUE,1,llama3.1-8b,metamorpheus,constrained_v3,1,5.72
Qvalue,PIP.Q.Value,PIP.Q.Value,1,TRUE,TRUE,FALSE,0.92,TRUE,1,llama3.1-8b,metamorpheus,constrained_v3,1,5.72
ProteinName,Protein.Group,Protein.Group,1,TRUE,TRUE,FALSE,0.98,TRUE,1,llama3.1-8b,metamorpheus,constrained_v3,2,5.47
PeptideSequence,Full.Sequence,Full.Sequence,1,TRUE,TRUE,FALSE,0.98,TRUE,1,llama3.1-8b,metamorpheus,constrained_v3,2,5.47
PrecursorCharge,Precursor.Charge,Precursor.Charge,1,TRUE,TRUE,FALSE,0.98,TRUE,1,llama3.1-8b,metamorpheus,constrained_v3,2,5.47
FragmentIon,"","",0,TRUE,TRUE,FALSE,0,TRUE,1,llama3.1-8b,metamorpheus,constrained_v3,2,5.47
ProductCharge,"","",0,TRUE,TRUE,FALSE,0,TRUE,1,llama3.1-8b,metamorpheus,constrained_v3,2,5.47
Run,File.Name,File.Name,1,TRUE,TRUE,FALSE,0.92,TRUE,1,llama3.1-8b,metamorpheus,constrained_v3,2,5.47
Intensity,Peak.intensity,Peak.intensity,1,TRUE,TRUE,FALSE,0.98,TRUE,1,llama3.1-8b,metamorpheus,constrained_v3,2,5.47
Qvalue,PIP.Q.Value,PIP.Q.Value,1,TRUE,TRUE,FALSE,0.92,TRUE,1,llama3.1-8b,metamorpheus,constrained_v3,2,5.47
ProteinName,Protein.Group,Protein.Group,1,TRUE,TRUE,FALSE,0.98,TRUE,1,llama3.1-8b,metamorpheus,constrained_v3,3,4.81
PeptideSequence,Full.Sequence,Full.Sequence,1,TRUE,TRUE,FALSE,0.98,TRUE,1,llama3.1-8b,metamorpheus,constrained_v3,3,4.81
PrecursorCharge,Precursor.Charge,Precursor.Charge,1,TRUE,TRUE,FALSE,0.98,TRUE,1,llama3.1-8b,metamorpheus,constrained_v3,3,4.81
FragmentIon,"","",0,TRUE,TRUE,FALSE,0,TRUE,1,llama3.1-8b,metamorpheus,constrained_v3,3,4.81
ProductCharge,"","",0,TRUE,TRUE,FALSE,0,TRUE,1,llama3.1-8b,metamorpheus,constrained_v3,3,4.81
Run,File.Name,File.Name,1,TRUE,TRUE,FALSE,0.92,TRUE,1,llama3.1-8b,metamorpheus,constrained_v3,3,4.81
Intensity,Peak.intensity,Peak.intensity,1,TRUE,TRUE,FALSE,0.98,TRUE,1,llama3.1-8b,metamorpheus,constrained_v3,3,4.81
Qvalue,PIP.Q.Value,PIP.Q.Value,1,TRUE,TRUE,FALSE,0.92,TRUE,1,llama3.1-8b,metamorpheus,constrained_v3,3,4.81
ProteinName,Protein.Group,Protein.Group,1,TRUE,TRUE,FALSE,0.98,TRUE,1,llama3.1-8b,metamorpheus,constrained_filter_v3,1,5.06
PeptideSequence,Full.Sequence,Full.Sequence,1,TRUE,TRUE,FALSE,0.98,TRUE,1,llama3.1-8b,metamorpheus,constrained_filter_v3,1,5.06
PrecursorCharge,Precursor.Charge,Precursor.Charge,1,TRUE,TRUE,FALSE,0.98,TRUE,1,llama3.1-8b,metamorpheus,constrained_filter_v3,1,5.06
FragmentIon,"","",0,TRUE,TRUE,FALSE,0,TRUE,1,llama3.1-8b,metamorpheus,constrained_filter_v3,1,5.06
ProductCharge,"","",0,TRUE,TRUE,FALSE,0,TRUE,1,llama3.1-8b,metamorpheus,constrained_filter_v3,1,5.06
Run,File.Name,File.Name,1,TRUE,TRUE,FALSE,0.92,TRUE,1,llama3.1-8b,metamorpheus,constrained_filter_v3,1,5.06
Intensity,Peak.intensity,Peak.intensity,1,TRUE,TRUE,FALSE,0.98,TRUE,1,llama3.1-8b,metamorpheus,constrained_filter_v3,1,5.06
Qvalue,PIP.Q.Value,PIP.Q.Value,1,TRUE,TRUE,FALSE,0,TRUE,1,llama3.1-8b,metamorpheus,constrained_filter_v3,1,5.06
ProteinName,Protein.Group,Protein.Group,1,TRUE,TRUE,FALSE,0.98,TRUE,1,llama3.1-8b,metamorpheus,constrained_filter_v3,2,5.23
PeptideSequence,Full.Sequence,Full.Sequence,1,TRUE,TRUE,FALSE,0.98,TRUE,1,llama3.1-8b,metamorpheus,constrained_filter_v3,2,5.23
PrecursorCharge,Precursor.Charge,Precursor.Charge,1,TRUE,TRUE,FALSE,0.98,TRUE,1,llama3.1-8b,metamorpheus,constrained_filter_v3,2,5.23
FragmentIon,"","",0,TRUE,TRUE,FALSE,0,TRUE,1,llama3.1-8b,metamorpheus,constrained_filter_v3,2,5.23
ProductCharge,"","",0,TRUE,TRUE,FALSE,0,TRUE,1,llama3.1-8b,metamorpheus,constrained_filter_v3,2,5.23
Run,File.Name,File.Name,1,TRUE,TRUE,FALSE,0.92,TRUE,1,llama3.1-8b,metamorpheus,constrained_filter_v3,2,5.23
Intensity,Peak.intensity,Peak.intensity,1,TRUE,TRUE,FALSE,0.98,TRUE,1,llama3.1-8b,metamorpheus,constrained_filter_v3,2,5.23
Qvalue,PIP.Q.Value,PIP.Q.Value,1,TRUE,TRUE,FALSE,0,TRUE,1,llama3.1-8b,metamorpheus,constrained_filter_v3,2,5.23
ProteinName,Protein.Group,Protein.Group,1,TRUE,TRUE,FALSE,0.98,TRUE,1,llama3.1-8b,metamorpheus,constrained_filter_v3,3,5.16
PeptideSequence,Full.Sequence,Full.Sequence,1,TRUE,TRUE,FALSE,0.98,TRUE,1,llama3.1-8b,metamorpheus,constrained_filter_v3,3,5.16
PrecursorCharge,Precursor.Charge,Precursor.Charge,1,TRUE,TRUE,FALSE,0.98,TRUE,1,llama3.1-8b,metamorpheus,constrained_filter_v3,3,5.16
FragmentIon,"","",0,TRUE,TRUE,FALSE,0,TRUE,1,llama3.1-8b,metamorpheus,constrained_filter_v3,3,5.16
ProductCharge,"","",0,TRUE,TRUE,FALSE,0,TRUE,1,llama3.1-8b,metamorpheus,constrained_filter_v3,3,5.16
Run,File.Name,File.Name,1,TRUE,TRUE,FALSE,0.92,TRUE,1,llama3.1-8b,metamorpheus,constrained_filter_v3,3,5.16
Intensity,Peak.intensity,Peak.intensity,1,TRUE,TRUE,FALSE,0.98,TRUE,1,llama3.1-8b,metamorpheus,constrained_filter_v3,3,5.16
Qvalue,PIP.Q.Value,PIP.Q.Value,1,TRUE,TRUE,FALSE,0,TRUE,1,llama3.1-8b,metamorpheus,constrained_filter_v3,3,5.16
ProteinName,Protein.Group.Accessions,Protein.Group.Accessions,1,TRUE,TRUE,FALSE,1,TRUE,1,deepseek-r1-14b,proteome_discoverer,lean,1,21.88
PeptideSequence,Sequence,Sequence,1,TRUE,TRUE,FALSE,1,TRUE,1,deepseek-r1-14b,proteome_discoverer,lean,1,21.88
PrecursorCharge,Charge,Charge,1,TRUE,TRUE,FALSE,1,TRUE,1,deepseek-r1-14b,proteome_discoverer,lean,1,21.88
FragmentIon,"","",0,TRUE,TRUE,FALSE,0,TRUE,1,deepseek-r1-14b,proteome_discoverer,lean,1,21.88
ProductCharge,"","",0,TRUE,TRUE,FALSE,0,TRUE,1,deepseek-r1-14b,proteome_discoverer,lean,1,21.88
Run,Spectrum.File,Spectrum.File,1,TRUE,TRUE,FALSE,1,TRUE,1,deepseek-r1-14b,proteome_discoverer,lean,1,21.88
Intensity,Precursor.Area,Precursor.Area,3,TRUE,TRUE,FALSE,1,TRUE,1,deepseek-r1-14b,proteome_discoverer,lean,1,21.88
Qvalue,Exp.Value,"",0,FALSE,FALSE,FALSE,0.7,TRUE,1,deepseek-r1-14b,proteome_discoverer,lean,1,21.88
ProteinName,Protein.Group.Accessions,Protein.Group.Accessions,1,TRUE,TRUE,FALSE,1,TRUE,1,deepseek-r1-14b,proteome_discoverer,lean,2,20.6
PeptideSequence,Sequence,Sequence,1,TRUE,TRUE,FALSE,1,TRUE,1,deepseek-r1-14b,proteome_discoverer,lean,2,20.6
PrecursorCharge,Charge,Charge,1,TRUE,TRUE,FALSE,1,TRUE,1,deepseek-r1-14b,proteome_discoverer,lean,2,20.6
FragmentIon,"","",0,TRUE,TRUE,FALSE,0,TRUE,1,deepseek-r1-14b,proteome_discoverer,lean,2,20.6
ProductCharge,"","",0,TRUE,TRUE,FALSE,0,TRUE,1,deepseek-r1-14b,proteome_discoverer,lean,2,20.6
Run,Spectrum.File,Spectrum.File,1,TRUE,TRUE,FALSE,1,TRUE,1,deepseek-r1-14b,proteome_discoverer,lean,2,20.6
Intensity,Precursor.Area,Precursor.Area,3,TRUE,TRUE,FALSE,1,TRUE,1,deepseek-r1-14b,proteome_discoverer,lean,2,20.6
Qvalue,Exp.Value,"",0,FALSE,FALSE,FALSE,0.7,TRUE,1,deepseek-r1-14b,proteome_discoverer,lean,2,20.6
ProteinName,Protein.Group.Accessions,Protein.Group.Accessions,1,TRUE,TRUE,FALSE,1,TRUE,1,deepseek-r1-14b,proteome_discoverer,lean,3,21.66
PeptideSequence,Sequence,Sequence,1,TRUE,TRUE,FALSE,1,TRUE,1,deepseek-r1-14b,proteome_discoverer,lean,3,21.66
PrecursorCharge,Charge,Charge,1,TRUE,TRUE,FALSE,1,TRUE,1,deepseek-r1-14b,proteome_discoverer,lean,3,21.66
FragmentIon,"","",0,TRUE,TRUE,FALSE,0,TRUE,1,deepseek-r1-14b,proteome_discoverer,lean,3,21.66
ProductCharge,"","",0,TRUE,TRUE,FALSE,0,TRUE,1,deepseek-r1-14b,proteome_discoverer,lean,3,21.66
Run,Spectrum.File,Spectrum.File,1,TRUE,TRUE,FALSE,1,TRUE,1,deepseek-r1-14b,proteome_discoverer,lean,3,21.66
Intensity,Precursor.Area,Precursor.Area,3,TRUE,TRUE,FALSE,1,TRUE,1,deepseek-r1-14b,proteome_discoverer,lean,3,21.66
Qvalue,Exp.Value,"",0,FALSE,FALSE,FALSE,0.7,TRUE,1,deepseek-r1-14b,proteome_discoverer,lean,3,21.66
ProteinName,Protein.Group.Accessions,Protein.Group.Accessions,1,TRUE,TRUE,FALSE,0.98,TRUE,1,deepseek-r1-14b,proteome_discoverer,constrained,1,23.02
PeptideSequence,Sequence,Sequence,1,TRUE,TRUE,FALSE,0.92,TRUE,1,deepseek-r1-14b,proteome_discoverer,constrained,1,23.02
PrecursorCharge,Charge,Charge,1,TRUE,TRUE,FALSE,0.92,TRUE,1,deepseek-r1-14b,proteome_discoverer,constrained,1,23.02
FragmentIon,Ions.Matched,"",0,FALSE,FALSE,FALSE,0.8,TRUE,1,deepseek-r1-14b,proteome_discoverer,constrained,1,23.02
ProductCharge,"","",0,TRUE,TRUE,FALSE,0,TRUE,1,deepseek-r1-14b,proteome_discoverer,constrained,1,23.02
Run,Spectrum.File,Spectrum.File,1,TRUE,TRUE,FALSE,0.98,TRUE,1,deepseek-r1-14b,proteome_discoverer,constrained,1,23.02
Intensity,Intensity,Precursor.Area,3,FALSE,TRUE,FALSE,0.98,TRUE,1,deepseek-r1-14b,proteome_discoverer,constrained,1,23.02
Qvalue,"","",0,TRUE,TRUE,FALSE,0,TRUE,1,deepseek-r1-14b,proteome_discoverer,constrained,1,23.02
ProteinName,Protein.Group.Accessions,Protein.Group.Accessions,1,TRUE,TRUE,FALSE,0.98,TRUE,1,deepseek-r1-14b,proteome_discoverer,constrained,2,22.95
PeptideSequence,Sequence,Sequence,1,TRUE,TRUE,FALSE,0.92,TRUE,1,deepseek-r1-14b,proteome_discoverer,constrained,2,22.95
PrecursorCharge,Charge,Charge,1,TRUE,TRUE,FALSE,0.92,TRUE,1,deepseek-r1-14b,proteome_discoverer,constrained,2,22.95
FragmentIon,Ions.Matched,"",0,FALSE,FALSE,FALSE,0.8,TRUE,1,deepseek-r1-14b,proteome_discoverer,constrained,2,22.95
ProductCharge,"","",0,TRUE,TRUE,FALSE,0,TRUE,1,deepseek-r1-14b,proteome_discoverer,constrained,2,22.95
Run,Spectrum.File,Spectrum.File,1,TRUE,TRUE,FALSE,0.98,TRUE,1,deepseek-r1-14b,proteome_discoverer,constrained,2,22.95
Intensity,Intensity,Precursor.Area,3,FALSE,TRUE,FALSE,0.98,TRUE,1,deepseek-r1-14b,proteome_discoverer,constrained,2,22.95
Qvalue,"","",0,TRUE,TRUE,FALSE,0,TRUE,1,deepseek-r1-14b,proteome_discoverer,constrained,2,22.95
ProteinName,Protein.Group.Accessions,Protein.Group.Accessions,1,TRUE,TRUE,FALSE,0.98,TRUE,1,deepseek-r1-14b,proteome_discoverer,constrained,3,21.41
PeptideSequence,Sequence,Sequence,1,TRUE,TRUE,FALSE,0.92,TRUE,1,deepseek-r1-14b,proteome_discoverer,constrained,3,21.41
PrecursorCharge,Charge,Charge,1,TRUE,TRUE,FALSE,0.92,TRUE,1,deepseek-r1-14b,proteome_discoverer,constrained,3,21.41
FragmentIon,Ions.Matched,"",0,FALSE,FALSE,FALSE,0.8,TRUE,1,deepseek-r1-14b,proteome_discoverer,constrained,3,21.41
ProductCharge,"","",0,TRUE,TRUE,FALSE,0,TRUE,1,deepseek-r1-14b,proteome_discoverer,constrained,3,21.41
Run,Spectrum.File,Spectrum.File,1,TRUE,TRUE,FALSE,0.98,TRUE,1,deepseek-r1-14b,proteome_discoverer,constrained,3,21.41
Intensity,Intensity,Precursor.Area,3,FALSE,TRUE,FALSE,0.98,TRUE,1,deepseek-r1-14b,proteome_discoverer,constrained,3,21.41
Qvalue,"","",0,TRUE,TRUE,FALSE,0,TRUE,1,deepseek-r1-14b,proteome_discoverer,constrained,3,21.41
ProteinName,Protein.Group.Accessions,Protein.Group.Accessions,1,TRUE,TRUE,FALSE,0.9,TRUE,1,deepseek-r1-14b,proteome_discoverer,filter_aware,1,15.58
PeptideSequence,Sequence,Sequence,1,TRUE,TRUE,FALSE,0.9,TRUE,1,deepseek-r1-14b,proteome_discoverer,filter_aware,1,15.58
PrecursorCharge,Charge,Charge,1,TRUE,TRUE,FALSE,0.9,TRUE,1,deepseek-r1-14b,proteome_discoverer,filter_aware,1,15.58
FragmentIon,"","",0,TRUE,TRUE,FALSE,0,TRUE,1,deepseek-r1-14b,proteome_discoverer,filter_aware,1,15.58
ProductCharge,"","",0,TRUE,TRUE,FALSE,0,TRUE,1,deepseek-r1-14b,proteome_discoverer,filter_aware,1,15.58
Run,Spectrum.File,Spectrum.File,1,TRUE,TRUE,FALSE,0.9,TRUE,1,deepseek-r1-14b,proteome_discoverer,filter_aware,1,15.58
Intensity,Intensity,Precursor.Area,3,FALSE,TRUE,FALSE,0.9,TRUE,1,deepseek-r1-14b,proteome_discoverer,filter_aware,1,15.58
Qvalue,Exp.Value,"",0,FALSE,FALSE,FALSE,0.8,TRUE,1,deepseek-r1-14b,proteome_discoverer,filter_aware,1,15.58
ProteinName,Protein.Group.Accessions,Protein.Group.Accessions,1,TRUE,TRUE,FALSE,0.9,TRUE,1,deepseek-r1-14b,proteome_discoverer,filter_aware,2,17.5
PeptideSequence,Sequence,Sequence,1,TRUE,TRUE,FALSE,0.9,TRUE,1,deepseek-r1-14b,proteome_discoverer,filter_aware,2,17.5
PrecursorCharge,Charge,Charge,1,TRUE,TRUE,FALSE,0.9,TRUE,1,deepseek-r1-14b,proteome_discoverer,filter_aware,2,17.5
FragmentIon,"","",0,TRUE,TRUE,FALSE,0,TRUE,1,deepseek-r1-14b,proteome_discoverer,filter_aware,2,17.5
ProductCharge,"","",0,TRUE,TRUE,FALSE,0,TRUE,1,deepseek-r1-14b,proteome_discoverer,filter_aware,2,17.5
Run,Spectrum.File,Spectrum.File,1,TRUE,TRUE,FALSE,0.9,TRUE,1,deepseek-r1-14b,proteome_discoverer,filter_aware,2,17.5
Intensity,Intensity,Precursor.Area,3,FALSE,TRUE,FALSE,0.9,TRUE,1,deepseek-r1-14b,proteome_discoverer,filter_aware,2,17.5
Qvalue,Exp.Value,"",0,FALSE,FALSE,FALSE,0.8,TRUE,1,deepseek-r1-14b,proteome_discoverer,filter_aware,2,17.5
ProteinName,Protein.Group.Accessions,Protein.Group.Accessions,1,TRUE,TRUE,FALSE,0.9,TRUE,1,deepseek-r1-14b,proteome_discoverer,filter_aware,3,16.17
PeptideSequence,Sequence,Sequence,1,TRUE,TRUE,FALSE,0.9,TRUE,1,deepseek-r1-14b,proteome_discoverer,filter_aware,3,16.17
PrecursorCharge,Charge,Charge,1,TRUE,TRUE,FALSE,0.9,TRUE,1,deepseek-r1-14b,proteome_discoverer,filter_aware,3,16.17
FragmentIon,"","",0,TRUE,TRUE,FALSE,0,TRUE,1,deepseek-r1-14b,proteome_discoverer,filter_aware,3,16.17
ProductCharge,"","",0,TRUE,TRUE,FALSE,0,TRUE,1,deepseek-r1-14b,proteome_discoverer,filter_aware,3,16.17
Run,Spectrum.File,Spectrum.File,1,TRUE,TRUE,FALSE,0.9,TRUE,1,deepseek-r1-14b,proteome_discoverer,filter_aware,3,16.17
Intensity,Intensity,Precursor.Area,3,FALSE,TRUE,FALSE,0.9,TRUE,1,deepseek-r1-14b,proteome_discoverer,filter_aware,3,16.17
Qvalue,Exp.Value,"",0,FALSE,FALSE,FALSE,0.8,TRUE,1,deepseek-r1-14b,proteome_discoverer,filter_aware,3,16.17
ProteinName,Protein.Group.Accessions,Protein.Group.Accessions,1,TRUE,TRUE,FALSE,0.98,TRUE,1,deepseek-r1-14b,proteome_discoverer,constrained_filter,1,29.76
PeptideSequence,Sequence,Sequence,1,TRUE,TRUE,FALSE,0.98,TRUE,1,deepseek-r1-14b,proteome_discoverer,constrained_filter,1,29.76
PrecursorCharge,Charge,Charge,1,TRUE,TRUE,FALSE,0.98,TRUE,1,deepseek-r1-14b,proteome_discoverer,constrained_filter,1,29.76
FragmentIon,"","",0,TRUE,TRUE,FALSE,0,TRUE,1,deepseek-r1-14b,proteome_discoverer,constrained_filter,1,29.76
ProductCharge,"","",0,TRUE,TRUE,FALSE,0,TRUE,1,deepseek-r1-14b,proteome_discoverer,constrained_filter,1,29.76
Run,Spectrum.File,Spectrum.File,1,TRUE,TRUE,FALSE,0.98,TRUE,1,deepseek-r1-14b,proteome_discoverer,constrained_filter,1,29.76
Intensity,Intensity,Precursor.Area,3,FALSE,TRUE,FALSE,0.98,TRUE,1,deepseek-r1-14b,proteome_discoverer,constrained_filter,1,29.76
Qvalue,"","",0,TRUE,TRUE,FALSE,0,TRUE,1,deepseek-r1-14b,proteome_discoverer,constrained_filter,1,29.76
ProteinName,Protein.Group.Accessions,Protein.Group.Accessions,1,TRUE,TRUE,FALSE,0.98,TRUE,1,deepseek-r1-14b,proteome_discoverer,constrained_filter,2,31.7
PeptideSequence,Sequence,Sequence,1,TRUE,TRUE,FALSE,0.98,TRUE,1,deepseek-r1-14b,proteome_discoverer,constrained_filter,2,31.7
PrecursorCharge,Charge,Charge,1,TRUE,TRUE,FALSE,0.98,TRUE,1,deepseek-r1-14b,proteome_discoverer,constrained_filter,2,31.7
FragmentIon,"","",0,TRUE,TRUE,FALSE,0,TRUE,1,deepseek-r1-14b,proteome_discoverer,constrained_filter,2,31.7
ProductCharge,"","",0,TRUE,TRUE,FALSE,0,TRUE,1,deepseek-r1-14b,proteome_discoverer,constrained_filter,2,31.7
Run,Spectrum.File,Spectrum.File,1,TRUE,TRUE,FALSE,0.98,TRUE,1,deepseek-r1-14b,proteome_discoverer,constrained_filter,2,31.7
Intensity,Intensity,Precursor.Area,3,FALSE,TRUE,FALSE,0.98,TRUE,1,deepseek-r1-14b,proteome_discoverer,constrained_filter,2,31.7
Qvalue,"","",0,TRUE,TRUE,FALSE,0,TRUE,1,deepseek-r1-14b,proteome_discoverer,constrained_filter,2,31.7
ProteinName,Protein.Group.Accessions,Protein.Group.Accessions,1,TRUE,TRUE,FALSE,0.98,TRUE,1,deepseek-r1-14b,proteome_discoverer,constrained_filter,3,31.47
PeptideSequence,Sequence,Sequence,1,TRUE,TRUE,FALSE,0.98,TRUE,1,deepseek-r1-14b,proteome_discoverer,constrained_filter,3,31.47
PrecursorCharge,Charge,Charge,1,TRUE,TRUE,FALSE,0.98,TRUE,1,deepseek-r1-14b,proteome_discoverer,constrained_filter,3,31.47
FragmentIon,"","",0,TRUE,TRUE,FALSE,0,TRUE,1,deepseek-r1-14b,proteome_discoverer,constrained_filter,3,31.47
ProductCharge,"","",0,TRUE,TRUE,FALSE,0,TRUE,1,deepseek-r1-14b,proteome_discoverer,constrained_filter,3,31.47
Run,Spectrum.File,Spectrum.File,1,TRUE,TRUE,FALSE,0.98,TRUE,1,deepseek-r1-14b,proteome_discoverer,constrained_filter,3,31.47
Intensity,Intensity,Precursor.Area,3,FALSE,TRUE,FALSE,0.98,TRUE,1,deepseek-r1-14b,proteome_discoverer,constrained_filter,3,31.47
Qvalue,"","",0,TRUE,TRUE,FALSE,0,TRUE,1,deepseek-r1-14b,proteome_discoverer,constrained_filter,3,31.47
ProteinName,Protein.Group.Accessions,Protein.Group.Accessions,1,TRUE,TRUE,FALSE,0.98,TRUE,1,deepseek-r1-14b,proteome_discoverer,constrained_v2,1,21.01
PeptideSequence,Sequence,Sequence,1,TRUE,TRUE,FALSE,0.98,TRUE,1,deepseek-r1-14b,proteome_discoverer,constrained_v2,1,21.01
PrecursorCharge,Charge,Charge,1,TRUE,TRUE,FALSE,0.98,TRUE,1,deepseek-r1-14b,proteome_discoverer,constrained_v2,1,21.01
FragmentIon,"","",0,TRUE,TRUE,FALSE,0,TRUE,1,deepseek-r1-14b,proteome_discoverer,constrained_v2,1,21.01
ProductCharge,"","",0,TRUE,TRUE,FALSE,0,TRUE,1,deepseek-r1-14b,proteome_discoverer,constrained_v2,1,21.01
Run,Spectrum.File,Spectrum.File,1,TRUE,TRUE,FALSE,0.98,TRUE,1,deepseek-r1-14b,proteome_discoverer,constrained_v2,1,21.01
Intensity,Intensity,Precursor.Area,3,FALSE,TRUE,FALSE,0.98,TRUE,1,deepseek-r1-14b,proteome_discoverer,constrained_v2,1,21.01
Qvalue,"","",0,TRUE,TRUE,FALSE,0,TRUE,1,deepseek-r1-14b,proteome_discoverer,constrained_v2,1,21.01
ProteinName,Protein.Group.Accessions,Protein.Group.Accessions,1,TRUE,TRUE,FALSE,0.98,TRUE,1,deepseek-r1-14b,proteome_discoverer,constrained_v2,2,24.06
PeptideSequence,Sequence,Sequence,1,TRUE,TRUE,FALSE,0.98,TRUE,1,deepseek-r1-14b,proteome_discoverer,constrained_v2,2,24.06
PrecursorCharge,Charge,Charge,1,TRUE,TRUE,FALSE,0.98,TRUE,1,deepseek-r1-14b,proteome_discoverer,constrained_v2,2,24.06
FragmentIon,"","",0,TRUE,TRUE,FALSE,0,TRUE,1,deepseek-r1-14b,proteome_discoverer,constrained_v2,2,24.06
ProductCharge,"","",0,TRUE,TRUE,FALSE,0,TRUE,1,deepseek-r1-14b,proteome_discoverer,constrained_v2,2,24.06
Run,Spectrum.File,Spectrum.File,1,TRUE,TRUE,FALSE,0.98,TRUE,1,deepseek-r1-14b,proteome_discoverer,constrained_v2,2,24.06
Intensity,Intensity,Precursor.Area,3,FALSE,TRUE,FALSE,0.98,TRUE,1,deepseek-r1-14b,proteome_discoverer,constrained_v2,2,24.06
Qvalue,"","",0,TRUE,TRUE,FALSE,0,TRUE,1,deepseek-r1-14b,proteome_discoverer,constrained_v2,2,24.06
ProteinName,Protein.Group.Accessions,Protein.Group.Accessions,1,TRUE,TRUE,FALSE,0.98,TRUE,1,deepseek-r1-14b,proteome_discoverer,constrained_v2,3,22.21
PeptideSequence,Sequence,Sequence,1,TRUE,TRUE,FALSE,0.98,TRUE,1,deepseek-r1-14b,proteome_discoverer,constrained_v2,3,22.21
PrecursorCharge,Charge,Charge,1,TRUE,TRUE,FALSE,0.98,TRUE,1,deepseek-r1-14b,proteome_discoverer,constrained_v2,3,22.21
FragmentIon,"","",0,TRUE,TRUE,FALSE,0,TRUE,1,deepseek-r1-14b,proteome_discoverer,constrained_v2,3,22.21
ProductCharge,"","",0,TRUE,TRUE,FALSE,0,TRUE,1,deepseek-r1-14b,proteome_discoverer,constrained_v2,3,22.21
Run,Spectrum.File,Spectrum.File,1,TRUE,TRUE,FALSE,0.98,TRUE,1,deepseek-r1-14b,proteome_discoverer,constrained_v2,3,22.21
Intensity,Intensity,Precursor.Area,3,FALSE,TRUE,FALSE,0.98,TRUE,1,deepseek-r1-14b,proteome_discoverer,constrained_v2,3,22.21
Qvalue,"","",0,TRUE,TRUE,FALSE,0,TRUE,1,deepseek-r1-14b,proteome_discoverer,constrained_v2,3,22.21
ProteinName,Protein.Group.Accessions,Protein.Group.Accessions,1,TRUE,TRUE,FALSE,0.98,TRUE,1,deepseek-r1-14b,proteome_discoverer,constrained_filter_v2,1,30.41
PeptideSequence,Sequence,Sequence,1,TRUE,TRUE,FALSE,0.98,TRUE,1,deepseek-r1-14b,proteome_discoverer,constrained_filter_v2,1,30.41
PrecursorCharge,Charge,Charge,1,TRUE,TRUE,FALSE,0.92,TRUE,1,deepseek-r1-14b,proteome_discoverer,constrained_filter_v2,1,30.41
FragmentIon,"","",0,TRUE,TRUE,FALSE,0,TRUE,1,deepseek-r1-14b,proteome_discoverer,constrained_filter_v2,1,30.41
ProductCharge,"","",0,TRUE,TRUE,FALSE,0,TRUE,1,deepseek-r1-14b,proteome_discoverer,constrained_filter_v2,1,30.41
Run,Spectrum.File,Spectrum.File,1,TRUE,TRUE,FALSE,0.98,TRUE,1,deepseek-r1-14b,proteome_discoverer,constrained_filter_v2,1,30.41
Intensity,Intensity,Precursor.Area,3,FALSE,TRUE,FALSE,0.98,TRUE,1,deepseek-r1-14b,proteome_discoverer,constrained_filter_v2,1,30.41
Qvalue,"","",0,TRUE,TRUE,FALSE,0,TRUE,1,deepseek-r1-14b,proteome_discoverer,constrained_filter_v2,1,30.41
ProteinName,Protein.Group.Accessions,Protein.Group.Accessions,1,TRUE,TRUE,FALSE,0.98,TRUE,1,deepseek-r1-14b,proteome_discoverer,constrained_filter_v2,2,29.97
PeptideSequence,Sequence,Sequence,1,TRUE,TRUE,FALSE,0.98,TRUE,1,deepseek-r1-14b,proteome_discoverer,constrained_filter_v2,2,29.97
PrecursorCharge,Charge,Charge,1,TRUE,TRUE,FALSE,0.92,TRUE,1,deepseek-r1-14b,proteome_discoverer,constrained_filter_v2,2,29.97
FragmentIon,"","",0,TRUE,TRUE,FALSE,0,TRUE,1,deepseek-r1-14b,proteome_discoverer,constrained_filter_v2,2,29.97
ProductCharge,"","",0,TRUE,TRUE,FALSE,0,TRUE,1,deepseek-r1-14b,proteome_discoverer,constrained_filter_v2,2,29.97
Run,Spectrum.File,Spectrum.File,1,TRUE,TRUE,FALSE,0.98,TRUE,1,deepseek-r1-14b,proteome_discoverer,constrained_filter_v2,2,29.97
Intensity,Intensity,Precursor.Area,3,FALSE,TRUE,FALSE,0.98,TRUE,1,deepseek-r1-14b,proteome_discoverer,constrained_filter_v2,2,29.97
Qvalue,"","",0,TRUE,TRUE,FALSE,0,TRUE,1,deepseek-r1-14b,proteome_discoverer,constrained_filter_v2,2,29.97
ProteinName,Protein.Group.Accessions,Protein.Group.Accessions,1,TRUE,TRUE,FALSE,0.98,TRUE,1,deepseek-r1-14b,proteome_discoverer,constrained_filter_v2,3,28.61
PeptideSequence,Sequence,Sequence,1,TRUE,TRUE,FALSE,0.98,TRUE,1,deepseek-r1-14b,proteome_discoverer,constrained_filter_v2,3,28.61
PrecursorCharge,Charge,Charge,1,TRUE,TRUE,FALSE,0.92,TRUE,1,deepseek-r1-14b,proteome_discoverer,constrained_filter_v2,3,28.61
FragmentIon,"","",0,TRUE,TRUE,FALSE,0,TRUE,1,deepseek-r1-14b,proteome_discoverer,constrained_filter_v2,3,28.61
ProductCharge,"","",0,TRUE,TRUE,FALSE,0,TRUE,1,deepseek-r1-14b,proteome_discoverer,constrained_filter_v2,3,28.61
Run,Spectrum.File,Spectrum.File,1,TRUE,TRUE,FALSE,0.98,TRUE,1,deepseek-r1-14b,proteome_discoverer,constrained_filter_v2,3,28.61
Intensity,Intensity,Precursor.Area,3,FALSE,TRUE,FALSE,0.98,TRUE,1,deepseek-r1-14b,proteome_discoverer,constrained_filter_v2,3,28.61
Qvalue,"","",0,TRUE,TRUE,FALSE,0,TRUE,1,deepseek-r1-14b,proteome_discoverer,constrained_filter_v2,3,28.61
ProteinName,Protein.Group.Accessions,Protein.Group.Accessions,1,TRUE,TRUE,FALSE,0.98,TRUE,1,deepseek-r1-14b,proteome_discoverer,constrained_v3,1,20.76
PeptideSequence,Sequence,Sequence,1,TRUE,TRUE,FALSE,0.92,TRUE,1,deepseek-r1-14b,proteome_discoverer,constrained_v3,1,20.76
PrecursorCharge,Charge,Charge,1,TRUE,TRUE,FALSE,0.92,TRUE,1,deepseek-r1-14b,proteome_discoverer,constrained_v3,1,20.76
FragmentIon,"","",0,TRUE,TRUE,FALSE,0,TRUE,1,deepseek-r1-14b,proteome_discoverer,constrained_v3,1,20.76
ProductCharge,"","",0,TRUE,TRUE,FALSE,0,TRUE,1,deepseek-r1-14b,proteome_discoverer,constrained_v3,1,20.76
Run,Spectrum.File,Spectrum.File,1,TRUE,TRUE,FALSE,0.92,TRUE,1,deepseek-r1-14b,proteome_discoverer,constrained_v3,1,20.76
Intensity,Intensity,Precursor.Area,3,FALSE,TRUE,FALSE,0.98,TRUE,1,deepseek-r1-14b,proteome_discoverer,constrained_v3,1,20.76
Qvalue,"","",0,TRUE,TRUE,FALSE,0,TRUE,1,deepseek-r1-14b,proteome_discoverer,constrained_v3,1,20.76
ProteinName,Protein.Group.Accessions,Protein.Group.Accessions,1,TRUE,TRUE,FALSE,0.98,TRUE,1,deepseek-r1-14b,proteome_discoverer,constrained_v3,2,18.93
PeptideSequence,Sequence,Sequence,1,TRUE,TRUE,FALSE,0.92,TRUE,1,deepseek-r1-14b,proteome_discoverer,constrained_v3,2,18.93
PrecursorCharge,Charge,Charge,1,TRUE,TRUE,FALSE,0.92,TRUE,1,deepseek-r1-14b,proteome_discoverer,constrained_v3,2,18.93
FragmentIon,"","",0,TRUE,TRUE,FALSE,0,TRUE,1,deepseek-r1-14b,proteome_discoverer,constrained_v3,2,18.93
ProductCharge,"","",0,TRUE,TRUE,FALSE,0,TRUE,1,deepseek-r1-14b,proteome_discoverer,constrained_v3,2,18.93
Run,Spectrum.File,Spectrum.File,1,TRUE,TRUE,FALSE,0.92,TRUE,1,deepseek-r1-14b,proteome_discoverer,constrained_v3,2,18.93
Intensity,Intensity,Precursor.Area,3,FALSE,TRUE,FALSE,0.98,TRUE,1,deepseek-r1-14b,proteome_discoverer,constrained_v3,2,18.93
Qvalue,"","",0,TRUE,TRUE,FALSE,0,TRUE,1,deepseek-r1-14b,proteome_discoverer,constrained_v3,2,18.93
ProteinName,Protein.Group.Accessions,Protein.Group.Accessions,1,TRUE,TRUE,FALSE,0.98,TRUE,1,deepseek-r1-14b,proteome_discoverer,constrained_v3,3,19.85
PeptideSequence,Sequence,Sequence,1,TRUE,TRUE,FALSE,0.92,TRUE,1,deepseek-r1-14b,proteome_discoverer,constrained_v3,3,19.85
PrecursorCharge,Charge,Charge,1,TRUE,TRUE,FALSE,0.92,TRUE,1,deepseek-r1-14b,proteome_discoverer,constrained_v3,3,19.85
FragmentIon,"","",0,TRUE,TRUE,FALSE,0,TRUE,1,deepseek-r1-14b,proteome_discoverer,constrained_v3,3,19.85
ProductCharge,"","",0,TRUE,TRUE,FALSE,0,TRUE,1,deepseek-r1-14b,proteome_discoverer,constrained_v3,3,19.85
Run,Spectrum.File,Spectrum.File,1,TRUE,TRUE,FALSE,0.92,TRUE,1,deepseek-r1-14b,proteome_discoverer,constrained_v3,3,19.85
Intensity,Intensity,Precursor.Area,3,FALSE,TRUE,FALSE,0.98,TRUE,1,deepseek-r1-14b,proteome_discoverer,constrained_v3,3,19.85
Qvalue,"","",0,TRUE,TRUE,FALSE,0,TRUE,1,deepseek-r1-14b,proteome_discoverer,constrained_v3,3,19.85
ProteinName,Protein.Group.Accessions,Protein.Group.Accessions,1,TRUE,TRUE,FALSE,0.98,TRUE,1,deepseek-r1-14b,proteome_discoverer,constrained_filter_v3,1,30.22
PeptideSequence,Sequence,Sequence,1,TRUE,TRUE,FALSE,0.98,TRUE,1,deepseek-r1-14b,proteome_discoverer,constrained_filter_v3,1,30.22
PrecursorCharge,Charge,Charge,1,TRUE,TRUE,FALSE,0.98,TRUE,1,deepseek-r1-14b,proteome_discoverer,constrained_filter_v3,1,30.22
FragmentIon,"","",0,TRUE,TRUE,FALSE,0,TRUE,1,deepseek-r1-14b,proteome_discoverer,constrained_filter_v3,1,30.22
ProductCharge,"","",0,TRUE,TRUE,FALSE,0,TRUE,1,deepseek-r1-14b,proteome_discoverer,constrained_filter_v3,1,30.22
Run,Spectrum.File,Spectrum.File,1,TRUE,TRUE,FALSE,0.98,TRUE,1,deepseek-r1-14b,proteome_discoverer,constrained_filter_v3,1,30.22
Intensity,Intensity,Precursor.Area,3,FALSE,TRUE,FALSE,0.98,TRUE,1,deepseek-r1-14b,proteome_discoverer,constrained_filter_v3,1,30.22
Qvalue,"","",0,TRUE,TRUE,FALSE,0,TRUE,1,deepseek-r1-14b,proteome_discoverer,constrained_filter_v3,1,30.22
ProteinName,Protein.Group.Accessions,Protein.Group.Accessions,1,TRUE,TRUE,FALSE,0.98,TRUE,1,deepseek-r1-14b,proteome_discoverer,constrained_filter_v3,2,31.39
PeptideSequence,Sequence,Sequence,1,TRUE,TRUE,FALSE,0.98,TRUE,1,deepseek-r1-14b,proteome_discoverer,constrained_filter_v3,2,31.39
PrecursorCharge,Charge,Charge,1,TRUE,TRUE,FALSE,0.98,TRUE,1,deepseek-r1-14b,proteome_discoverer,constrained_filter_v3,2,31.39
FragmentIon,"","",0,TRUE,TRUE,FALSE,0,TRUE,1,deepseek-r1-14b,proteome_discoverer,constrained_filter_v3,2,31.39
ProductCharge,"","",0,TRUE,TRUE,FALSE,0,TRUE,1,deepseek-r1-14b,proteome_discoverer,constrained_filter_v3,2,31.39
Run,Spectrum.File,Spectrum.File,1,TRUE,TRUE,FALSE,0.98,TRUE,1,deepseek-r1-14b,proteome_discoverer,constrained_filter_v3,2,31.39
Intensity,Intensity,Precursor.Area,3,FALSE,TRUE,FALSE,0.98,TRUE,1,deepseek-r1-14b,proteome_discoverer,constrained_filter_v3,2,31.39
Qvalue,"","",0,TRUE,TRUE,FALSE,0,TRUE,1,deepseek-r1-14b,proteome_discoverer,constrained_filter_v3,2,31.39
ProteinName,Protein.Group.Accessions,Protein.Group.Accessions,1,TRUE,TRUE,FALSE,0.98,TRUE,1,deepseek-r1-14b,proteome_discoverer,constrained_filter_v3,3,30.83
PeptideSequence,Sequence,Sequence,1,TRUE,TRUE,FALSE,0.98,TRUE,1,deepseek-r1-14b,proteome_discoverer,constrained_filter_v3,3,30.83
PrecursorCharge,Charge,Charge,1,TRUE,TRUE,FALSE,0.98,TRUE,1,deepseek-r1-14b,proteome_discoverer,constrained_filter_v3,3,30.83
FragmentIon,"","",0,TRUE,TRUE,FALSE,0,TRUE,1,deepseek-r1-14b,proteome_discoverer,constrained_filter_v3,3,30.83
ProductCharge,"","",0,TRUE,TRUE,FALSE,0,TRUE,1,deepseek-r1-14b,proteome_discoverer,constrained_filter_v3,3,30.83
Run,Spectrum.File,Spectrum.File,1,TRUE,TRUE,FALSE,0.98,TRUE,1,deepseek-r1-14b,proteome_discoverer,constrained_filter_v3,3,30.83
Intensity,Intensity,Precursor.Area,3,FALSE,TRUE,FALSE,0.98,TRUE,1,deepseek-r1-14b,proteome_discoverer,constrained_filter_v3,3,30.83
Qvalue,"","",0,TRUE,TRUE,FALSE,0,TRUE,1,deepseek-r1-14b,proteome_discoverer,constrained_filter_v3,3,30.83
ProteinName,Protein.Group,Protein.Group,1,TRUE,TRUE,FALSE,1,TRUE,1,deepseek-r1-14b,metamorpheus,lean,1,18.51
PeptideSequence,Base.Sequence,Full.Sequence,1,FALSE,FALSE,FALSE,0.9,TRUE,1,deepseek-r1-14b,metamorpheus,lean,1,18.51
PrecursorCharge,Precursor.Charge,Precursor.Charge,1,TRUE,TRUE,FALSE,1,TRUE,1,deepseek-r1-14b,metamorpheus,lean,1,18.51
FragmentIon,"","",0,TRUE,TRUE,FALSE,0,TRUE,1,deepseek-r1-14b,metamorpheus,lean,1,18.51
ProductCharge,"","",0,TRUE,TRUE,FALSE,0,TRUE,1,deepseek-r1-14b,metamorpheus,lean,1,18.51
Run,File.Name,File.Name,1,TRUE,TRUE,FALSE,1,TRUE,1,deepseek-r1-14b,metamorpheus,lean,1,18.51
Intensity,Peak.intensity,Peak.intensity,1,TRUE,TRUE,FALSE,1,TRUE,1,deepseek-r1-14b,metamorpheus,lean,1,18.51
Qvalue,PIP.Q.Value,PIP.Q.Value,1,TRUE,TRUE,FALSE,0.8,TRUE,1,deepseek-r1-14b,metamorpheus,lean,1,18.51
ProteinName,Protein.Group,Protein.Group,1,TRUE,TRUE,FALSE,1,TRUE,1,deepseek-r1-14b,metamorpheus,lean,2,14.64
PeptideSequence,Base.Sequence,Full.Sequence,1,FALSE,FALSE,FALSE,0.9,TRUE,1,deepseek-r1-14b,metamorpheus,lean,2,14.64
PrecursorCharge,Precursor.Charge,Precursor.Charge,1,TRUE,TRUE,FALSE,1,TRUE,1,deepseek-r1-14b,metamorpheus,lean,2,14.64
FragmentIon,"","",0,TRUE,TRUE,FALSE,0,TRUE,1,deepseek-r1-14b,metamorpheus,lean,2,14.64
ProductCharge,"","",0,TRUE,TRUE,FALSE,0,TRUE,1,deepseek-r1-14b,metamorpheus,lean,2,14.64
Run,File.Name,File.Name,1,TRUE,TRUE,FALSE,1,TRUE,1,deepseek-r1-14b,metamorpheus,lean,2,14.64
Intensity,Peak.intensity,Peak.intensity,1,TRUE,TRUE,FALSE,1,TRUE,1,deepseek-r1-14b,metamorpheus,lean,2,14.64
Qvalue,PIP.Q.Value,PIP.Q.Value,1,TRUE,TRUE,FALSE,0.8,TRUE,1,deepseek-r1-14b,metamorpheus,lean,2,14.64
ProteinName,Protein.Group,Protein.Group,1,TRUE,TRUE,FALSE,1,TRUE,1,deepseek-r1-14b,metamorpheus,lean,3,14.03
PeptideSequence,Base.Sequence,Full.Sequence,1,FALSE,FALSE,FALSE,0.9,TRUE,1,deepseek-r1-14b,metamorpheus,lean,3,14.03
PrecursorCharge,Precursor.Charge,Precursor.Charge,1,TRUE,TRUE,FALSE,1,TRUE,1,deepseek-r1-14b,metamorpheus,lean,3,14.03
FragmentIon,"","",0,TRUE,TRUE,FALSE,0,TRUE,1,deepseek-r1-14b,metamorpheus,lean,3,14.03
ProductCharge,"","",0,TRUE,TRUE,FALSE,0,TRUE,1,deepseek-r1-14b,metamorpheus,lean,3,14.03
Run,File.Name,File.Name,1,TRUE,TRUE,FALSE,1,TRUE,1,deepseek-r1-14b,metamorpheus,lean,3,14.03
Intensity,Peak.intensity,Peak.intensity,1,TRUE,TRUE,FALSE,1,TRUE,1,deepseek-r1-14b,metamorpheus,lean,3,14.03
Qvalue,PIP.Q.Value,PIP.Q.Value,1,TRUE,TRUE,FALSE,0.8,TRUE,1,deepseek-r1-14b,metamorpheus,lean,3,14.03
ProteinName,Protein.Group,Protein.Group,1,TRUE,TRUE,FALSE,0.98,TRUE,1,deepseek-r1-14b,metamorpheus,constrained,1,16.59
PeptideSequence,Base.Sequence,Full.Sequence,1,FALSE,FALSE,FALSE,0.98,TRUE,1,deepseek-r1-14b,metamorpheus,constrained,1,16.59
PrecursorCharge,Precursor.Charge,Precursor.Charge,1,TRUE,TRUE,FALSE,0.98,TRUE,1,deepseek-r1-14b,metamorpheus,constrained,1,16.59
FragmentIon,"","",0,TRUE,TRUE,FALSE,0,TRUE,1,deepseek-r1-14b,metamorpheus,constrained,1,16.59
ProductCharge,"","",0,TRUE,TRUE,FALSE,0,TRUE,1,deepseek-r1-14b,metamorpheus,constrained,1,16.59
Run,File.Name,File.Name,1,TRUE,TRUE,FALSE,0.98,TRUE,1,deepseek-r1-14b,metamorpheus,constrained,1,16.59
Intensity,Peak.intensity,Peak.intensity,1,TRUE,TRUE,FALSE,0.98,TRUE,1,deepseek-r1-14b,metamorpheus,constrained,1,16.59
Qvalue,PIP.Q.Value,PIP.Q.Value,1,TRUE,TRUE,FALSE,0.98,TRUE,1,deepseek-r1-14b,metamorpheus,constrained,1,16.59
ProteinName,Protein.Group,Protein.Group,1,TRUE,TRUE,FALSE,0.98,TRUE,1,deepseek-r1-14b,metamorpheus,constrained,2,14.87
PeptideSequence,Base.Sequence,Full.Sequence,1,FALSE,FALSE,FALSE,0.98,TRUE,1,deepseek-r1-14b,metamorpheus,constrained,2,14.87
PrecursorCharge,Precursor.Charge,Precursor.Charge,1,TRUE,TRUE,FALSE,0.98,TRUE,1,deepseek-r1-14b,metamorpheus,constrained,2,14.87
FragmentIon,"","",0,TRUE,TRUE,FALSE,0,TRUE,1,deepseek-r1-14b,metamorpheus,constrained,2,14.87
ProductCharge,"","",0,TRUE,TRUE,FALSE,0,TRUE,1,deepseek-r1-14b,metamorpheus,constrained,2,14.87
Run,File.Name,File.Name,1,TRUE,TRUE,FALSE,0.98,TRUE,1,deepseek-r1-14b,metamorpheus,constrained,2,14.87
Intensity,Peak.intensity,Peak.intensity,1,TRUE,TRUE,FALSE,0.98,TRUE,1,deepseek-r1-14b,metamorpheus,constrained,2,14.87
Qvalue,PIP.Q.Value,PIP.Q.Value,1,TRUE,TRUE,FALSE,0.98,TRUE,1,deepseek-r1-14b,metamorpheus,constrained,2,14.87
ProteinName,Protein.Group,Protein.Group,1,TRUE,TRUE,FALSE,0.98,TRUE,1,deepseek-r1-14b,metamorpheus,constrained,3,15.12
PeptideSequence,Base.Sequence,Full.Sequence,1,FALSE,FALSE,FALSE,0.98,TRUE,1,deepseek-r1-14b,metamorpheus,constrained,3,15.12
PrecursorCharge,Precursor.Charge,Precursor.Charge,1,TRUE,TRUE,FALSE,0.98,TRUE,1,deepseek-r1-14b,metamorpheus,constrained,3,15.12
FragmentIon,"","",0,TRUE,TRUE,FALSE,0,TRUE,1,deepseek-r1-14b,metamorpheus,constrained,3,15.12
ProductCharge,"","",0,TRUE,TRUE,FALSE,0,TRUE,1,deepseek-r1-14b,metamorpheus,constrained,3,15.12
Run,File.Name,File.Name,1,TRUE,TRUE,FALSE,0.98,TRUE,1,deepseek-r1-14b,metamorpheus,constrained,3,15.12
Intensity,Peak.intensity,Peak.intensity,1,TRUE,TRUE,FALSE,0.98,TRUE,1,deepseek-r1-14b,metamorpheus,constrained,3,15.12
Qvalue,PIP.Q.Value,PIP.Q.Value,1,TRUE,TRUE,FALSE,0.98,TRUE,1,deepseek-r1-14b,metamorpheus,constrained,3,15.12
ProteinName,Protein.Group,Protein.Group,1,TRUE,TRUE,FALSE,0.95,TRUE,1,deepseek-r1-14b,metamorpheus,filter_aware,1,27.16
PeptideSequence,Base.Sequence,Full.Sequence,1,FALSE,FALSE,FALSE,0.95,TRUE,1,deepseek-r1-14b,metamorpheus,filter_aware,1,27.16
PrecursorCharge,Precursor.Charge,Precursor.Charge,1,TRUE,TRUE,FALSE,0.95,TRUE,1,deepseek-r1-14b,metamorpheus,filter_aware,1,27.16
FragmentIon,"","",0,TRUE,TRUE,FALSE,0,TRUE,1,deepseek-r1-14b,metamorpheus,filter_aware,1,27.16
ProductCharge,"","",0,TRUE,TRUE,FALSE,0,TRUE,1,deepseek-r1-14b,metamorpheus,filter_aware,1,27.16
Run,File.Name,File.Name,1,TRUE,TRUE,FALSE,0.95,TRUE,1,deepseek-r1-14b,metamorpheus,filter_aware,1,27.16
Intensity,Peak.intensity,Peak.intensity,1,TRUE,TRUE,FALSE,0.95,TRUE,1,deepseek-r1-14b,metamorpheus,filter_aware,1,27.16
Qvalue,PIP.Q.Value,PIP.Q.Value,1,TRUE,TRUE,FALSE,0.8,TRUE,1,deepseek-r1-14b,metamorpheus,filter_aware,1,27.16
ProteinName,Protein.Group,Protein.Group,1,TRUE,TRUE,FALSE,0.95,TRUE,1,deepseek-r1-14b,metamorpheus,filter_aware,2,25.71
PeptideSequence,Base.Sequence,Full.Sequence,1,FALSE,FALSE,FALSE,0.95,TRUE,1,deepseek-r1-14b,metamorpheus,filter_aware,2,25.71
PrecursorCharge,Precursor.Charge,Precursor.Charge,1,TRUE,TRUE,FALSE,0.95,TRUE,1,deepseek-r1-14b,metamorpheus,filter_aware,2,25.71
FragmentIon,"","",0,TRUE,TRUE,FALSE,0,TRUE,1,deepseek-r1-14b,metamorpheus,filter_aware,2,25.71
ProductCharge,"","",0,TRUE,TRUE,FALSE,0,TRUE,1,deepseek-r1-14b,metamorpheus,filter_aware,2,25.71
Run,File.Name,File.Name,1,TRUE,TRUE,FALSE,0.95,TRUE,1,deepseek-r1-14b,metamorpheus,filter_aware,2,25.71
Intensity,Peak.intensity,Peak.intensity,1,TRUE,TRUE,FALSE,0.95,TRUE,1,deepseek-r1-14b,metamorpheus,filter_aware,2,25.71
Qvalue,PIP.Q.Value,PIP.Q.Value,1,TRUE,TRUE,FALSE,0.8,TRUE,1,deepseek-r1-14b,metamorpheus,filter_aware,2,25.71
ProteinName,Protein.Group,Protein.Group,1,TRUE,TRUE,FALSE,0.95,TRUE,1,deepseek-r1-14b,metamorpheus,filter_aware,3,27.76
PeptideSequence,Base.Sequence,Full.Sequence,1,FALSE,FALSE,FALSE,0.95,TRUE,1,deepseek-r1-14b,metamorpheus,filter_aware,3,27.76
PrecursorCharge,Precursor.Charge,Precursor.Charge,1,TRUE,TRUE,FALSE,0.95,TRUE,1,deepseek-r1-14b,metamorpheus,filter_aware,3,27.76
FragmentIon,"","",0,TRUE,TRUE,FALSE,0,TRUE,1,deepseek-r1-14b,metamorpheus,filter_aware,3,27.76
ProductCharge,"","",0,TRUE,TRUE,FALSE,0,TRUE,1,deepseek-r1-14b,metamorpheus,filter_aware,3,27.76
Run,File.Name,File.Name,1,TRUE,TRUE,FALSE,0.95,TRUE,1,deepseek-r1-14b,metamorpheus,filter_aware,3,27.76
Intensity,Peak.intensity,Peak.intensity,1,TRUE,TRUE,FALSE,0.95,TRUE,1,deepseek-r1-14b,metamorpheus,filter_aware,3,27.76
Qvalue,PIP.Q.Value,PIP.Q.Value,1,TRUE,TRUE,FALSE,0.8,TRUE,1,deepseek-r1-14b,metamorpheus,filter_aware,3,27.76
ProteinName,Protein.Group,Protein.Group,1,TRUE,TRUE,FALSE,0.98,TRUE,1,deepseek-r1-14b,metamorpheus,constrained_filter,1,25.29
PeptideSequence,Base.Sequence,Full.Sequence,1,FALSE,FALSE,FALSE,0.98,TRUE,1,deepseek-r1-14b,metamorpheus,constrained_filter,1,25.29
PrecursorCharge,Precursor.Charge,Precursor.Charge,1,TRUE,TRUE,FALSE,0.98,TRUE,1,deepseek-r1-14b,metamorpheus,constrained_filter,1,25.29
FragmentIon,"","",0,TRUE,TRUE,FALSE,0,TRUE,1,deepseek-r1-14b,metamorpheus,constrained_filter,1,25.29
ProductCharge,"","",0,TRUE,TRUE,FALSE,0,TRUE,1,deepseek-r1-14b,metamorpheus,constrained_filter,1,25.29
Run,File.Name,File.Name,1,TRUE,TRUE,FALSE,0.98,TRUE,1,deepseek-r1-14b,metamorpheus,constrained_filter,1,25.29
Intensity,Peak.intensity,Peak.intensity,1,TRUE,TRUE,FALSE,0.98,TRUE,1,deepseek-r1-14b,metamorpheus,constrained_filter,1,25.29
Qvalue,PIP.Q.Value,PIP.Q.Value,1,TRUE,TRUE,FALSE,0.98,TRUE,1,deepseek-r1-14b,metamorpheus,constrained_filter,1,25.29
ProteinName,Protein.Group,Protein.Group,1,TRUE,TRUE,FALSE,0.98,TRUE,1,deepseek-r1-14b,metamorpheus,constrained_filter,2,25.79
PeptideSequence,Base.Sequence,Full.Sequence,1,FALSE,FALSE,FALSE,0.98,TRUE,1,deepseek-r1-14b,metamorpheus,constrained_filter,2,25.79
PrecursorCharge,Precursor.Charge,Precursor.Charge,1,TRUE,TRUE,FALSE,0.98,TRUE,1,deepseek-r1-14b,metamorpheus,constrained_filter,2,25.79
FragmentIon,"","",0,TRUE,TRUE,FALSE,0,TRUE,1,deepseek-r1-14b,metamorpheus,constrained_filter,2,25.79
ProductCharge,"","",0,TRUE,TRUE,FALSE,0,TRUE,1,deepseek-r1-14b,metamorpheus,constrained_filter,2,25.79
Run,File.Name,File.Name,1,TRUE,TRUE,FALSE,0.98,TRUE,1,deepseek-r1-14b,metamorpheus,constrained_filter,2,25.79
Intensity,Peak.intensity,Peak.intensity,1,TRUE,TRUE,FALSE,0.98,TRUE,1,deepseek-r1-14b,metamorpheus,constrained_filter,2,25.79
Qvalue,PIP.Q.Value,PIP.Q.Value,1,TRUE,TRUE,FALSE,0.98,TRUE,1,deepseek-r1-14b,metamorpheus,constrained_filter,2,25.79
ProteinName,Protein.Group,Protein.Group,1,TRUE,TRUE,FALSE,0.98,TRUE,1,deepseek-r1-14b,metamorpheus,constrained_filter,3,24.27
PeptideSequence,Base.Sequence,Full.Sequence,1,FALSE,FALSE,FALSE,0.98,TRUE,1,deepseek-r1-14b,metamorpheus,constrained_filter,3,24.27
PrecursorCharge,Precursor.Charge,Precursor.Charge,1,TRUE,TRUE,FALSE,0.98,TRUE,1,deepseek-r1-14b,metamorpheus,constrained_filter,3,24.27
FragmentIon,"","",0,TRUE,TRUE,FALSE,0,TRUE,1,deepseek-r1-14b,metamorpheus,constrained_filter,3,24.27
ProductCharge,"","",0,TRUE,TRUE,FALSE,0,TRUE,1,deepseek-r1-14b,metamorpheus,constrained_filter,3,24.27
Run,File.Name,File.Name,1,TRUE,TRUE,FALSE,0.98,TRUE,1,deepseek-r1-14b,metamorpheus,constrained_filter,3,24.27
Intensity,Peak.intensity,Peak.intensity,1,TRUE,TRUE,FALSE,0.98,TRUE,1,deepseek-r1-14b,metamorpheus,constrained_filter,3,24.27
Qvalue,PIP.Q.Value,PIP.Q.Value,1,TRUE,TRUE,FALSE,0.98,TRUE,1,deepseek-r1-14b,metamorpheus,constrained_filter,3,24.27
ProteinName,Protein.Group,Protein.Group,1,TRUE,TRUE,FALSE,0.98,TRUE,1,deepseek-r1-14b,metamorpheus,constrained_v2,1,17.04
PeptideSequence,Full.Sequence,Full.Sequence,1,TRUE,TRUE,FALSE,0.98,TRUE,1,deepseek-r1-14b,metamorpheus,constrained_v2,1,17.04
PrecursorCharge,Precursor.Charge,Precursor.Charge,1,TRUE,TRUE,FALSE,0.98,TRUE,1,deepseek-r1-14b,metamorpheus,constrained_v2,1,17.04
FragmentIon,"","",0,TRUE,TRUE,FALSE,0,TRUE,1,deepseek-r1-14b,metamorpheus,constrained_v2,1,17.04
ProductCharge,"","",0,TRUE,TRUE,FALSE,0,TRUE,1,deepseek-r1-14b,metamorpheus,constrained_v2,1,17.04
Run,File.Name,File.Name,1,TRUE,TRUE,FALSE,0.98,TRUE,1,deepseek-r1-14b,metamorpheus,constrained_v2,1,17.04
Intensity,Peak.intensity,Peak.intensity,1,TRUE,TRUE,FALSE,0.98,TRUE,1,deepseek-r1-14b,metamorpheus,constrained_v2,1,17.04
Qvalue,PIP.Q.Value,PIP.Q.Value,1,TRUE,TRUE,FALSE,0.98,TRUE,1,deepseek-r1-14b,metamorpheus,constrained_v2,1,17.04
ProteinName,Protein.Group,Protein.Group,1,TRUE,TRUE,FALSE,0.98,TRUE,1,deepseek-r1-14b,metamorpheus,constrained_v2,2,17.25
PeptideSequence,Full.Sequence,Full.Sequence,1,TRUE,TRUE,FALSE,0.98,TRUE,1,deepseek-r1-14b,metamorpheus,constrained_v2,2,17.25
PrecursorCharge,Precursor.Charge,Precursor.Charge,1,TRUE,TRUE,FALSE,0.98,TRUE,1,deepseek-r1-14b,metamorpheus,constrained_v2,2,17.25
FragmentIon,"","",0,TRUE,TRUE,FALSE,0,TRUE,1,deepseek-r1-14b,metamorpheus,constrained_v2,2,17.25
ProductCharge,"","",0,TRUE,TRUE,FALSE,0,TRUE,1,deepseek-r1-14b,metamorpheus,constrained_v2,2,17.25
Run,File.Name,File.Name,1,TRUE,TRUE,FALSE,0.98,TRUE,1,deepseek-r1-14b,metamorpheus,constrained_v2,2,17.25
Intensity,Peak.intensity,Peak.intensity,1,TRUE,TRUE,FALSE,0.98,TRUE,1,deepseek-r1-14b,metamorpheus,constrained_v2,2,17.25
Qvalue,PIP.Q.Value,PIP.Q.Value,1,TRUE,TRUE,FALSE,0.98,TRUE,1,deepseek-r1-14b,metamorpheus,constrained_v2,2,17.25
ProteinName,Protein.Group,Protein.Group,1,TRUE,TRUE,FALSE,0.98,TRUE,1,deepseek-r1-14b,metamorpheus,constrained_v2,3,17.35
PeptideSequence,Full.Sequence,Full.Sequence,1,TRUE,TRUE,FALSE,0.98,TRUE,1,deepseek-r1-14b,metamorpheus,constrained_v2,3,17.35
PrecursorCharge,Precursor.Charge,Precursor.Charge,1,TRUE,TRUE,FALSE,0.98,TRUE,1,deepseek-r1-14b,metamorpheus,constrained_v2,3,17.35
FragmentIon,"","",0,TRUE,TRUE,FALSE,0,TRUE,1,deepseek-r1-14b,metamorpheus,constrained_v2,3,17.35
ProductCharge,"","",0,TRUE,TRUE,FALSE,0,TRUE,1,deepseek-r1-14b,metamorpheus,constrained_v2,3,17.35
Run,File.Name,File.Name,1,TRUE,TRUE,FALSE,0.98,TRUE,1,deepseek-r1-14b,metamorpheus,constrained_v2,3,17.35
Intensity,Peak.intensity,Peak.intensity,1,TRUE,TRUE,FALSE,0.98,TRUE,1,deepseek-r1-14b,metamorpheus,constrained_v2,3,17.35
Qvalue,PIP.Q.Value,PIP.Q.Value,1,TRUE,TRUE,FALSE,0.98,TRUE,1,deepseek-r1-14b,metamorpheus,constrained_v2,3,17.35
ProteinName,Protein.Group,Protein.Group,1,TRUE,TRUE,FALSE,0.98,TRUE,1,deepseek-r1-14b,metamorpheus,constrained_filter_v2,1,22.09
PeptideSequence,Full.Sequence,Full.Sequence,1,TRUE,TRUE,FALSE,0.98,TRUE,1,deepseek-r1-14b,metamorpheus,constrained_filter_v2,1,22.09
PrecursorCharge,Precursor.Charge,Precursor.Charge,1,TRUE,TRUE,FALSE,0.98,TRUE,1,deepseek-r1-14b,metamorpheus,constrained_filter_v2,1,22.09
FragmentIon,"","",0,TRUE,TRUE,FALSE,0,TRUE,1,deepseek-r1-14b,metamorpheus,constrained_filter_v2,1,22.09
ProductCharge,"","",0,TRUE,TRUE,FALSE,0,TRUE,1,deepseek-r1-14b,metamorpheus,constrained_filter_v2,1,22.09
Run,File.Name,File.Name,1,TRUE,TRUE,FALSE,0.98,TRUE,1,deepseek-r1-14b,metamorpheus,constrained_filter_v2,1,22.09
Intensity,Peak.intensity,Peak.intensity,1,TRUE,TRUE,FALSE,0.98,TRUE,1,deepseek-r1-14b,metamorpheus,constrained_filter_v2,1,22.09
Qvalue,PIP.Q.Value,PIP.Q.Value,1,TRUE,TRUE,FALSE,0.98,TRUE,1,deepseek-r1-14b,metamorpheus,constrained_filter_v2,1,22.09
ProteinName,Protein.Group,Protein.Group,1,TRUE,TRUE,FALSE,0.98,TRUE,1,deepseek-r1-14b,metamorpheus,constrained_filter_v2,2,22.45
PeptideSequence,Full.Sequence,Full.Sequence,1,TRUE,TRUE,FALSE,0.98,TRUE,1,deepseek-r1-14b,metamorpheus,constrained_filter_v2,2,22.45
PrecursorCharge,Precursor.Charge,Precursor.Charge,1,TRUE,TRUE,FALSE,0.98,TRUE,1,deepseek-r1-14b,metamorpheus,constrained_filter_v2,2,22.45
FragmentIon,"","",0,TRUE,TRUE,FALSE,0,TRUE,1,deepseek-r1-14b,metamorpheus,constrained_filter_v2,2,22.45
ProductCharge,"","",0,TRUE,TRUE,FALSE,0,TRUE,1,deepseek-r1-14b,metamorpheus,constrained_filter_v2,2,22.45
Run,File.Name,File.Name,1,TRUE,TRUE,FALSE,0.98,TRUE,1,deepseek-r1-14b,metamorpheus,constrained_filter_v2,2,22.45
Intensity,Peak.intensity,Peak.intensity,1,TRUE,TRUE,FALSE,0.98,TRUE,1,deepseek-r1-14b,metamorpheus,constrained_filter_v2,2,22.45
Qvalue,PIP.Q.Value,PIP.Q.Value,1,TRUE,TRUE,FALSE,0.98,TRUE,1,deepseek-r1-14b,metamorpheus,constrained_filter_v2,2,22.45
ProteinName,Protein.Group,Protein.Group,1,TRUE,TRUE,FALSE,0.98,TRUE,1,deepseek-r1-14b,metamorpheus,constrained_filter_v2,3,23.86
PeptideSequence,Full.Sequence,Full.Sequence,1,TRUE,TRUE,FALSE,0.98,TRUE,1,deepseek-r1-14b,metamorpheus,constrained_filter_v2,3,23.86
PrecursorCharge,Precursor.Charge,Precursor.Charge,1,TRUE,TRUE,FALSE,0.98,TRUE,1,deepseek-r1-14b,metamorpheus,constrained_filter_v2,3,23.86
FragmentIon,"","",0,TRUE,TRUE,FALSE,0,TRUE,1,deepseek-r1-14b,metamorpheus,constrained_filter_v2,3,23.86
ProductCharge,"","",0,TRUE,TRUE,FALSE,0,TRUE,1,deepseek-r1-14b,metamorpheus,constrained_filter_v2,3,23.86
Run,File.Name,File.Name,1,TRUE,TRUE,FALSE,0.98,TRUE,1,deepseek-r1-14b,metamorpheus,constrained_filter_v2,3,23.86
Intensity,Peak.intensity,Peak.intensity,1,TRUE,TRUE,FALSE,0.98,TRUE,1,deepseek-r1-14b,metamorpheus,constrained_filter_v2,3,23.86
Qvalue,PIP.Q.Value,PIP.Q.Value,1,TRUE,TRUE,FALSE,0.98,TRUE,1,deepseek-r1-14b,metamorpheus,constrained_filter_v2,3,23.86
ProteinName,Protein.Group,Protein.Group,1,TRUE,TRUE,FALSE,0.98,TRUE,1,deepseek-r1-14b,metamorpheus,constrained_v3,1,19.82
PeptideSequence,Full.Sequence,Full.Sequence,1,TRUE,TRUE,FALSE,0.92,TRUE,1,deepseek-r1-14b,metamorpheus,constrained_v3,1,19.82
PrecursorCharge,Precursor.Charge,Precursor.Charge,1,TRUE,TRUE,FALSE,0.98,TRUE,1,deepseek-r1-14b,metamorpheus,constrained_v3,1,19.82
FragmentIon,"","",0,TRUE,TRUE,FALSE,0,TRUE,1,deepseek-r1-14b,metamorpheus,constrained_v3,1,19.82
ProductCharge,"","",0,TRUE,TRUE,FALSE,0,TRUE,1,deepseek-r1-14b,metamorpheus,constrained_v3,1,19.82
Run,File.Name,File.Name,1,TRUE,TRUE,FALSE,0.8,TRUE,1,deepseek-r1-14b,metamorpheus,constrained_v3,1,19.82
Intensity,Peak.intensity,Peak.intensity,1,TRUE,TRUE,FALSE,0.92,TRUE,1,deepseek-r1-14b,metamorpheus,constrained_v3,1,19.82
Qvalue,PIP.Q.Value,PIP.Q.Value,1,TRUE,TRUE,FALSE,0.98,TRUE,1,deepseek-r1-14b,metamorpheus,constrained_v3,1,19.82
ProteinName,Protein.Group,Protein.Group,1,TRUE,TRUE,FALSE,0.98,TRUE,1,deepseek-r1-14b,metamorpheus,constrained_v3,2,18.67
PeptideSequence,Full.Sequence,Full.Sequence,1,TRUE,TRUE,FALSE,0.92,TRUE,1,deepseek-r1-14b,metamorpheus,constrained_v3,2,18.67
PrecursorCharge,Precursor.Charge,Precursor.Charge,1,TRUE,TRUE,FALSE,0.98,TRUE,1,deepseek-r1-14b,metamorpheus,constrained_v3,2,18.67
FragmentIon,"","",0,TRUE,TRUE,FALSE,0,TRUE,1,deepseek-r1-14b,metamorpheus,constrained_v3,2,18.67
ProductCharge,"","",0,TRUE,TRUE,FALSE,0,TRUE,1,deepseek-r1-14b,metamorpheus,constrained_v3,2,18.67
Run,File.Name,File.Name,1,TRUE,TRUE,FALSE,0.8,TRUE,1,deepseek-r1-14b,metamorpheus,constrained_v3,2,18.67
Intensity,Peak.intensity,Peak.intensity,1,TRUE,TRUE,FALSE,0.92,TRUE,1,deepseek-r1-14b,metamorpheus,constrained_v3,2,18.67
Qvalue,PIP.Q.Value,PIP.Q.Value,1,TRUE,TRUE,FALSE,0.98,TRUE,1,deepseek-r1-14b,metamorpheus,constrained_v3,2,18.67
ProteinName,Protein.Group,Protein.Group,1,TRUE,TRUE,FALSE,0.98,TRUE,1,deepseek-r1-14b,metamorpheus,constrained_v3,3,19.57
PeptideSequence,Full.Sequence,Full.Sequence,1,TRUE,TRUE,FALSE,0.92,TRUE,1,deepseek-r1-14b,metamorpheus,constrained_v3,3,19.57
PrecursorCharge,Precursor.Charge,Precursor.Charge,1,TRUE,TRUE,FALSE,0.98,TRUE,1,deepseek-r1-14b,metamorpheus,constrained_v3,3,19.57
FragmentIon,"","",0,TRUE,TRUE,FALSE,0,TRUE,1,deepseek-r1-14b,metamorpheus,constrained_v3,3,19.57
ProductCharge,"","",0,TRUE,TRUE,FALSE,0,TRUE,1,deepseek-r1-14b,metamorpheus,constrained_v3,3,19.57
Run,File.Name,File.Name,1,TRUE,TRUE,FALSE,0.8,TRUE,1,deepseek-r1-14b,metamorpheus,constrained_v3,3,19.57
Intensity,Peak.intensity,Peak.intensity,1,TRUE,TRUE,FALSE,0.92,TRUE,1,deepseek-r1-14b,metamorpheus,constrained_v3,3,19.57
Qvalue,PIP.Q.Value,PIP.Q.Value,1,TRUE,TRUE,FALSE,0.98,TRUE,1,deepseek-r1-14b,metamorpheus,constrained_v3,3,19.57
ProteinName,Protein.Group,Protein.Group,1,TRUE,TRUE,FALSE,0.98,TRUE,1,deepseek-r1-14b,metamorpheus,constrained_filter_v3,1,23.9
PeptideSequence,Full.Sequence,Full.Sequence,1,TRUE,TRUE,FALSE,0.98,TRUE,1,deepseek-r1-14b,metamorpheus,constrained_filter_v3,1,23.9
PrecursorCharge,Precursor.Charge,Precursor.Charge,1,TRUE,TRUE,FALSE,0.98,TRUE,1,deepseek-r1-14b,metamorpheus,constrained_filter_v3,1,23.9
FragmentIon,"","",0,TRUE,TRUE,FALSE,0,TRUE,1,deepseek-r1-14b,metamorpheus,constrained_filter_v3,1,23.9
ProductCharge,"","",0,TRUE,TRUE,FALSE,0,TRUE,1,deepseek-r1-14b,metamorpheus,constrained_filter_v3,1,23.9
Run,File.Name,File.Name,1,TRUE,TRUE,FALSE,0.98,TRUE,1,deepseek-r1-14b,metamorpheus,constrained_filter_v3,1,23.9
Intensity,Peak.intensity,Peak.intensity,1,TRUE,TRUE,FALSE,0.98,TRUE,1,deepseek-r1-14b,metamorpheus,constrained_filter_v3,1,23.9
Qvalue,PIP.Q.Value,PIP.Q.Value,1,TRUE,TRUE,FALSE,0.98,TRUE,1,deepseek-r1-14b,metamorpheus,constrained_filter_v3,1,23.9
ProteinName,Protein.Group,Protein.Group,1,TRUE,TRUE,FALSE,0.98,TRUE,1,deepseek-r1-14b,metamorpheus,constrained_filter_v3,2,24.88
PeptideSequence,Full.Sequence,Full.Sequence,1,TRUE,TRUE,FALSE,0.98,TRUE,1,deepseek-r1-14b,metamorpheus,constrained_filter_v3,2,24.88
PrecursorCharge,Precursor.Charge,Precursor.Charge,1,TRUE,TRUE,FALSE,0.98,TRUE,1,deepseek-r1-14b,metamorpheus,constrained_filter_v3,2,24.88
FragmentIon,"","",0,TRUE,TRUE,FALSE,0,TRUE,1,deepseek-r1-14b,metamorpheus,constrained_filter_v3,2,24.88
ProductCharge,"","",0,TRUE,TRUE,FALSE,0,TRUE,1,deepseek-r1-14b,metamorpheus,constrained_filter_v3,2,24.88
Run,File.Name,File.Name,1,TRUE,TRUE,FALSE,0.98,TRUE,1,deepseek-r1-14b,metamorpheus,constrained_filter_v3,2,24.88
Intensity,Peak.intensity,Peak.intensity,1,TRUE,TRUE,FALSE,0.98,TRUE,1,deepseek-r1-14b,metamorpheus,constrained_filter_v3,2,24.88
Qvalue,PIP.Q.Value,PIP.Q.Value,1,TRUE,TRUE,FALSE,0.98,TRUE,1,deepseek-r1-14b,metamorpheus,constrained_filter_v3,2,24.88
ProteinName,Protein.Group,Protein.Group,1,TRUE,TRUE,FALSE,0.98,TRUE,1,deepseek-r1-14b,metamorpheus,constrained_filter_v3,3,26.58
PeptideSequence,Full.Sequence,Full.Sequence,1,TRUE,TRUE,FALSE,0.98,TRUE,1,deepseek-r1-14b,metamorpheus,constrained_filter_v3,3,26.58
PrecursorCharge,Precursor.Charge,Precursor.Charge,1,TRUE,TRUE,FALSE,0.98,TRUE,1,deepseek-r1-14b,metamorpheus,constrained_filter_v3,3,26.58
FragmentIon,"","",0,TRUE,TRUE,FALSE,0,TRUE,1,deepseek-r1-14b,metamorpheus,constrained_filter_v3,3,26.58
ProductCharge,"","",0,TRUE,TRUE,FALSE,0,TRUE,1,deepseek-r1-14b,metamorpheus,constrained_filter_v3,3,26.58
Run,File.Name,File.Name,1,TRUE,TRUE,FALSE,0.98,TRUE,1,deepseek-r1-14b,metamorpheus,constrained_filter_v3,3,26.58
Intensity,Peak.intensity,Peak.intensity,1,TRUE,TRUE,FALSE,0.98,TRUE,1,deepseek-r1-14b,metamorpheus,constrained_filter_v3,3,26.58
Qvalue,PIP.Q.Value,PIP.Q.Value,1,TRUE,TRUE,FALSE,0.98,TRUE,1,deepseek-r1-14b,metamorpheus,constrained_filter_v3,3,26.58
ProteinName,PG.ProteinAccessions,PG.ProteinGroups,2,FALSE,TRUE,FALSE,1,TRUE,1,llama3.2-3b,spectronaut,lean,1,5.47
PeptideSequence,PEP.StrippedSequence,EG.ModifiedSequence,1,FALSE,FALSE,FALSE,1,TRUE,1,llama3.2-3b,spectronaut,lean,1,5.47
PrecursorCharge,FG.Charge,FG.Charge,1,TRUE,TRUE,FALSE,1,TRUE,1,llama3.2-3b,spectronaut,lean,1,5.47
FragmentIon,F.FrgIon,F.FrgIon,1,TRUE,TRUE,FALSE,1,TRUE,1,llama3.2-3b,spectronaut,lean,1,5.47
ProductCharge,FG.Charge,F.Charge,2,FALSE,FALSE,FALSE,1,TRUE,1,llama3.2-3b,spectronaut,lean,1,5.47
Run,R.FileName,R.FileName,1,TRUE,TRUE,FALSE,1,TRUE,1,llama3.2-3b,spectronaut,lean,1,5.47
Intensity,F.PeakArea,F.PeakArea,4,TRUE,TRUE,FALSE,1,TRUE,1,llama3.2-3b,spectronaut,lean,1,5.47
Qvalue,PG.Qvalue,EG.Qvalue,1,FALSE,FALSE,FALSE,1,TRUE,1,llama3.2-3b,spectronaut,lean,1,5.47
ProteinName,PG.ProteinAccessions,PG.ProteinGroups,2,FALSE,TRUE,FALSE,1,TRUE,1,llama3.2-3b,spectronaut,lean,2,5.48
PeptideSequence,PEP.StrippedSequence,EG.ModifiedSequence,1,FALSE,FALSE,FALSE,1,TRUE,1,llama3.2-3b,spectronaut,lean,2,5.48
PrecursorCharge,FG.Charge,FG.Charge,1,TRUE,TRUE,FALSE,1,TRUE,1,llama3.2-3b,spectronaut,lean,2,5.48
FragmentIon,F.FrgIon,F.FrgIon,1,TRUE,TRUE,FALSE,1,TRUE,1,llama3.2-3b,spectronaut,lean,2,5.48
ProductCharge,FG.Charge,F.Charge,2,FALSE,FALSE,FALSE,1,TRUE,1,llama3.2-3b,spectronaut,lean,2,5.48
Run,R.FileName,R.FileName,1,TRUE,TRUE,FALSE,1,TRUE,1,llama3.2-3b,spectronaut,lean,2,5.48
Intensity,F.PeakArea,F.PeakArea,4,TRUE,TRUE,FALSE,1,TRUE,1,llama3.2-3b,spectronaut,lean,2,5.48
Qvalue,PG.Qvalue,EG.Qvalue,1,FALSE,FALSE,FALSE,1,TRUE,1,llama3.2-3b,spectronaut,lean,2,5.48
ProteinName,PG.ProteinAccessions,PG.ProteinGroups,2,FALSE,TRUE,FALSE,1,TRUE,1,llama3.2-3b,spectronaut,lean,3,5.8
PeptideSequence,PEP.StrippedSequence,EG.ModifiedSequence,1,FALSE,FALSE,FALSE,1,TRUE,1,llama3.2-3b,spectronaut,lean,3,5.8
PrecursorCharge,FG.Charge,FG.Charge,1,TRUE,TRUE,FALSE,1,TRUE,1,llama3.2-3b,spectronaut,lean,3,5.8
FragmentIon,F.FrgIon,F.FrgIon,1,TRUE,TRUE,FALSE,1,TRUE,1,llama3.2-3b,spectronaut,lean,3,5.8
ProductCharge,FG.Charge,F.Charge,2,FALSE,FALSE,FALSE,1,TRUE,1,llama3.2-3b,spectronaut,lean,3,5.8
Run,R.FileName,R.FileName,1,TRUE,TRUE,FALSE,1,TRUE,1,llama3.2-3b,spectronaut,lean,3,5.8
Intensity,F.PeakArea,F.PeakArea,4,TRUE,TRUE,FALSE,1,TRUE,1,llama3.2-3b,spectronaut,lean,3,5.8
Qvalue,PG.Qvalue,EG.Qvalue,1,FALSE,FALSE,FALSE,1,TRUE,1,llama3.2-3b,spectronaut,lean,3,5.8
ProteinName,PG.ProteinAccessions,PG.ProteinGroups,2,FALSE,TRUE,FALSE,0.98,TRUE,1,llama3.2-3b,spectronaut,constrained,1,8.89
PeptideSequence,PEP.StrippedSequence,EG.ModifiedSequence,1,FALSE,FALSE,FALSE,0.98,TRUE,1,llama3.2-3b,spectronaut,constrained,1,8.89
PrecursorCharge,FG.Charge,FG.Charge,1,TRUE,TRUE,FALSE,0.98,TRUE,1,llama3.2-3b,spectronaut,constrained,1,8.89
FragmentIon,F.FrgIon,F.FrgIon,1,TRUE,TRUE,FALSE,0.92,TRUE,1,llama3.2-3b,spectronaut,constrained,1,8.89
ProductCharge,FG.Charge,F.Charge,2,FALSE,FALSE,FALSE,0.92,TRUE,1,llama3.2-3b,spectronaut,constrained,1,8.89
Run,R.FileName,R.FileName,1,TRUE,TRUE,FALSE,0.92,TRUE,1,llama3.2-3b,spectronaut,constrained,1,8.89
Intensity,F.NormalizedPeakArea,F.PeakArea,4,FALSE,TRUE,FALSE,0.92,TRUE,1,llama3.2-3b,spectronaut,constrained,1,8.89
Qvalue,PG.Qvalue,EG.Qvalue,1,FALSE,FALSE,FALSE,0.92,TRUE,1,llama3.2-3b,spectronaut,constrained,1,8.89
ProteinName,PG.ProteinAccessions,PG.ProteinGroups,2,FALSE,TRUE,FALSE,0.98,TRUE,1,llama3.2-3b,spectronaut,constrained,2,7.91
PeptideSequence,PEP.StrippedSequence,EG.ModifiedSequence,1,FALSE,FALSE,FALSE,0.98,TRUE,1,llama3.2-3b,spectronaut,constrained,2,7.91
PrecursorCharge,FG.Charge,FG.Charge,1,TRUE,TRUE,FALSE,0.98,TRUE,1,llama3.2-3b,spectronaut,constrained,2,7.91
FragmentIon,F.FrgIon,F.FrgIon,1,TRUE,TRUE,FALSE,0.92,TRUE,1,llama3.2-3b,spectronaut,constrained,2,7.91
ProductCharge,FG.Charge,F.Charge,2,FALSE,FALSE,FALSE,0.92,TRUE,1,llama3.2-3b,spectronaut,constrained,2,7.91
Run,R.FileName,R.FileName,1,TRUE,TRUE,FALSE,0.92,TRUE,1,llama3.2-3b,spectronaut,constrained,2,7.91
Intensity,F.NormalizedPeakArea,F.PeakArea,4,FALSE,TRUE,FALSE,0.92,TRUE,1,llama3.2-3b,spectronaut,constrained,2,7.91
Qvalue,PG.Qvalue,EG.Qvalue,1,FALSE,FALSE,FALSE,0.92,TRUE,1,llama3.2-3b,spectronaut,constrained,2,7.91
ProteinName,PG.ProteinAccessions,PG.ProteinGroups,2,FALSE,TRUE,FALSE,0.98,TRUE,1,llama3.2-3b,spectronaut,constrained,3,9.75
PeptideSequence,PEP.StrippedSequence,EG.ModifiedSequence,1,FALSE,FALSE,FALSE,0.98,TRUE,1,llama3.2-3b,spectronaut,constrained,3,9.75
PrecursorCharge,FG.Charge,FG.Charge,1,TRUE,TRUE,FALSE,0.98,TRUE,1,llama3.2-3b,spectronaut,constrained,3,9.75
FragmentIon,F.FrgIon,F.FrgIon,1,TRUE,TRUE,FALSE,0.92,TRUE,1,llama3.2-3b,spectronaut,constrained,3,9.75
ProductCharge,FG.Charge,F.Charge,2,FALSE,FALSE,FALSE,0.92,TRUE,1,llama3.2-3b,spectronaut,constrained,3,9.75
Run,R.FileName,R.FileName,1,TRUE,TRUE,FALSE,0.92,TRUE,1,llama3.2-3b,spectronaut,constrained,3,9.75
Intensity,F.NormalizedPeakArea,F.PeakArea,4,FALSE,TRUE,FALSE,0.92,TRUE,1,llama3.2-3b,spectronaut,constrained,3,9.75
Qvalue,PG.Qvalue,EG.Qvalue,1,FALSE,FALSE,FALSE,0.92,TRUE,1,llama3.2-3b,spectronaut,constrained,3,9.75
ProteinName,PG.ProteinAccessions,PG.ProteinGroups,2,FALSE,TRUE,FALSE,1,TRUE,1,llama3.2-3b,spectronaut,filter_aware,1,13.73
PeptideSequence,PEP.StrippedSequence,EG.ModifiedSequence,1,FALSE,FALSE,FALSE,1,TRUE,1,llama3.2-3b,spectronaut,filter_aware,1,13.73
PrecursorCharge,FG.Charge,FG.Charge,1,TRUE,TRUE,FALSE,1,TRUE,1,llama3.2-3b,spectronaut,filter_aware,1,13.73
FragmentIon,F.FrgIon,F.FrgIon,1,TRUE,TRUE,FALSE,1,TRUE,1,llama3.2-3b,spectronaut,filter_aware,1,13.73
ProductCharge,FG.Charge,F.Charge,2,FALSE,FALSE,FALSE,1,TRUE,1,llama3.2-3b,spectronaut,filter_aware,1,13.73
Run,R.FileName,R.FileName,1,TRUE,TRUE,FALSE,1,TRUE,1,llama3.2-3b,spectronaut,filter_aware,1,13.73
Intensity,F.NormalizedPeakArea,F.PeakArea,4,FALSE,TRUE,FALSE,1,TRUE,1,llama3.2-3b,spectronaut,filter_aware,1,13.73
Qvalue,PG.Qvalue,EG.Qvalue,1,FALSE,FALSE,FALSE,1,TRUE,1,llama3.2-3b,spectronaut,filter_aware,1,13.73
ProteinName,PG.ProteinAccessions,PG.ProteinGroups,2,FALSE,TRUE,FALSE,1,TRUE,1,llama3.2-3b,spectronaut,filter_aware,2,15.35
PeptideSequence,PEP.StrippedSequence,EG.ModifiedSequence,1,FALSE,FALSE,FALSE,1,TRUE,1,llama3.2-3b,spectronaut,filter_aware,2,15.35
PrecursorCharge,FG.Charge,FG.Charge,1,TRUE,TRUE,FALSE,1,TRUE,1,llama3.2-3b,spectronaut,filter_aware,2,15.35
FragmentIon,F.FrgIon,F.FrgIon,1,TRUE,TRUE,FALSE,1,TRUE,1,llama3.2-3b,spectronaut,filter_aware,2,15.35
ProductCharge,FG.Charge,F.Charge,2,FALSE,FALSE,FALSE,1,TRUE,1,llama3.2-3b,spectronaut,filter_aware,2,15.35
Run,R.FileName,R.FileName,1,TRUE,TRUE,FALSE,1,TRUE,1,llama3.2-3b,spectronaut,filter_aware,2,15.35
Intensity,F.NormalizedPeakArea,F.PeakArea,4,FALSE,TRUE,FALSE,1,TRUE,1,llama3.2-3b,spectronaut,filter_aware,2,15.35
Qvalue,PG.Qvalue,EG.Qvalue,1,FALSE,FALSE,FALSE,1,TRUE,1,llama3.2-3b,spectronaut,filter_aware,2,15.35
ProteinName,PG.ProteinAccessions,PG.ProteinGroups,2,FALSE,TRUE,FALSE,1,TRUE,1,llama3.2-3b,spectronaut,filter_aware,3,14.95
PeptideSequence,PEP.StrippedSequence,EG.ModifiedSequence,1,FALSE,FALSE,FALSE,1,TRUE,1,llama3.2-3b,spectronaut,filter_aware,3,14.95
PrecursorCharge,FG.Charge,FG.Charge,1,TRUE,TRUE,FALSE,1,TRUE,1,llama3.2-3b,spectronaut,filter_aware,3,14.95
FragmentIon,F.FrgIon,F.FrgIon,1,TRUE,TRUE,FALSE,1,TRUE,1,llama3.2-3b,spectronaut,filter_aware,3,14.95
ProductCharge,FG.Charge,F.Charge,2,FALSE,FALSE,FALSE,1,TRUE,1,llama3.2-3b,spectronaut,filter_aware,3,14.95
Run,R.FileName,R.FileName,1,TRUE,TRUE,FALSE,1,TRUE,1,llama3.2-3b,spectronaut,filter_aware,3,14.95
Intensity,F.NormalizedPeakArea,F.PeakArea,4,FALSE,TRUE,FALSE,1,TRUE,1,llama3.2-3b,spectronaut,filter_aware,3,14.95
Qvalue,PG.Qvalue,EG.Qvalue,1,FALSE,FALSE,FALSE,1,TRUE,1,llama3.2-3b,spectronaut,filter_aware,3,14.95
ProteinName,PG.ProteinAccessions,PG.ProteinGroups,2,FALSE,TRUE,FALSE,0.98,TRUE,1,llama3.2-3b,spectronaut,constrained_filter,1,14.29
PeptideSequence,PEP.StrippedSequence,EG.ModifiedSequence,1,FALSE,FALSE,FALSE,0.98,TRUE,1,llama3.2-3b,spectronaut,constrained_filter,1,14.29
PrecursorCharge,FG.Charge,FG.Charge,1,TRUE,TRUE,FALSE,0.92,TRUE,1,llama3.2-3b,spectronaut,constrained_filter,1,14.29
FragmentIon,F.FrgIon,F.FrgIon,1,TRUE,TRUE,FALSE,0.92,TRUE,1,llama3.2-3b,spectronaut,constrained_filter,1,14.29
ProductCharge,FG.Charge,F.Charge,2,FALSE,FALSE,TRUE,0.92,TRUE,1,llama3.2-3b,spectronaut,constrained_filter,1,14.29
Run,R.FileName,R.FileName,1,TRUE,TRUE,FALSE,0.92,TRUE,1,llama3.2-3b,spectronaut,constrained_filter,1,14.29
Intensity,F.NormalizedPeakArea,F.PeakArea,4,FALSE,TRUE,FALSE,0.92,TRUE,1,llama3.2-3b,spectronaut,constrained_filter,1,14.29
Qvalue,PG.Qvalue,EG.Qvalue,1,FALSE,FALSE,FALSE,0.92,TRUE,1,llama3.2-3b,spectronaut,constrained_filter,1,14.29
ProteinName,PG.ProteinAccessions,PG.ProteinGroups,2,FALSE,TRUE,FALSE,0.98,TRUE,1,llama3.2-3b,spectronaut,constrained_filter,2,13.91
PeptideSequence,PEP.StrippedSequence,EG.ModifiedSequence,1,FALSE,FALSE,FALSE,0.98,TRUE,1,llama3.2-3b,spectronaut,constrained_filter,2,13.91
PrecursorCharge,FG.Charge,FG.Charge,1,TRUE,TRUE,FALSE,0.92,TRUE,1,llama3.2-3b,spectronaut,constrained_filter,2,13.91
FragmentIon,F.FrgIon,F.FrgIon,1,TRUE,TRUE,FALSE,0.92,TRUE,1,llama3.2-3b,spectronaut,constrained_filter,2,13.91
ProductCharge,FG.Charge,F.Charge,2,FALSE,FALSE,TRUE,0.92,TRUE,1,llama3.2-3b,spectronaut,constrained_filter,2,13.91
Run,R.FileName,R.FileName,1,TRUE,TRUE,FALSE,0.92,TRUE,1,llama3.2-3b,spectronaut,constrained_filter,2,13.91
Intensity,F.NormalizedPeakArea,F.PeakArea,4,FALSE,TRUE,FALSE,0.92,TRUE,1,llama3.2-3b,spectronaut,constrained_filter,2,13.91
Qvalue,PG.Qvalue,EG.Qvalue,1,FALSE,FALSE,FALSE,0.92,TRUE,1,llama3.2-3b,spectronaut,constrained_filter,2,13.91
ProteinName,PG.ProteinAccessions,PG.ProteinGroups,2,FALSE,TRUE,FALSE,0.98,TRUE,1,llama3.2-3b,spectronaut,constrained_filter,3,15.75
PeptideSequence,PEP.StrippedSequence,EG.ModifiedSequence,1,FALSE,FALSE,FALSE,0.98,TRUE,1,llama3.2-3b,spectronaut,constrained_filter,3,15.75
PrecursorCharge,FG.Charge,FG.Charge,1,TRUE,TRUE,FALSE,0.92,TRUE,1,llama3.2-3b,spectronaut,constrained_filter,3,15.75
FragmentIon,F.FrgIon,F.FrgIon,1,TRUE,TRUE,FALSE,0.92,TRUE,1,llama3.2-3b,spectronaut,constrained_filter,3,15.75
ProductCharge,FG.Charge,F.Charge,2,FALSE,FALSE,TRUE,0.92,TRUE,1,llama3.2-3b,spectronaut,constrained_filter,3,15.75
Run,R.FileName,R.FileName,1,TRUE,TRUE,FALSE,0.92,TRUE,1,llama3.2-3b,spectronaut,constrained_filter,3,15.75
Intensity,F.NormalizedPeakArea,F.PeakArea,4,FALSE,TRUE,FALSE,0.92,TRUE,1,llama3.2-3b,spectronaut,constrained_filter,3,15.75
Qvalue,PG.Qvalue,EG.Qvalue,1,FALSE,FALSE,FALSE,0.92,TRUE,1,llama3.2-3b,spectronaut,constrained_filter,3,15.75
ProteinName,PG.ProteinAccessions,PG.ProteinGroups,2,FALSE,TRUE,FALSE,0.98,TRUE,1,llama3.2-3b,spectronaut,constrained_v2,1,8.4
PeptideSequence,EG.ModifiedSequence,EG.ModifiedSequence,1,TRUE,TRUE,FALSE,0.98,TRUE,1,llama3.2-3b,spectronaut,constrained_v2,1,8.4
PrecursorCharge,FG.Charge,FG.Charge,1,TRUE,TRUE,FALSE,0.98,TRUE,1,llama3.2-3b,spectronaut,constrained_v2,1,8.4
FragmentIon,F.FrgIon,F.FrgIon,1,TRUE,TRUE,FALSE,0.98,TRUE,1,llama3.2-3b,spectronaut,constrained_v2,1,8.4
ProductCharge,FG.Charge,F.Charge,2,FALSE,FALSE,FALSE,0.98,TRUE,1,llama3.2-3b,spectronaut,constrained_v2,1,8.4
Run,R.FileName,R.FileName,1,TRUE,TRUE,FALSE,0.92,TRUE,1,llama3.2-3b,spectronaut,constrained_v2,1,8.4
Intensity,F.NormalizedPeakArea,F.PeakArea,4,FALSE,TRUE,FALSE,0.92,TRUE,1,llama3.2-3b,spectronaut,constrained_v2,1,8.4
Qvalue,PG.Qvalue,EG.Qvalue,1,FALSE,FALSE,FALSE,0.98,TRUE,1,llama3.2-3b,spectronaut,constrained_v2,1,8.4
ProteinName,PG.ProteinAccessions,PG.ProteinGroups,2,FALSE,TRUE,FALSE,0.98,TRUE,1,llama3.2-3b,spectronaut,constrained_v2,2,7.68
PeptideSequence,EG.ModifiedSequence,EG.ModifiedSequence,1,TRUE,TRUE,FALSE,0.98,TRUE,1,llama3.2-3b,spectronaut,constrained_v2,2,7.68
PrecursorCharge,FG.Charge,FG.Charge,1,TRUE,TRUE,FALSE,0.98,TRUE,1,llama3.2-3b,spectronaut,constrained_v2,2,7.68
FragmentIon,F.FrgIon,F.FrgIon,1,TRUE,TRUE,FALSE,0.98,TRUE,1,llama3.2-3b,spectronaut,constrained_v2,2,7.68
ProductCharge,FG.Charge,F.Charge,2,FALSE,FALSE,FALSE,0.98,TRUE,1,llama3.2-3b,spectronaut,constrained_v2,2,7.68
Run,R.FileName,R.FileName,1,TRUE,TRUE,FALSE,0.92,TRUE,1,llama3.2-3b,spectronaut,constrained_v2,2,7.68
Intensity,F.NormalizedPeakArea,F.PeakArea,4,FALSE,TRUE,FALSE,0.92,TRUE,1,llama3.2-3b,spectronaut,constrained_v2,2,7.68
Qvalue,PG.Qvalue,EG.Qvalue,1,FALSE,FALSE,FALSE,0.98,TRUE,1,llama3.2-3b,spectronaut,constrained_v2,2,7.68
ProteinName,PG.ProteinAccessions,PG.ProteinGroups,2,FALSE,TRUE,FALSE,0.98,TRUE,1,llama3.2-3b,spectronaut,constrained_v2,3,7.22
PeptideSequence,EG.ModifiedSequence,EG.ModifiedSequence,1,TRUE,TRUE,FALSE,0.98,TRUE,1,llama3.2-3b,spectronaut,constrained_v2,3,7.22
PrecursorCharge,FG.Charge,FG.Charge,1,TRUE,TRUE,FALSE,0.98,TRUE,1,llama3.2-3b,spectronaut,constrained_v2,3,7.22
FragmentIon,F.FrgIon,F.FrgIon,1,TRUE,TRUE,FALSE,0.98,TRUE,1,llama3.2-3b,spectronaut,constrained_v2,3,7.22
ProductCharge,FG.Charge,F.Charge,2,FALSE,FALSE,FALSE,0.98,TRUE,1,llama3.2-3b,spectronaut,constrained_v2,3,7.22
Run,R.FileName,R.FileName,1,TRUE,TRUE,FALSE,0.92,TRUE,1,llama3.2-3b,spectronaut,constrained_v2,3,7.22
Intensity,F.NormalizedPeakArea,F.PeakArea,4,FALSE,TRUE,FALSE,0.92,TRUE,1,llama3.2-3b,spectronaut,constrained_v2,3,7.22
Qvalue,PG.Qvalue,EG.Qvalue,1,FALSE,FALSE,FALSE,0.98,TRUE,1,llama3.2-3b,spectronaut,constrained_v2,3,7.22
ProteinName,PG.ProteinAccessions,PG.ProteinGroups,2,FALSE,TRUE,FALSE,0.98,TRUE,1,llama3.2-3b,spectronaut,constrained_filter_v2,1,8.33
PeptideSequence,PEP.StrippedSequence,EG.ModifiedSequence,1,FALSE,FALSE,TRUE,0.98,TRUE,1,llama3.2-3b,spectronaut,constrained_filter_v2,1,8.33
PrecursorCharge,FG.Charge,FG.Charge,1,TRUE,TRUE,FALSE,0.98,TRUE,1,llama3.2-3b,spectronaut,constrained_filter_v2,1,8.33
FragmentIon,F.FrgIon,F.FrgIon,1,TRUE,TRUE,FALSE,0.92,TRUE,1,llama3.2-3b,spectronaut,constrained_filter_v2,1,8.33
ProductCharge,FG.Charge,F.Charge,2,FALSE,FALSE,FALSE,0.92,TRUE,1,llama3.2-3b,spectronaut,constrained_filter_v2,1,8.33
Run,R.FileName,R.FileName,1,TRUE,TRUE,FALSE,0.92,TRUE,1,llama3.2-3b,spectronaut,constrained_filter_v2,1,8.33
Intensity,F.NormalizedPeakArea,F.PeakArea,4,FALSE,TRUE,FALSE,0.92,TRUE,1,llama3.2-3b,spectronaut,constrained_filter_v2,1,8.33
Qvalue,PG.Qvalue,EG.Qvalue,1,FALSE,FALSE,FALSE,0.98,TRUE,1,llama3.2-3b,spectronaut,constrained_filter_v2,1,8.33
ProteinName,PG.ProteinAccessions,PG.ProteinGroups,2,FALSE,TRUE,FALSE,0.98,TRUE,1,llama3.2-3b,spectronaut,constrained_filter_v2,2,7.57
PeptideSequence,PEP.StrippedSequence,EG.ModifiedSequence,1,FALSE,FALSE,TRUE,0.98,TRUE,1,llama3.2-3b,spectronaut,constrained_filter_v2,2,7.57
PrecursorCharge,FG.Charge,FG.Charge,1,TRUE,TRUE,FALSE,0.98,TRUE,1,llama3.2-3b,spectronaut,constrained_filter_v2,2,7.57
FragmentIon,F.FrgIon,F.FrgIon,1,TRUE,TRUE,FALSE,0.92,TRUE,1,llama3.2-3b,spectronaut,constrained_filter_v2,2,7.57
ProductCharge,FG.Charge,F.Charge,2,FALSE,FALSE,FALSE,0.92,TRUE,1,llama3.2-3b,spectronaut,constrained_filter_v2,2,7.57
Run,R.FileName,R.FileName,1,TRUE,TRUE,FALSE,0.92,TRUE,1,llama3.2-3b,spectronaut,constrained_filter_v2,2,7.57
Intensity,F.NormalizedPeakArea,F.PeakArea,4,FALSE,TRUE,FALSE,0.92,TRUE,1,llama3.2-3b,spectronaut,constrained_filter_v2,2,7.57
Qvalue,PG.Qvalue,EG.Qvalue,1,FALSE,FALSE,FALSE,0.98,TRUE,1,llama3.2-3b,spectronaut,constrained_filter_v2,2,7.57
ProteinName,PG.ProteinAccessions,PG.ProteinGroups,2,FALSE,TRUE,FALSE,0.98,TRUE,1,llama3.2-3b,spectronaut,constrained_filter_v2,3,9.25
PeptideSequence,PEP.StrippedSequence,EG.ModifiedSequence,1,FALSE,FALSE,TRUE,0.98,TRUE,1,llama3.2-3b,spectronaut,constrained_filter_v2,3,9.25
PrecursorCharge,FG.Charge,FG.Charge,1,TRUE,TRUE,FALSE,0.98,TRUE,1,llama3.2-3b,spectronaut,constrained_filter_v2,3,9.25
FragmentIon,F.FrgIon,F.FrgIon,1,TRUE,TRUE,FALSE,0.92,TRUE,1,llama3.2-3b,spectronaut,constrained_filter_v2,3,9.25
ProductCharge,FG.Charge,F.Charge,2,FALSE,FALSE,FALSE,0.92,TRUE,1,llama3.2-3b,spectronaut,constrained_filter_v2,3,9.25
Run,R.FileName,R.FileName,1,TRUE,TRUE,FALSE,0.92,TRUE,1,llama3.2-3b,spectronaut,constrained_filter_v2,3,9.25
Intensity,F.NormalizedPeakArea,F.PeakArea,4,FALSE,TRUE,FALSE,0.92,TRUE,1,llama3.2-3b,spectronaut,constrained_filter_v2,3,9.25
Qvalue,PG.Qvalue,EG.Qvalue,1,FALSE,FALSE,FALSE,0.98,TRUE,1,llama3.2-3b,spectronaut,constrained_filter_v2,3,9.25
ProteinName,PG.ProteinAccessions,PG.ProteinGroups,2,FALSE,TRUE,FALSE,0.98,TRUE,1,llama3.2-3b,spectronaut,constrained_v3,1,8.12
PeptideSequence,EG.ModifiedSequence,EG.ModifiedSequence,1,TRUE,TRUE,FALSE,0.98,TRUE,1,llama3.2-3b,spectronaut,constrained_v3,1,8.12
PrecursorCharge,FG.Charge,FG.Charge,1,TRUE,TRUE,FALSE,0.98,TRUE,1,llama3.2-3b,spectronaut,constrained_v3,1,8.12
FragmentIon,F.FrgIon,F.FrgIon,1,TRUE,TRUE,FALSE,0.98,TRUE,1,llama3.2-3b,spectronaut,constrained_v3,1,8.12
ProductCharge,FG.Charge,F.Charge,2,FALSE,FALSE,FALSE,0.98,TRUE,1,llama3.2-3b,spectronaut,constrained_v3,1,8.12
Run,R.FileName,R.FileName,1,TRUE,TRUE,FALSE,0.92,TRUE,1,llama3.2-3b,spectronaut,constrained_v3,1,8.12
Intensity,F.NormalizedPeakArea,F.PeakArea,4,FALSE,TRUE,FALSE,0.92,TRUE,1,llama3.2-3b,spectronaut,constrained_v3,1,8.12
Qvalue,PG.Qvalue,EG.Qvalue,1,FALSE,FALSE,FALSE,0.98,TRUE,1,llama3.2-3b,spectronaut,constrained_v3,1,8.12
ProteinName,PG.ProteinAccessions,PG.ProteinGroups,2,FALSE,TRUE,FALSE,0.98,TRUE,1,llama3.2-3b,spectronaut,constrained_v3,2,7.5
PeptideSequence,EG.ModifiedSequence,EG.ModifiedSequence,1,TRUE,TRUE,FALSE,0.98,TRUE,1,llama3.2-3b,spectronaut,constrained_v3,2,7.5
PrecursorCharge,FG.Charge,FG.Charge,1,TRUE,TRUE,FALSE,0.98,TRUE,1,llama3.2-3b,spectronaut,constrained_v3,2,7.5
FragmentIon,F.FrgIon,F.FrgIon,1,TRUE,TRUE,FALSE,0.98,TRUE,1,llama3.2-3b,spectronaut,constrained_v3,2,7.5
ProductCharge,FG.Charge,F.Charge,2,FALSE,FALSE,FALSE,0.98,TRUE,1,llama3.2-3b,spectronaut,constrained_v3,2,7.5
Run,R.FileName,R.FileName,1,TRUE,TRUE,FALSE,0.92,TRUE,1,llama3.2-3b,spectronaut,constrained_v3,2,7.5
Intensity,F.NormalizedPeakArea,F.PeakArea,4,FALSE,TRUE,FALSE,0.92,TRUE,1,llama3.2-3b,spectronaut,constrained_v3,2,7.5
Qvalue,PG.Qvalue,EG.Qvalue,1,FALSE,FALSE,FALSE,0.98,TRUE,1,llama3.2-3b,spectronaut,constrained_v3,2,7.5
ProteinName,PG.ProteinAccessions,PG.ProteinGroups,2,FALSE,TRUE,FALSE,0.98,TRUE,1,llama3.2-3b,spectronaut,constrained_v3,3,7.25
PeptideSequence,EG.ModifiedSequence,EG.ModifiedSequence,1,TRUE,TRUE,FALSE,0.98,TRUE,1,llama3.2-3b,spectronaut,constrained_v3,3,7.25
PrecursorCharge,FG.Charge,FG.Charge,1,TRUE,TRUE,FALSE,0.98,TRUE,1,llama3.2-3b,spectronaut,constrained_v3,3,7.25
FragmentIon,F.FrgIon,F.FrgIon,1,TRUE,TRUE,FALSE,0.98,TRUE,1,llama3.2-3b,spectronaut,constrained_v3,3,7.25
ProductCharge,FG.Charge,F.Charge,2,FALSE,FALSE,FALSE,0.98,TRUE,1,llama3.2-3b,spectronaut,constrained_v3,3,7.25
Run,R.FileName,R.FileName,1,TRUE,TRUE,FALSE,0.92,TRUE,1,llama3.2-3b,spectronaut,constrained_v3,3,7.25
Intensity,F.NormalizedPeakArea,F.PeakArea,4,FALSE,TRUE,FALSE,0.92,TRUE,1,llama3.2-3b,spectronaut,constrained_v3,3,7.25
Qvalue,PG.Qvalue,EG.Qvalue,1,FALSE,FALSE,FALSE,0.98,TRUE,1,llama3.2-3b,spectronaut,constrained_v3,3,7.25
ProteinName,PG.ProteinAccessions,PG.ProteinGroups,2,FALSE,TRUE,FALSE,0.98,TRUE,1,llama3.2-3b,spectronaut,constrained_filter_v3,1,9.36
PeptideSequence,EG.ModifiedSequence,EG.ModifiedSequence,1,TRUE,TRUE,FALSE,0.98,TRUE,1,llama3.2-3b,spectronaut,constrained_filter_v3,1,9.36
PrecursorCharge,FG.Charge,FG.Charge,1,TRUE,TRUE,FALSE,0.98,TRUE,1,llama3.2-3b,spectronaut,constrained_filter_v3,1,9.36
FragmentIon,F.FrgIon,F.FrgIon,1,TRUE,TRUE,FALSE,0.98,TRUE,1,llama3.2-3b,spectronaut,constrained_filter_v3,1,9.36
ProductCharge,FG.Charge,F.Charge,2,FALSE,FALSE,TRUE,0.98,TRUE,1,llama3.2-3b,spectronaut,constrained_filter_v3,1,9.36
Run,R.FileName,R.FileName,1,TRUE,TRUE,FALSE,0.98,TRUE,1,llama3.2-3b,spectronaut,constrained_filter_v3,1,9.36
Intensity,F.NormalizedPeakArea,F.PeakArea,4,FALSE,TRUE,FALSE,0.98,TRUE,1,llama3.2-3b,spectronaut,constrained_filter_v3,1,9.36
Qvalue,PG.Qvalue,EG.Qvalue,1,FALSE,FALSE,FALSE,0.98,TRUE,1,llama3.2-3b,spectronaut,constrained_filter_v3,1,9.36
ProteinName,PG.ProteinAccessions,PG.ProteinGroups,2,FALSE,TRUE,FALSE,0.98,TRUE,1,llama3.2-3b,spectronaut,constrained_filter_v3,2,9.04
PeptideSequence,EG.ModifiedSequence,EG.ModifiedSequence,1,TRUE,TRUE,FALSE,0.98,TRUE,1,llama3.2-3b,spectronaut,constrained_filter_v3,2,9.04
PrecursorCharge,FG.Charge,FG.Charge,1,TRUE,TRUE,FALSE,0.98,TRUE,1,llama3.2-3b,spectronaut,constrained_filter_v3,2,9.04
FragmentIon,F.FrgIon,F.FrgIon,1,TRUE,TRUE,FALSE,0.98,TRUE,1,llama3.2-3b,spectronaut,constrained_filter_v3,2,9.04
ProductCharge,FG.Charge,F.Charge,2,FALSE,FALSE,TRUE,0.98,TRUE,1,llama3.2-3b,spectronaut,constrained_filter_v3,2,9.04
Run,R.FileName,R.FileName,1,TRUE,TRUE,FALSE,0.98,TRUE,1,llama3.2-3b,spectronaut,constrained_filter_v3,2,9.04
Intensity,F.NormalizedPeakArea,F.PeakArea,4,FALSE,TRUE,FALSE,0.98,TRUE,1,llama3.2-3b,spectronaut,constrained_filter_v3,2,9.04
Qvalue,PG.Qvalue,EG.Qvalue,1,FALSE,FALSE,FALSE,0.98,TRUE,1,llama3.2-3b,spectronaut,constrained_filter_v3,2,9.04
ProteinName,PG.ProteinAccessions,PG.ProteinGroups,2,FALSE,TRUE,FALSE,0.98,TRUE,1,llama3.2-3b,spectronaut,constrained_filter_v3,3,10.13
PeptideSequence,EG.ModifiedSequence,EG.ModifiedSequence,1,TRUE,TRUE,FALSE,0.98,TRUE,1,llama3.2-3b,spectronaut,constrained_filter_v3,3,10.13
PrecursorCharge,FG.Charge,FG.Charge,1,TRUE,TRUE,FALSE,0.98,TRUE,1,llama3.2-3b,spectronaut,constrained_filter_v3,3,10.13
FragmentIon,F.FrgIon,F.FrgIon,1,TRUE,TRUE,FALSE,0.98,TRUE,1,llama3.2-3b,spectronaut,constrained_filter_v3,3,10.13
ProductCharge,FG.Charge,F.Charge,2,FALSE,FALSE,TRUE,0.98,TRUE,1,llama3.2-3b,spectronaut,constrained_filter_v3,3,10.13
Run,R.FileName,R.FileName,1,TRUE,TRUE,FALSE,0.98,TRUE,1,llama3.2-3b,spectronaut,constrained_filter_v3,3,10.13
Intensity,F.NormalizedPeakArea,F.PeakArea,4,FALSE,TRUE,FALSE,0.98,TRUE,1,llama3.2-3b,spectronaut,constrained_filter_v3,3,10.13
Qvalue,PG.Qvalue,EG.Qvalue,1,FALSE,FALSE,FALSE,0.98,TRUE,1,llama3.2-3b,spectronaut,constrained_filter_v3,3,10.13
ProteinName,PG.ProteinAccessions,PG.ProteinGroups,2,FALSE,TRUE,FALSE,1,TRUE,1,llama3.1-8b,spectronaut,lean,1,5.07
PeptideSequence,EG.ModifiedSequence,EG.ModifiedSequence,1,TRUE,TRUE,FALSE,0.9,TRUE,1,llama3.1-8b,spectronaut,lean,1,5.07
PrecursorCharge,FG.Charge,FG.Charge,1,TRUE,TRUE,FALSE,1,TRUE,1,llama3.1-8b,spectronaut,lean,1,5.07
FragmentIon,F.FrgIon,F.FrgIon,1,TRUE,TRUE,FALSE,1,TRUE,1,llama3.1-8b,spectronaut,lean,1,5.07
ProductCharge,F.Charge,F.Charge,2,TRUE,TRUE,FALSE,1,TRUE,1,llama3.1-8b,spectronaut,lean,1,5.07
Run,EG.Library,R.FileName,1,FALSE,FALSE,FALSE,1,TRUE,1,llama3.1-8b,spectronaut,lean,1,5.07
Intensity,F.NormalizedPeakArea,F.PeakArea,4,FALSE,TRUE,FALSE,0.8,TRUE,1,llama3.1-8b,spectronaut,lean,1,5.07
Qvalue,PG.Qvalue,EG.Qvalue,1,FALSE,FALSE,FALSE,1,TRUE,1,llama3.1-8b,spectronaut,lean,1,5.07
ProteinName,PG.ProteinAccessions,PG.ProteinGroups,2,FALSE,TRUE,FALSE,1,TRUE,1,llama3.1-8b,spectronaut,lean,2,5.76
PeptideSequence,EG.ModifiedSequence,EG.ModifiedSequence,1,TRUE,TRUE,FALSE,0.9,TRUE,1,llama3.1-8b,spectronaut,lean,2,5.76
PrecursorCharge,FG.Charge,FG.Charge,1,TRUE,TRUE,FALSE,1,TRUE,1,llama3.1-8b,spectronaut,lean,2,5.76
FragmentIon,F.FrgIon,F.FrgIon,1,TRUE,TRUE,FALSE,1,TRUE,1,llama3.1-8b,spectronaut,lean,2,5.76
ProductCharge,F.Charge,F.Charge,2,TRUE,TRUE,FALSE,1,TRUE,1,llama3.1-8b,spectronaut,lean,2,5.76
Run,EG.Library,R.FileName,1,FALSE,FALSE,FALSE,1,TRUE,1,llama3.1-8b,spectronaut,lean,2,5.76
Intensity,F.NormalizedPeakArea,F.PeakArea,4,FALSE,TRUE,FALSE,0.8,TRUE,1,llama3.1-8b,spectronaut,lean,2,5.76
Qvalue,PG.Qvalue,EG.Qvalue,1,FALSE,FALSE,FALSE,1,TRUE,1,llama3.1-8b,spectronaut,lean,2,5.76
ProteinName,PG.ProteinAccessions,PG.ProteinGroups,2,FALSE,TRUE,FALSE,1,TRUE,1,llama3.1-8b,spectronaut,lean,3,5.64
PeptideSequence,EG.ModifiedSequence,EG.ModifiedSequence,1,TRUE,TRUE,FALSE,0.9,TRUE,1,llama3.1-8b,spectronaut,lean,3,5.64
PrecursorCharge,FG.Charge,FG.Charge,1,TRUE,TRUE,FALSE,1,TRUE,1,llama3.1-8b,spectronaut,lean,3,5.64
FragmentIon,F.FrgIon,F.FrgIon,1,TRUE,TRUE,FALSE,1,TRUE,1,llama3.1-8b,spectronaut,lean,3,5.64
ProductCharge,F.Charge,F.Charge,2,TRUE,TRUE,FALSE,1,TRUE,1,llama3.1-8b,spectronaut,lean,3,5.64
Run,EG.Library,R.FileName,1,FALSE,FALSE,FALSE,1,TRUE,1,llama3.1-8b,spectronaut,lean,3,5.64
Intensity,F.NormalizedPeakArea,F.PeakArea,4,FALSE,TRUE,FALSE,0.8,TRUE,1,llama3.1-8b,spectronaut,lean,3,5.64
Qvalue,PG.Qvalue,EG.Qvalue,1,FALSE,FALSE,FALSE,1,TRUE,1,llama3.1-8b,spectronaut,lean,3,5.64
ProteinName,PG.ProteinAccessions,PG.ProteinGroups,2,FALSE,TRUE,FALSE,0.98,TRUE,1,llama3.1-8b,spectronaut,constrained,1,5.78
PeptideSequence,PEP.StrippedSequence,EG.ModifiedSequence,1,FALSE,FALSE,FALSE,0.98,TRUE,1,llama3.1-8b,spectronaut,constrained,1,5.78
PrecursorCharge,FG.Charge,FG.Charge,1,TRUE,TRUE,FALSE,0.98,TRUE,1,llama3.1-8b,spectronaut,constrained,1,5.78
FragmentIon,F.FrgIon,F.FrgIon,1,TRUE,TRUE,FALSE,0.98,TRUE,1,llama3.1-8b,spectronaut,constrained,1,5.78
ProductCharge,FG.Charge,F.Charge,2,FALSE,FALSE,FALSE,0.98,TRUE,1,llama3.1-8b,spectronaut,constrained,1,5.78
Run,R.FileName,R.FileName,1,TRUE,TRUE,FALSE,0.92,TRUE,1,llama3.1-8b,spectronaut,constrained,1,5.78
Intensity,F.NormalizedPeakArea,F.PeakArea,4,FALSE,TRUE,FALSE,0.98,TRUE,1,llama3.1-8b,spectronaut,constrained,1,5.78
Qvalue,EG.Qvalue,EG.Qvalue,1,TRUE,TRUE,FALSE,0.98,TRUE,1,llama3.1-8b,spectronaut,constrained,1,5.78
ProteinName,PG.ProteinAccessions,PG.ProteinGroups,2,FALSE,TRUE,FALSE,0.98,TRUE,1,llama3.1-8b,spectronaut,constrained,2,5.9
PeptideSequence,PEP.StrippedSequence,EG.ModifiedSequence,1,FALSE,FALSE,FALSE,0.98,TRUE,1,llama3.1-8b,spectronaut,constrained,2,5.9
PrecursorCharge,FG.Charge,FG.Charge,1,TRUE,TRUE,FALSE,0.98,TRUE,1,llama3.1-8b,spectronaut,constrained,2,5.9
FragmentIon,F.FrgIon,F.FrgIon,1,TRUE,TRUE,FALSE,0.98,TRUE,1,llama3.1-8b,spectronaut,constrained,2,5.9
ProductCharge,FG.Charge,F.Charge,2,FALSE,FALSE,FALSE,0.98,TRUE,1,llama3.1-8b,spectronaut,constrained,2,5.9
Run,R.FileName,R.FileName,1,TRUE,TRUE,FALSE,0.92,TRUE,1,llama3.1-8b,spectronaut,constrained,2,5.9
Intensity,F.NormalizedPeakArea,F.PeakArea,4,FALSE,TRUE,FALSE,0.98,TRUE,1,llama3.1-8b,spectronaut,constrained,2,5.9
Qvalue,EG.Qvalue,EG.Qvalue,1,TRUE,TRUE,FALSE,0.98,TRUE,1,llama3.1-8b,spectronaut,constrained,2,5.9
ProteinName,PG.ProteinAccessions,PG.ProteinGroups,2,FALSE,TRUE,FALSE,0.98,TRUE,1,llama3.1-8b,spectronaut,constrained,3,5.02
PeptideSequence,PEP.StrippedSequence,EG.ModifiedSequence,1,FALSE,FALSE,FALSE,0.98,TRUE,1,llama3.1-8b,spectronaut,constrained,3,5.02
PrecursorCharge,FG.Charge,FG.Charge,1,TRUE,TRUE,FALSE,0.98,TRUE,1,llama3.1-8b,spectronaut,constrained,3,5.02
FragmentIon,F.FrgIon,F.FrgIon,1,TRUE,TRUE,FALSE,0.98,TRUE,1,llama3.1-8b,spectronaut,constrained,3,5.02
ProductCharge,FG.Charge,F.Charge,2,FALSE,FALSE,FALSE,0.98,TRUE,1,llama3.1-8b,spectronaut,constrained,3,5.02
Run,R.FileName,R.FileName,1,TRUE,TRUE,FALSE,0.92,TRUE,1,llama3.1-8b,spectronaut,constrained,3,5.02
Intensity,F.NormalizedPeakArea,F.PeakArea,4,FALSE,TRUE,FALSE,0.98,TRUE,1,llama3.1-8b,spectronaut,constrained,3,5.02
Qvalue,EG.Qvalue,EG.Qvalue,1,TRUE,TRUE,FALSE,0.98,TRUE,1,llama3.1-8b,spectronaut,constrained,3,5.02
ProteinName,PG.ProteinAccessions,PG.ProteinGroups,2,FALSE,TRUE,FALSE,1,TRUE,1,llama3.1-8b,spectronaut,filter_aware,1,8.78
PeptideSequence,PEP.StrippedSequence,EG.ModifiedSequence,1,FALSE,FALSE,FALSE,1,TRUE,1,llama3.1-8b,spectronaut,filter_aware,1,8.78
PrecursorCharge,FG.Charge,FG.Charge,1,TRUE,TRUE,FALSE,1,TRUE,1,llama3.1-8b,spectronaut,filter_aware,1,8.78
FragmentIon,F.FrgIon,F.FrgIon,1,TRUE,TRUE,FALSE,1,TRUE,1,llama3.1-8b,spectronaut,filter_aware,1,8.78
ProductCharge,FG.Charge,F.Charge,2,FALSE,FALSE,FALSE,1,TRUE,1,llama3.1-8b,spectronaut,filter_aware,1,8.78
Run,R.FileName,R.FileName,1,TRUE,TRUE,FALSE,1,TRUE,1,llama3.1-8b,spectronaut,filter_aware,1,8.78
Intensity,F.NormalizedPeakArea,F.PeakArea,4,FALSE,TRUE,FALSE,1,TRUE,1,llama3.1-8b,spectronaut,filter_aware,1,8.78
Qvalue,PG.Qvalue,EG.Qvalue,1,FALSE,FALSE,FALSE,1,TRUE,1,llama3.1-8b,spectronaut,filter_aware,1,8.78
ProteinName,PG.ProteinAccessions,PG.ProteinGroups,2,FALSE,TRUE,FALSE,1,TRUE,1,llama3.1-8b,spectronaut,filter_aware,2,8.61
PeptideSequence,PEP.StrippedSequence,EG.ModifiedSequence,1,FALSE,FALSE,FALSE,1,TRUE,1,llama3.1-8b,spectronaut,filter_aware,2,8.61
PrecursorCharge,FG.Charge,FG.Charge,1,TRUE,TRUE,FALSE,1,TRUE,1,llama3.1-8b,spectronaut,filter_aware,2,8.61
FragmentIon,F.FrgIon,F.FrgIon,1,TRUE,TRUE,FALSE,1,TRUE,1,llama3.1-8b,spectronaut,filter_aware,2,8.61
ProductCharge,FG.Charge,F.Charge,2,FALSE,FALSE,FALSE,1,TRUE,1,llama3.1-8b,spectronaut,filter_aware,2,8.61
Run,R.FileName,R.FileName,1,TRUE,TRUE,FALSE,1,TRUE,1,llama3.1-8b,spectronaut,filter_aware,2,8.61
Intensity,F.NormalizedPeakArea,F.PeakArea,4,FALSE,TRUE,FALSE,1,TRUE,1,llama3.1-8b,spectronaut,filter_aware,2,8.61
Qvalue,PG.Qvalue,EG.Qvalue,1,FALSE,FALSE,FALSE,1,TRUE,1,llama3.1-8b,spectronaut,filter_aware,2,8.61
ProteinName,PG.ProteinAccessions,PG.ProteinGroups,2,FALSE,TRUE,FALSE,1,TRUE,1,llama3.1-8b,spectronaut,filter_aware,3,8.36
PeptideSequence,PEP.StrippedSequence,EG.ModifiedSequence,1,FALSE,FALSE,FALSE,1,TRUE,1,llama3.1-8b,spectronaut,filter_aware,3,8.36
PrecursorCharge,FG.Charge,FG.Charge,1,TRUE,TRUE,FALSE,1,TRUE,1,llama3.1-8b,spectronaut,filter_aware,3,8.36
FragmentIon,F.FrgIon,F.FrgIon,1,TRUE,TRUE,FALSE,1,TRUE,1,llama3.1-8b,spectronaut,filter_aware,3,8.36
ProductCharge,FG.Charge,F.Charge,2,FALSE,FALSE,FALSE,1,TRUE,1,llama3.1-8b,spectronaut,filter_aware,3,8.36
Run,R.FileName,R.FileName,1,TRUE,TRUE,FALSE,1,TRUE,1,llama3.1-8b,spectronaut,filter_aware,3,8.36
Intensity,F.NormalizedPeakArea,F.PeakArea,4,FALSE,TRUE,FALSE,1,TRUE,1,llama3.1-8b,spectronaut,filter_aware,3,8.36
Qvalue,PG.Qvalue,EG.Qvalue,1,FALSE,FALSE,FALSE,1,TRUE,1,llama3.1-8b,spectronaut,filter_aware,3,8.36
ProteinName,PG.ProteinAccessions,PG.ProteinGroups,2,FALSE,TRUE,FALSE,0.98,TRUE,1,llama3.1-8b,spectronaut,constrained_filter,1,9.9
PeptideSequence,PEP.StrippedSequence,EG.ModifiedSequence,1,FALSE,FALSE,FALSE,0.98,TRUE,1,llama3.1-8b,spectronaut,constrained_filter,1,9.9
PrecursorCharge,FG.Charge,FG.Charge,1,TRUE,TRUE,FALSE,0.98,TRUE,1,llama3.1-8b,spectronaut,constrained_filter,1,9.9
FragmentIon,F.FrgIon,F.FrgIon,1,TRUE,TRUE,FALSE,0.98,TRUE,1,llama3.1-8b,spectronaut,constrained_filter,1,9.9
ProductCharge,FG.Charge,F.Charge,2,FALSE,FALSE,FALSE,0.98,TRUE,1,llama3.1-8b,spectronaut,constrained_filter,1,9.9
Run,R.FileName,R.FileName,1,TRUE,TRUE,FALSE,0.92,TRUE,1,llama3.1-8b,spectronaut,constrained_filter,1,9.9
Intensity,F.NormalizedPeakArea,F.PeakArea,4,FALSE,TRUE,FALSE,0.92,TRUE,1,llama3.1-8b,spectronaut,constrained_filter,1,9.9
Qvalue,PG.Qvalue,EG.Qvalue,1,FALSE,FALSE,FALSE,0.98,TRUE,1,llama3.1-8b,spectronaut,constrained_filter,1,9.9
ProteinName,PG.ProteinAccessions,PG.ProteinGroups,2,FALSE,TRUE,FALSE,0.98,TRUE,1,llama3.1-8b,spectronaut,constrained_filter,2,10.52
PeptideSequence,PEP.StrippedSequence,EG.ModifiedSequence,1,FALSE,FALSE,FALSE,0.98,TRUE,1,llama3.1-8b,spectronaut,constrained_filter,2,10.52
PrecursorCharge,FG.Charge,FG.Charge,1,TRUE,TRUE,FALSE,0.98,TRUE,1,llama3.1-8b,spectronaut,constrained_filter,2,10.52
FragmentIon,F.FrgIon,F.FrgIon,1,TRUE,TRUE,FALSE,0.98,TRUE,1,llama3.1-8b,spectronaut,constrained_filter,2,10.52
ProductCharge,FG.Charge,F.Charge,2,FALSE,FALSE,FALSE,0.98,TRUE,1,llama3.1-8b,spectronaut,constrained_filter,2,10.52
Run,R.FileName,R.FileName,1,TRUE,TRUE,FALSE,0.92,TRUE,1,llama3.1-8b,spectronaut,constrained_filter,2,10.52
Intensity,F.NormalizedPeakArea,F.PeakArea,4,FALSE,TRUE,FALSE,0.92,TRUE,1,llama3.1-8b,spectronaut,constrained_filter,2,10.52
Qvalue,PG.Qvalue,EG.Qvalue,1,FALSE,FALSE,FALSE,0.98,TRUE,1,llama3.1-8b,spectronaut,constrained_filter,2,10.52
ProteinName,PG.ProteinAccessions,PG.ProteinGroups,2,FALSE,TRUE,FALSE,0.98,TRUE,1,llama3.1-8b,spectronaut,constrained_filter,3,9.11
PeptideSequence,PEP.StrippedSequence,EG.ModifiedSequence,1,FALSE,FALSE,FALSE,0.98,TRUE,1,llama3.1-8b,spectronaut,constrained_filter,3,9.11
PrecursorCharge,FG.Charge,FG.Charge,1,TRUE,TRUE,FALSE,0.98,TRUE,1,llama3.1-8b,spectronaut,constrained_filter,3,9.11
FragmentIon,F.FrgIon,F.FrgIon,1,TRUE,TRUE,FALSE,0.98,TRUE,1,llama3.1-8b,spectronaut,constrained_filter,3,9.11
ProductCharge,FG.Charge,F.Charge,2,FALSE,FALSE,FALSE,0.98,TRUE,1,llama3.1-8b,spectronaut,constrained_filter,3,9.11
Run,R.FileName,R.FileName,1,TRUE,TRUE,FALSE,0.92,TRUE,1,llama3.1-8b,spectronaut,constrained_filter,3,9.11
Intensity,F.NormalizedPeakArea,F.PeakArea,4,FALSE,TRUE,FALSE,0.92,TRUE,1,llama3.1-8b,spectronaut,constrained_filter,3,9.11
Qvalue,PG.Qvalue,EG.Qvalue,1,FALSE,FALSE,FALSE,0.98,TRUE,1,llama3.1-8b,spectronaut,constrained_filter,3,9.11
ProteinName,PG.ProteinAccessions,PG.ProteinGroups,2,FALSE,TRUE,FALSE,0.98,TRUE,1,llama3.1-8b,spectronaut,constrained_v2,1,6.14
PeptideSequence,EG.ModifiedSequence,EG.ModifiedSequence,1,TRUE,TRUE,FALSE,0.98,TRUE,1,llama3.1-8b,spectronaut,constrained_v2,1,6.14
PrecursorCharge,FG.Charge,FG.Charge,1,TRUE,TRUE,FALSE,0.98,TRUE,1,llama3.1-8b,spectronaut,constrained_v2,1,6.14
FragmentIon,F.FrgIon,F.FrgIon,1,TRUE,TRUE,FALSE,0.98,TRUE,1,llama3.1-8b,spectronaut,constrained_v2,1,6.14
ProductCharge,FG.Charge,F.Charge,2,FALSE,FALSE,FALSE,0.98,TRUE,1,llama3.1-8b,spectronaut,constrained_v2,1,6.14
Run,R.FileName,R.FileName,1,TRUE,TRUE,FALSE,0.92,TRUE,1,llama3.1-8b,spectronaut,constrained_v2,1,6.14
Intensity,F.NormalizedPeakArea,F.PeakArea,4,FALSE,TRUE,FALSE,0.98,TRUE,1,llama3.1-8b,spectronaut,constrained_v2,1,6.14
Qvalue,EG.Qvalue,EG.Qvalue,1,TRUE,TRUE,FALSE,0.98,TRUE,1,llama3.1-8b,spectronaut,constrained_v2,1,6.14
ProteinName,PG.ProteinAccessions,PG.ProteinGroups,2,FALSE,TRUE,FALSE,0.98,TRUE,1,llama3.1-8b,spectronaut,constrained_v2,2,5.12
PeptideSequence,EG.ModifiedSequence,EG.ModifiedSequence,1,TRUE,TRUE,FALSE,0.98,TRUE,1,llama3.1-8b,spectronaut,constrained_v2,2,5.12
PrecursorCharge,FG.Charge,FG.Charge,1,TRUE,TRUE,FALSE,0.98,TRUE,1,llama3.1-8b,spectronaut,constrained_v2,2,5.12
FragmentIon,F.FrgIon,F.FrgIon,1,TRUE,TRUE,FALSE,0.98,TRUE,1,llama3.1-8b,spectronaut,constrained_v2,2,5.12
ProductCharge,FG.Charge,F.Charge,2,FALSE,FALSE,FALSE,0.98,TRUE,1,llama3.1-8b,spectronaut,constrained_v2,2,5.12
Run,R.FileName,R.FileName,1,TRUE,TRUE,FALSE,0.92,TRUE,1,llama3.1-8b,spectronaut,constrained_v2,2,5.12
Intensity,F.NormalizedPeakArea,F.PeakArea,4,FALSE,TRUE,FALSE,0.98,TRUE,1,llama3.1-8b,spectronaut,constrained_v2,2,5.12
Qvalue,EG.Qvalue,EG.Qvalue,1,TRUE,TRUE,FALSE,0.98,TRUE,1,llama3.1-8b,spectronaut,constrained_v2,2,5.12
ProteinName,PG.ProteinAccessions,PG.ProteinGroups,2,FALSE,TRUE,FALSE,0.98,TRUE,1,llama3.1-8b,spectronaut,constrained_v2,3,5.7
PeptideSequence,EG.ModifiedSequence,EG.ModifiedSequence,1,TRUE,TRUE,FALSE,0.98,TRUE,1,llama3.1-8b,spectronaut,constrained_v2,3,5.7
PrecursorCharge,FG.Charge,FG.Charge,1,TRUE,TRUE,FALSE,0.98,TRUE,1,llama3.1-8b,spectronaut,constrained_v2,3,5.7
FragmentIon,F.FrgIon,F.FrgIon,1,TRUE,TRUE,FALSE,0.98,TRUE,1,llama3.1-8b,spectronaut,constrained_v2,3,5.7
ProductCharge,FG.Charge,F.Charge,2,FALSE,FALSE,FALSE,0.98,TRUE,1,llama3.1-8b,spectronaut,constrained_v2,3,5.7
Run,R.FileName,R.FileName,1,TRUE,TRUE,FALSE,0.92,TRUE,1,llama3.1-8b,spectronaut,constrained_v2,3,5.7
Intensity,F.NormalizedPeakArea,F.PeakArea,4,FALSE,TRUE,FALSE,0.98,TRUE,1,llama3.1-8b,spectronaut,constrained_v2,3,5.7
Qvalue,EG.Qvalue,EG.Qvalue,1,TRUE,TRUE,FALSE,0.98,TRUE,1,llama3.1-8b,spectronaut,constrained_v2,3,5.7
ProteinName,PG.ProteinAccessions,PG.ProteinGroups,2,FALSE,TRUE,FALSE,0.98,TRUE,1,llama3.1-8b,spectronaut,constrained_filter_v2,1,6.25
PeptideSequence,EG.ModifiedSequence,EG.ModifiedSequence,1,TRUE,TRUE,FALSE,0.98,TRUE,1,llama3.1-8b,spectronaut,constrained_filter_v2,1,6.25
PrecursorCharge,FG.Charge,FG.Charge,1,TRUE,TRUE,FALSE,0.98,TRUE,1,llama3.1-8b,spectronaut,constrained_filter_v2,1,6.25
FragmentIon,F.FrgIon,F.FrgIon,1,TRUE,TRUE,FALSE,0.98,TRUE,1,llama3.1-8b,spectronaut,constrained_filter_v2,1,6.25
ProductCharge,FG.Charge,F.Charge,2,FALSE,FALSE,FALSE,0.92,TRUE,1,llama3.1-8b,spectronaut,constrained_filter_v2,1,6.25
Run,R.FileName,R.FileName,1,TRUE,TRUE,FALSE,0.98,TRUE,1,llama3.1-8b,spectronaut,constrained_filter_v2,1,6.25
Intensity,F.NormalizedPeakArea,F.PeakArea,4,FALSE,TRUE,FALSE,0.98,TRUE,1,llama3.1-8b,spectronaut,constrained_filter_v2,1,6.25
Qvalue,PG.Qvalue,EG.Qvalue,1,FALSE,FALSE,FALSE,0.98,TRUE,1,llama3.1-8b,spectronaut,constrained_filter_v2,1,6.25
ProteinName,PG.ProteinAccessions,PG.ProteinGroups,2,FALSE,TRUE,FALSE,0.98,TRUE,1,llama3.1-8b,spectronaut,constrained_filter_v2,2,4.88
PeptideSequence,EG.ModifiedSequence,EG.ModifiedSequence,1,TRUE,TRUE,FALSE,0.98,TRUE,1,llama3.1-8b,spectronaut,constrained_filter_v2,2,4.88
PrecursorCharge,FG.Charge,FG.Charge,1,TRUE,TRUE,FALSE,0.98,TRUE,1,llama3.1-8b,spectronaut,constrained_filter_v2,2,4.88
FragmentIon,F.FrgIon,F.FrgIon,1,TRUE,TRUE,FALSE,0.98,TRUE,1,llama3.1-8b,spectronaut,constrained_filter_v2,2,4.88
ProductCharge,FG.Charge,F.Charge,2,FALSE,FALSE,FALSE,0.92,TRUE,1,llama3.1-8b,spectronaut,constrained_filter_v2,2,4.88
Run,R.FileName,R.FileName,1,TRUE,TRUE,FALSE,0.98,TRUE,1,llama3.1-8b,spectronaut,constrained_filter_v2,2,4.88
Intensity,F.NormalizedPeakArea,F.PeakArea,4,FALSE,TRUE,FALSE,0.98,TRUE,1,llama3.1-8b,spectronaut,constrained_filter_v2,2,4.88
Qvalue,PG.Qvalue,EG.Qvalue,1,FALSE,FALSE,FALSE,0.98,TRUE,1,llama3.1-8b,spectronaut,constrained_filter_v2,2,4.88
ProteinName,PG.ProteinAccessions,PG.ProteinGroups,2,FALSE,TRUE,FALSE,0.98,TRUE,1,llama3.1-8b,spectronaut,constrained_filter_v2,3,5.66
PeptideSequence,EG.ModifiedSequence,EG.ModifiedSequence,1,TRUE,TRUE,FALSE,0.98,TRUE,1,llama3.1-8b,spectronaut,constrained_filter_v2,3,5.66
PrecursorCharge,FG.Charge,FG.Charge,1,TRUE,TRUE,FALSE,0.98,TRUE,1,llama3.1-8b,spectronaut,constrained_filter_v2,3,5.66
FragmentIon,F.FrgIon,F.FrgIon,1,TRUE,TRUE,FALSE,0.98,TRUE,1,llama3.1-8b,spectronaut,constrained_filter_v2,3,5.66
ProductCharge,FG.Charge,F.Charge,2,FALSE,FALSE,FALSE,0.92,TRUE,1,llama3.1-8b,spectronaut,constrained_filter_v2,3,5.66
Run,R.FileName,R.FileName,1,TRUE,TRUE,FALSE,0.98,TRUE,1,llama3.1-8b,spectronaut,constrained_filter_v2,3,5.66
Intensity,F.NormalizedPeakArea,F.PeakArea,4,FALSE,TRUE,FALSE,0.98,TRUE,1,llama3.1-8b,spectronaut,constrained_filter_v2,3,5.66
Qvalue,PG.Qvalue,EG.Qvalue,1,FALSE,FALSE,FALSE,0.98,TRUE,1,llama3.1-8b,spectronaut,constrained_filter_v2,3,5.66
ProteinName,PG.ProteinAccessions,PG.ProteinGroups,2,FALSE,TRUE,FALSE,0.98,TRUE,1,llama3.1-8b,spectronaut,constrained_v3,1,5.75
PeptideSequence,EG.ModifiedSequence,EG.ModifiedSequence,1,TRUE,TRUE,FALSE,0.98,TRUE,1,llama3.1-8b,spectronaut,constrained_v3,1,5.75
PrecursorCharge,FG.Charge,FG.Charge,1,TRUE,TRUE,FALSE,0.98,TRUE,1,llama3.1-8b,spectronaut,constrained_v3,1,5.75
FragmentIon,F.FrgIon,F.FrgIon,1,TRUE,TRUE,FALSE,0.98,TRUE,1,llama3.1-8b,spectronaut,constrained_v3,1,5.75
ProductCharge,F.Charge,F.Charge,2,TRUE,TRUE,FALSE,0.98,TRUE,1,llama3.1-8b,spectronaut,constrained_v3,1,5.75
Run,R.FileName,R.FileName,1,TRUE,TRUE,FALSE,0.92,TRUE,1,llama3.1-8b,spectronaut,constrained_v3,1,5.75
Intensity,F.NormalizedPeakArea,F.PeakArea,4,FALSE,TRUE,FALSE,0.98,TRUE,1,llama3.1-8b,spectronaut,constrained_v3,1,5.75
Qvalue,EG.Qvalue,EG.Qvalue,1,TRUE,TRUE,FALSE,0.98,TRUE,1,llama3.1-8b,spectronaut,constrained_v3,1,5.75
ProteinName,PG.ProteinAccessions,PG.ProteinGroups,2,FALSE,TRUE,FALSE,0.98,TRUE,1,llama3.1-8b,spectronaut,constrained_v3,2,5.17
PeptideSequence,EG.ModifiedSequence,EG.ModifiedSequence,1,TRUE,TRUE,FALSE,0.98,TRUE,1,llama3.1-8b,spectronaut,constrained_v3,2,5.17
PrecursorCharge,FG.Charge,FG.Charge,1,TRUE,TRUE,FALSE,0.98,TRUE,1,llama3.1-8b,spectronaut,constrained_v3,2,5.17
FragmentIon,F.FrgIon,F.FrgIon,1,TRUE,TRUE,FALSE,0.98,TRUE,1,llama3.1-8b,spectronaut,constrained_v3,2,5.17
ProductCharge,F.Charge,F.Charge,2,TRUE,TRUE,FALSE,0.98,TRUE,1,llama3.1-8b,spectronaut,constrained_v3,2,5.17
Run,R.FileName,R.FileName,1,TRUE,TRUE,FALSE,0.92,TRUE,1,llama3.1-8b,spectronaut,constrained_v3,2,5.17
Intensity,F.NormalizedPeakArea,F.PeakArea,4,FALSE,TRUE,FALSE,0.98,TRUE,1,llama3.1-8b,spectronaut,constrained_v3,2,5.17
Qvalue,EG.Qvalue,EG.Qvalue,1,TRUE,TRUE,FALSE,0.98,TRUE,1,llama3.1-8b,spectronaut,constrained_v3,2,5.17
ProteinName,PG.ProteinAccessions,PG.ProteinGroups,2,FALSE,TRUE,FALSE,0.98,TRUE,1,llama3.1-8b,spectronaut,constrained_v3,3,5.22
PeptideSequence,EG.ModifiedSequence,EG.ModifiedSequence,1,TRUE,TRUE,FALSE,0.98,TRUE,1,llama3.1-8b,spectronaut,constrained_v3,3,5.22
PrecursorCharge,FG.Charge,FG.Charge,1,TRUE,TRUE,FALSE,0.98,TRUE,1,llama3.1-8b,spectronaut,constrained_v3,3,5.22
FragmentIon,F.FrgIon,F.FrgIon,1,TRUE,TRUE,FALSE,0.98,TRUE,1,llama3.1-8b,spectronaut,constrained_v3,3,5.22
ProductCharge,F.Charge,F.Charge,2,TRUE,TRUE,FALSE,0.98,TRUE,1,llama3.1-8b,spectronaut,constrained_v3,3,5.22
Run,R.FileName,R.FileName,1,TRUE,TRUE,FALSE,0.92,TRUE,1,llama3.1-8b,spectronaut,constrained_v3,3,5.22
Intensity,F.NormalizedPeakArea,F.PeakArea,4,FALSE,TRUE,FALSE,0.98,TRUE,1,llama3.1-8b,spectronaut,constrained_v3,3,5.22
Qvalue,EG.Qvalue,EG.Qvalue,1,TRUE,TRUE,FALSE,0.98,TRUE,1,llama3.1-8b,spectronaut,constrained_v3,3,5.22
ProteinName,PG.ProteinAccessions,PG.ProteinGroups,2,FALSE,TRUE,FALSE,0.98,TRUE,1,llama3.1-8b,spectronaut,constrained_filter_v3,1,6.17
PeptideSequence,EG.ModifiedSequence,EG.ModifiedSequence,1,TRUE,TRUE,FALSE,0.98,TRUE,1,llama3.1-8b,spectronaut,constrained_filter_v3,1,6.17
PrecursorCharge,FG.Charge,FG.Charge,1,TRUE,TRUE,FALSE,0.98,TRUE,1,llama3.1-8b,spectronaut,constrained_filter_v3,1,6.17
FragmentIon,F.FrgIon,F.FrgIon,1,TRUE,TRUE,FALSE,0.98,TRUE,1,llama3.1-8b,spectronaut,constrained_filter_v3,1,6.17
ProductCharge,F.Charge,F.Charge,2,TRUE,TRUE,FALSE,0.98,TRUE,1,llama3.1-8b,spectronaut,constrained_filter_v3,1,6.17
Run,R.FileName,R.FileName,1,TRUE,TRUE,FALSE,0.92,TRUE,1,llama3.1-8b,spectronaut,constrained_filter_v3,1,6.17
Intensity,F.NormalizedPeakArea,F.PeakArea,4,FALSE,TRUE,FALSE,0.92,TRUE,1,llama3.1-8b,spectronaut,constrained_filter_v3,1,6.17
Qvalue,PG.Qvalue,EG.Qvalue,1,FALSE,FALSE,FALSE,0.98,TRUE,1,llama3.1-8b,spectronaut,constrained_filter_v3,1,6.17
ProteinName,PG.ProteinAccessions,PG.ProteinGroups,2,FALSE,TRUE,FALSE,0.98,TRUE,1,llama3.1-8b,spectronaut,constrained_filter_v3,2,6.05
PeptideSequence,EG.ModifiedSequence,EG.ModifiedSequence,1,TRUE,TRUE,FALSE,0.98,TRUE,1,llama3.1-8b,spectronaut,constrained_filter_v3,2,6.05
PrecursorCharge,FG.Charge,FG.Charge,1,TRUE,TRUE,FALSE,0.98,TRUE,1,llama3.1-8b,spectronaut,constrained_filter_v3,2,6.05
FragmentIon,F.FrgIon,F.FrgIon,1,TRUE,TRUE,FALSE,0.98,TRUE,1,llama3.1-8b,spectronaut,constrained_filter_v3,2,6.05
ProductCharge,F.Charge,F.Charge,2,TRUE,TRUE,FALSE,0.98,TRUE,1,llama3.1-8b,spectronaut,constrained_filter_v3,2,6.05
Run,R.FileName,R.FileName,1,TRUE,TRUE,FALSE,0.92,TRUE,1,llama3.1-8b,spectronaut,constrained_filter_v3,2,6.05
Intensity,F.NormalizedPeakArea,F.PeakArea,4,FALSE,TRUE,FALSE,0.92,TRUE,1,llama3.1-8b,spectronaut,constrained_filter_v3,2,6.05
Qvalue,PG.Qvalue,EG.Qvalue,1,FALSE,FALSE,FALSE,0.98,TRUE,1,llama3.1-8b,spectronaut,constrained_filter_v3,2,6.05
ProteinName,PG.ProteinAccessions,PG.ProteinGroups,2,FALSE,TRUE,FALSE,0.98,TRUE,1,llama3.1-8b,spectronaut,constrained_filter_v3,3,6.75
PeptideSequence,EG.ModifiedSequence,EG.ModifiedSequence,1,TRUE,TRUE,FALSE,0.98,TRUE,1,llama3.1-8b,spectronaut,constrained_filter_v3,3,6.75
PrecursorCharge,FG.Charge,FG.Charge,1,TRUE,TRUE,FALSE,0.98,TRUE,1,llama3.1-8b,spectronaut,constrained_filter_v3,3,6.75
FragmentIon,F.FrgIon,F.FrgIon,1,TRUE,TRUE,FALSE,0.98,TRUE,1,llama3.1-8b,spectronaut,constrained_filter_v3,3,6.75
ProductCharge,F.Charge,F.Charge,2,TRUE,TRUE,FALSE,0.98,TRUE,1,llama3.1-8b,spectronaut,constrained_filter_v3,3,6.75
Run,R.FileName,R.FileName,1,TRUE,TRUE,FALSE,0.92,TRUE,1,llama3.1-8b,spectronaut,constrained_filter_v3,3,6.75
Intensity,F.NormalizedPeakArea,F.PeakArea,4,FALSE,TRUE,FALSE,0.92,TRUE,1,llama3.1-8b,spectronaut,constrained_filter_v3,3,6.75
Qvalue,PG.Qvalue,EG.Qvalue,1,FALSE,FALSE,FALSE,0.98,TRUE,1,llama3.1-8b,spectronaut,constrained_filter_v3,3,6.75
ProteinName,PG.ProteinAccessions,PG.ProteinGroups,2,FALSE,TRUE,FALSE,1,TRUE,1,deepseek-r1-14b,spectronaut,lean,1,18.38
PeptideSequence,EG.ModifiedSequence,EG.ModifiedSequence,1,TRUE,TRUE,FALSE,1,TRUE,1,deepseek-r1-14b,spectronaut,lean,1,18.38
PrecursorCharge,FG.Charge,FG.Charge,1,TRUE,TRUE,FALSE,1,TRUE,1,deepseek-r1-14b,spectronaut,lean,1,18.38
FragmentIon,F.FrgIon,F.FrgIon,1,TRUE,TRUE,FALSE,1,TRUE,1,deepseek-r1-14b,spectronaut,lean,1,18.38
ProductCharge,F.Charge,F.Charge,2,TRUE,TRUE,FALSE,1,TRUE,1,deepseek-r1-14b,spectronaut,lean,1,18.38
Run,R.FileName,R.FileName,1,TRUE,TRUE,FALSE,1,TRUE,1,deepseek-r1-14b,spectronaut,lean,1,18.38
Intensity,F.NormalizedPeakArea,F.PeakArea,4,FALSE,TRUE,FALSE,1,TRUE,1,deepseek-r1-14b,spectronaut,lean,1,18.38
Qvalue,PG.Qvalue,EG.Qvalue,1,FALSE,FALSE,FALSE,1,TRUE,1,deepseek-r1-14b,spectronaut,lean,1,18.38
ProteinName,PG.ProteinAccessions,PG.ProteinGroups,2,FALSE,TRUE,FALSE,1,TRUE,1,deepseek-r1-14b,spectronaut,lean,2,17.45
PeptideSequence,EG.ModifiedSequence,EG.ModifiedSequence,1,TRUE,TRUE,FALSE,1,TRUE,1,deepseek-r1-14b,spectronaut,lean,2,17.45
PrecursorCharge,FG.Charge,FG.Charge,1,TRUE,TRUE,FALSE,1,TRUE,1,deepseek-r1-14b,spectronaut,lean,2,17.45
FragmentIon,F.FrgIon,F.FrgIon,1,TRUE,TRUE,FALSE,1,TRUE,1,deepseek-r1-14b,spectronaut,lean,2,17.45
ProductCharge,F.Charge,F.Charge,2,TRUE,TRUE,FALSE,1,TRUE,1,deepseek-r1-14b,spectronaut,lean,2,17.45
Run,R.FileName,R.FileName,1,TRUE,TRUE,FALSE,1,TRUE,1,deepseek-r1-14b,spectronaut,lean,2,17.45
Intensity,F.NormalizedPeakArea,F.PeakArea,4,FALSE,TRUE,FALSE,1,TRUE,1,deepseek-r1-14b,spectronaut,lean,2,17.45
Qvalue,PG.Qvalue,EG.Qvalue,1,FALSE,FALSE,FALSE,1,TRUE,1,deepseek-r1-14b,spectronaut,lean,2,17.45
ProteinName,PG.ProteinAccessions,PG.ProteinGroups,2,FALSE,TRUE,FALSE,1,TRUE,1,deepseek-r1-14b,spectronaut,lean,3,21.28
PeptideSequence,EG.ModifiedSequence,EG.ModifiedSequence,1,TRUE,TRUE,FALSE,1,TRUE,1,deepseek-r1-14b,spectronaut,lean,3,21.28
PrecursorCharge,FG.Charge,FG.Charge,1,TRUE,TRUE,FALSE,1,TRUE,1,deepseek-r1-14b,spectronaut,lean,3,21.28
FragmentIon,F.FrgIon,F.FrgIon,1,TRUE,TRUE,FALSE,1,TRUE,1,deepseek-r1-14b,spectronaut,lean,3,21.28
ProductCharge,F.Charge,F.Charge,2,TRUE,TRUE,FALSE,1,TRUE,1,deepseek-r1-14b,spectronaut,lean,3,21.28
Run,R.FileName,R.FileName,1,TRUE,TRUE,FALSE,1,TRUE,1,deepseek-r1-14b,spectronaut,lean,3,21.28
Intensity,F.NormalizedPeakArea,F.PeakArea,4,FALSE,TRUE,FALSE,1,TRUE,1,deepseek-r1-14b,spectronaut,lean,3,21.28
Qvalue,PG.Qvalue,EG.Qvalue,1,FALSE,FALSE,FALSE,1,TRUE,1,deepseek-r1-14b,spectronaut,lean,3,21.28
ProteinName,PG.ProteinAccessions,PG.ProteinGroups,2,FALSE,TRUE,FALSE,0.98,TRUE,1,deepseek-r1-14b,spectronaut,constrained,1,21.58
PeptideSequence,PEP.StrippedSequence,EG.ModifiedSequence,1,FALSE,FALSE,FALSE,0.98,TRUE,1,deepseek-r1-14b,spectronaut,constrained,1,21.58
PrecursorCharge,FG.Charge,FG.Charge,1,TRUE,TRUE,FALSE,0.98,TRUE,1,deepseek-r1-14b,spectronaut,constrained,1,21.58
FragmentIon,F.FrgIon,F.FrgIon,1,TRUE,TRUE,FALSE,0.98,TRUE,1,deepseek-r1-14b,spectronaut,constrained,1,21.58
ProductCharge,F.Charge,F.Charge,2,TRUE,TRUE,FALSE,0.98,TRUE,1,deepseek-r1-14b,spectronaut,constrained,1,21.58
Run,R.FileName,R.FileName,1,TRUE,TRUE,FALSE,0.98,TRUE,1,deepseek-r1-14b,spectronaut,constrained,1,21.58
Intensity,F.NormalizedPeakArea,F.PeakArea,4,FALSE,TRUE,FALSE,0.98,TRUE,1,deepseek-r1-14b,spectronaut,constrained,1,21.58
Qvalue,EG.Qvalue,EG.Qvalue,1,TRUE,TRUE,FALSE,0.98,TRUE,1,deepseek-r1-14b,spectronaut,constrained,1,21.58
ProteinName,PG.ProteinAccessions,PG.ProteinGroups,2,FALSE,TRUE,FALSE,0.98,TRUE,1,deepseek-r1-14b,spectronaut,constrained,2,22.42
PeptideSequence,PEP.StrippedSequence,EG.ModifiedSequence,1,FALSE,FALSE,FALSE,0.98,TRUE,1,deepseek-r1-14b,spectronaut,constrained,2,22.42
PrecursorCharge,FG.Charge,FG.Charge,1,TRUE,TRUE,FALSE,0.98,TRUE,1,deepseek-r1-14b,spectronaut,constrained,2,22.42
FragmentIon,F.FrgIon,F.FrgIon,1,TRUE,TRUE,FALSE,0.98,TRUE,1,deepseek-r1-14b,spectronaut,constrained,2,22.42
ProductCharge,F.Charge,F.Charge,2,TRUE,TRUE,FALSE,0.98,TRUE,1,deepseek-r1-14b,spectronaut,constrained,2,22.42
Run,R.FileName,R.FileName,1,TRUE,TRUE,FALSE,0.98,TRUE,1,deepseek-r1-14b,spectronaut,constrained,2,22.42
Intensity,F.NormalizedPeakArea,F.PeakArea,4,FALSE,TRUE,FALSE,0.98,TRUE,1,deepseek-r1-14b,spectronaut,constrained,2,22.42
Qvalue,EG.Qvalue,EG.Qvalue,1,TRUE,TRUE,FALSE,0.98,TRUE,1,deepseek-r1-14b,spectronaut,constrained,2,22.42
ProteinName,PG.ProteinAccessions,PG.ProteinGroups,2,FALSE,TRUE,FALSE,0.98,TRUE,1,deepseek-r1-14b,spectronaut,constrained,3,21.67
PeptideSequence,PEP.StrippedSequence,EG.ModifiedSequence,1,FALSE,FALSE,FALSE,0.98,TRUE,1,deepseek-r1-14b,spectronaut,constrained,3,21.67
PrecursorCharge,FG.Charge,FG.Charge,1,TRUE,TRUE,FALSE,0.98,TRUE,1,deepseek-r1-14b,spectronaut,constrained,3,21.67
FragmentIon,F.FrgIon,F.FrgIon,1,TRUE,TRUE,FALSE,0.98,TRUE,1,deepseek-r1-14b,spectronaut,constrained,3,21.67
ProductCharge,F.Charge,F.Charge,2,TRUE,TRUE,FALSE,0.98,TRUE,1,deepseek-r1-14b,spectronaut,constrained,3,21.67
Run,R.FileName,R.FileName,1,TRUE,TRUE,FALSE,0.98,TRUE,1,deepseek-r1-14b,spectronaut,constrained,3,21.67
Intensity,F.NormalizedPeakArea,F.PeakArea,4,FALSE,TRUE,FALSE,0.98,TRUE,1,deepseek-r1-14b,spectronaut,constrained,3,21.67
Qvalue,EG.Qvalue,EG.Qvalue,1,TRUE,TRUE,FALSE,0.98,TRUE,1,deepseek-r1-14b,spectronaut,constrained,3,21.67
ProteinName,PG.ProteinAccessions,PG.ProteinGroups,2,FALSE,TRUE,FALSE,0.95,TRUE,1,deepseek-r1-14b,spectronaut,filter_aware,1,28.32
PeptideSequence,PEP.StrippedSequence,EG.ModifiedSequence,1,FALSE,FALSE,FALSE,0.95,TRUE,1,deepseek-r1-14b,spectronaut,filter_aware,1,28.32
PrecursorCharge,FG.Charge,FG.Charge,1,TRUE,TRUE,FALSE,0.95,TRUE,1,deepseek-r1-14b,spectronaut,filter_aware,1,28.32
FragmentIon,F.FrgIon,F.FrgIon,1,TRUE,TRUE,FALSE,0.95,TRUE,1,deepseek-r1-14b,spectronaut,filter_aware,1,28.32
ProductCharge,F.Charge,F.Charge,2,TRUE,TRUE,FALSE,0.85,TRUE,1,deepseek-r1-14b,spectronaut,filter_aware,1,28.32
Run,R.FileName,R.FileName,1,TRUE,TRUE,FALSE,0.95,TRUE,1,deepseek-r1-14b,spectronaut,filter_aware,1,28.32
Intensity,F.NormalizedPeakArea,F.PeakArea,4,FALSE,TRUE,FALSE,0.95,TRUE,1,deepseek-r1-14b,spectronaut,filter_aware,1,28.32
Qvalue,EG.Qvalue,EG.Qvalue,1,TRUE,TRUE,FALSE,0.85,TRUE,1,deepseek-r1-14b,spectronaut,filter_aware,1,28.32
ProteinName,PG.ProteinAccessions,PG.ProteinGroups,2,FALSE,TRUE,FALSE,0.95,TRUE,1,deepseek-r1-14b,spectronaut,filter_aware,2,30.26
PeptideSequence,PEP.StrippedSequence,EG.ModifiedSequence,1,FALSE,FALSE,FALSE,0.95,TRUE,1,deepseek-r1-14b,spectronaut,filter_aware,2,30.26
PrecursorCharge,FG.Charge,FG.Charge,1,TRUE,TRUE,FALSE,0.95,TRUE,1,deepseek-r1-14b,spectronaut,filter_aware,2,30.26
FragmentIon,F.FrgIon,F.FrgIon,1,TRUE,TRUE,FALSE,0.95,TRUE,1,deepseek-r1-14b,spectronaut,filter_aware,2,30.26
ProductCharge,F.Charge,F.Charge,2,TRUE,TRUE,FALSE,0.85,TRUE,1,deepseek-r1-14b,spectronaut,filter_aware,2,30.26
Run,R.FileName,R.FileName,1,TRUE,TRUE,FALSE,0.95,TRUE,1,deepseek-r1-14b,spectronaut,filter_aware,2,30.26
Intensity,F.NormalizedPeakArea,F.PeakArea,4,FALSE,TRUE,FALSE,0.95,TRUE,1,deepseek-r1-14b,spectronaut,filter_aware,2,30.26
Qvalue,EG.Qvalue,EG.Qvalue,1,TRUE,TRUE,FALSE,0.85,TRUE,1,deepseek-r1-14b,spectronaut,filter_aware,2,30.26
ProteinName,PG.ProteinAccessions,PG.ProteinGroups,2,FALSE,TRUE,FALSE,0.95,TRUE,1,deepseek-r1-14b,spectronaut,filter_aware,3,28.64
PeptideSequence,PEP.StrippedSequence,EG.ModifiedSequence,1,FALSE,FALSE,FALSE,0.95,TRUE,1,deepseek-r1-14b,spectronaut,filter_aware,3,28.64
PrecursorCharge,FG.Charge,FG.Charge,1,TRUE,TRUE,FALSE,0.95,TRUE,1,deepseek-r1-14b,spectronaut,filter_aware,3,28.64
FragmentIon,F.FrgIon,F.FrgIon,1,TRUE,TRUE,FALSE,0.95,TRUE,1,deepseek-r1-14b,spectronaut,filter_aware,3,28.64
ProductCharge,F.Charge,F.Charge,2,TRUE,TRUE,FALSE,0.85,TRUE,1,deepseek-r1-14b,spectronaut,filter_aware,3,28.64
Run,R.FileName,R.FileName,1,TRUE,TRUE,FALSE,0.95,TRUE,1,deepseek-r1-14b,spectronaut,filter_aware,3,28.64
Intensity,F.NormalizedPeakArea,F.PeakArea,4,FALSE,TRUE,FALSE,0.95,TRUE,1,deepseek-r1-14b,spectronaut,filter_aware,3,28.64
Qvalue,EG.Qvalue,EG.Qvalue,1,TRUE,TRUE,FALSE,0.85,TRUE,1,deepseek-r1-14b,spectronaut,filter_aware,3,28.64
ProteinName,PG.ProteinAccessions,PG.ProteinGroups,2,FALSE,TRUE,FALSE,0.98,TRUE,1,deepseek-r1-14b,spectronaut,constrained_filter,1,30.93
PeptideSequence,PEP.StrippedSequence,EG.ModifiedSequence,1,FALSE,FALSE,FALSE,0.98,TRUE,1,deepseek-r1-14b,spectronaut,constrained_filter,1,30.93
PrecursorCharge,FG.Charge,FG.Charge,1,TRUE,TRUE,FALSE,0.98,TRUE,1,deepseek-r1-14b,spectronaut,constrained_filter,1,30.93
FragmentIon,F.FrgIon,F.FrgIon,1,TRUE,TRUE,FALSE,0.98,TRUE,1,deepseek-r1-14b,spectronaut,constrained_filter,1,30.93
ProductCharge,F.Charge,F.Charge,2,TRUE,TRUE,FALSE,0.98,TRUE,1,deepseek-r1-14b,spectronaut,constrained_filter,1,30.93
Run,R.FileName,R.FileName,1,TRUE,TRUE,FALSE,0.98,TRUE,1,deepseek-r1-14b,spectronaut,constrained_filter,1,30.93
Intensity,F.NormalizedPeakArea,F.PeakArea,4,FALSE,TRUE,FALSE,0.98,TRUE,1,deepseek-r1-14b,spectronaut,constrained_filter,1,30.93
Qvalue,PG.Qvalue,EG.Qvalue,1,FALSE,FALSE,FALSE,0.98,TRUE,1,deepseek-r1-14b,spectronaut,constrained_filter,1,30.93
ProteinName,PG.ProteinAccessions,PG.ProteinGroups,2,FALSE,TRUE,FALSE,0.98,TRUE,1,deepseek-r1-14b,spectronaut,constrained_filter,2,29.84
PeptideSequence,PEP.StrippedSequence,EG.ModifiedSequence,1,FALSE,FALSE,FALSE,0.98,TRUE,1,deepseek-r1-14b,spectronaut,constrained_filter,2,29.84
PrecursorCharge,FG.Charge,FG.Charge,1,TRUE,TRUE,FALSE,0.98,TRUE,1,deepseek-r1-14b,spectronaut,constrained_filter,2,29.84
FragmentIon,F.FrgIon,F.FrgIon,1,TRUE,TRUE,FALSE,0.98,TRUE,1,deepseek-r1-14b,spectronaut,constrained_filter,2,29.84
ProductCharge,F.Charge,F.Charge,2,TRUE,TRUE,FALSE,0.98,TRUE,1,deepseek-r1-14b,spectronaut,constrained_filter,2,29.84
Run,R.FileName,R.FileName,1,TRUE,TRUE,FALSE,0.98,TRUE,1,deepseek-r1-14b,spectronaut,constrained_filter,2,29.84
Intensity,F.NormalizedPeakArea,F.PeakArea,4,FALSE,TRUE,FALSE,0.98,TRUE,1,deepseek-r1-14b,spectronaut,constrained_filter,2,29.84
Qvalue,PG.Qvalue,EG.Qvalue,1,FALSE,FALSE,FALSE,0.98,TRUE,1,deepseek-r1-14b,spectronaut,constrained_filter,2,29.84
ProteinName,PG.ProteinAccessions,PG.ProteinGroups,2,FALSE,TRUE,FALSE,0.98,TRUE,1,deepseek-r1-14b,spectronaut,constrained_filter,3,25.16
PeptideSequence,PEP.StrippedSequence,EG.ModifiedSequence,1,FALSE,FALSE,FALSE,0.98,TRUE,1,deepseek-r1-14b,spectronaut,constrained_filter,3,25.16
PrecursorCharge,FG.Charge,FG.Charge,1,TRUE,TRUE,FALSE,0.98,TRUE,1,deepseek-r1-14b,spectronaut,constrained_filter,3,25.16
FragmentIon,F.FrgIon,F.FrgIon,1,TRUE,TRUE,FALSE,0.98,TRUE,1,deepseek-r1-14b,spectronaut,constrained_filter,3,25.16
ProductCharge,F.Charge,F.Charge,2,TRUE,TRUE,FALSE,0.98,TRUE,1,deepseek-r1-14b,spectronaut,constrained_filter,3,25.16
Run,R.FileName,R.FileName,1,TRUE,TRUE,FALSE,0.98,TRUE,1,deepseek-r1-14b,spectronaut,constrained_filter,3,25.16
Intensity,F.NormalizedPeakArea,F.PeakArea,4,FALSE,TRUE,FALSE,0.98,TRUE,1,deepseek-r1-14b,spectronaut,constrained_filter,3,25.16
Qvalue,PG.Qvalue,EG.Qvalue,1,FALSE,FALSE,FALSE,0.98,TRUE,1,deepseek-r1-14b,spectronaut,constrained_filter,3,25.16
ProteinName,PG.ProteinAccessions,PG.ProteinGroups,2,FALSE,TRUE,FALSE,0.98,TRUE,1,deepseek-r1-14b,spectronaut,constrained_v2,1,16.76
PeptideSequence,EG.ModifiedSequence,EG.ModifiedSequence,1,TRUE,TRUE,FALSE,0.98,TRUE,1,deepseek-r1-14b,spectronaut,constrained_v2,1,16.76
PrecursorCharge,FG.Charge,FG.Charge,1,TRUE,TRUE,FALSE,0.98,TRUE,1,deepseek-r1-14b,spectronaut,constrained_v2,1,16.76
FragmentIon,F.FrgIon,F.FrgIon,1,TRUE,TRUE,FALSE,0.98,TRUE,1,deepseek-r1-14b,spectronaut,constrained_v2,1,16.76
ProductCharge,F.Charge,F.Charge,2,TRUE,TRUE,FALSE,0.92,TRUE,1,deepseek-r1-14b,spectronaut,constrained_v2,1,16.76
Run,R.FileName,R.FileName,1,TRUE,TRUE,FALSE,0.98,TRUE,1,deepseek-r1-14b,spectronaut,constrained_v2,1,16.76
Intensity,F.NormalizedPeakArea,F.PeakArea,4,FALSE,TRUE,FALSE,0.98,TRUE,1,deepseek-r1-14b,spectronaut,constrained_v2,1,16.76
Qvalue,EG.Qvalue,EG.Qvalue,1,TRUE,TRUE,FALSE,0.98,TRUE,1,deepseek-r1-14b,spectronaut,constrained_v2,1,16.76
ProteinName,PG.ProteinAccessions,PG.ProteinGroups,2,FALSE,TRUE,FALSE,0.98,TRUE,1,deepseek-r1-14b,spectronaut,constrained_v2,2,15.52
PeptideSequence,EG.ModifiedSequence,EG.ModifiedSequence,1,TRUE,TRUE,FALSE,0.98,TRUE,1,deepseek-r1-14b,spectronaut,constrained_v2,2,15.52
PrecursorCharge,FG.Charge,FG.Charge,1,TRUE,TRUE,FALSE,0.98,TRUE,1,deepseek-r1-14b,spectronaut,constrained_v2,2,15.52
FragmentIon,F.FrgIon,F.FrgIon,1,TRUE,TRUE,FALSE,0.98,TRUE,1,deepseek-r1-14b,spectronaut,constrained_v2,2,15.52
ProductCharge,F.Charge,F.Charge,2,TRUE,TRUE,FALSE,0.92,TRUE,1,deepseek-r1-14b,spectronaut,constrained_v2,2,15.52
Run,R.FileName,R.FileName,1,TRUE,TRUE,FALSE,0.98,TRUE,1,deepseek-r1-14b,spectronaut,constrained_v2,2,15.52
Intensity,F.NormalizedPeakArea,F.PeakArea,4,FALSE,TRUE,FALSE,0.98,TRUE,1,deepseek-r1-14b,spectronaut,constrained_v2,2,15.52
Qvalue,EG.Qvalue,EG.Qvalue,1,TRUE,TRUE,FALSE,0.98,TRUE,1,deepseek-r1-14b,spectronaut,constrained_v2,2,15.52
ProteinName,PG.ProteinAccessions,PG.ProteinGroups,2,FALSE,TRUE,FALSE,0.98,TRUE,1,deepseek-r1-14b,spectronaut,constrained_v2,3,18.69
PeptideSequence,EG.ModifiedSequence,EG.ModifiedSequence,1,TRUE,TRUE,FALSE,0.98,TRUE,1,deepseek-r1-14b,spectronaut,constrained_v2,3,18.69
PrecursorCharge,FG.Charge,FG.Charge,1,TRUE,TRUE,FALSE,0.98,TRUE,1,deepseek-r1-14b,spectronaut,constrained_v2,3,18.69
FragmentIon,F.FrgIon,F.FrgIon,1,TRUE,TRUE,FALSE,0.98,TRUE,1,deepseek-r1-14b,spectronaut,constrained_v2,3,18.69
ProductCharge,F.Charge,F.Charge,2,TRUE,TRUE,FALSE,0.92,TRUE,1,deepseek-r1-14b,spectronaut,constrained_v2,3,18.69
Run,R.FileName,R.FileName,1,TRUE,TRUE,FALSE,0.98,TRUE,1,deepseek-r1-14b,spectronaut,constrained_v2,3,18.69
Intensity,F.NormalizedPeakArea,F.PeakArea,4,FALSE,TRUE,FALSE,0.98,TRUE,1,deepseek-r1-14b,spectronaut,constrained_v2,3,18.69
Qvalue,EG.Qvalue,EG.Qvalue,1,TRUE,TRUE,FALSE,0.98,TRUE,1,deepseek-r1-14b,spectronaut,constrained_v2,3,18.69
ProteinName,PG.ProteinAccessions,PG.ProteinGroups,2,FALSE,TRUE,FALSE,0.98,TRUE,1,deepseek-r1-14b,spectronaut,constrained_filter_v2,1,28.12
PeptideSequence,EG.ModifiedSequence,EG.ModifiedSequence,1,TRUE,TRUE,FALSE,0.98,TRUE,1,deepseek-r1-14b,spectronaut,constrained_filter_v2,1,28.12
PrecursorCharge,FG.Charge,FG.Charge,1,TRUE,TRUE,FALSE,0.98,TRUE,1,deepseek-r1-14b,spectronaut,constrained_filter_v2,1,28.12
FragmentIon,F.FrgIon,F.FrgIon,1,TRUE,TRUE,FALSE,0.98,TRUE,1,deepseek-r1-14b,spectronaut,constrained_filter_v2,1,28.12
ProductCharge,F.Charge,F.Charge,2,TRUE,TRUE,FALSE,0.8,TRUE,1,deepseek-r1-14b,spectronaut,constrained_filter_v2,1,28.12
Run,R.FileName,R.FileName,1,TRUE,TRUE,FALSE,0.98,TRUE,1,deepseek-r1-14b,spectronaut,constrained_filter_v2,1,28.12
Intensity,F.NormalizedPeakArea,F.PeakArea,4,FALSE,TRUE,FALSE,0.98,TRUE,1,deepseek-r1-14b,spectronaut,constrained_filter_v2,1,28.12
Qvalue,PG.Qvalue,EG.Qvalue,1,FALSE,FALSE,FALSE,0.98,TRUE,1,deepseek-r1-14b,spectronaut,constrained_filter_v2,1,28.12
ProteinName,PG.ProteinAccessions,PG.ProteinGroups,2,FALSE,TRUE,FALSE,0.98,TRUE,1,deepseek-r1-14b,spectronaut,constrained_filter_v2,2,27.59
PeptideSequence,EG.ModifiedSequence,EG.ModifiedSequence,1,TRUE,TRUE,FALSE,0.98,TRUE,1,deepseek-r1-14b,spectronaut,constrained_filter_v2,2,27.59
PrecursorCharge,FG.Charge,FG.Charge,1,TRUE,TRUE,FALSE,0.98,TRUE,1,deepseek-r1-14b,spectronaut,constrained_filter_v2,2,27.59
FragmentIon,F.FrgIon,F.FrgIon,1,TRUE,TRUE,FALSE,0.98,TRUE,1,deepseek-r1-14b,spectronaut,constrained_filter_v2,2,27.59
ProductCharge,F.Charge,F.Charge,2,TRUE,TRUE,FALSE,0.8,TRUE,1,deepseek-r1-14b,spectronaut,constrained_filter_v2,2,27.59
Run,R.FileName,R.FileName,1,TRUE,TRUE,FALSE,0.98,TRUE,1,deepseek-r1-14b,spectronaut,constrained_filter_v2,2,27.59
Intensity,F.NormalizedPeakArea,F.PeakArea,4,FALSE,TRUE,FALSE,0.98,TRUE,1,deepseek-r1-14b,spectronaut,constrained_filter_v2,2,27.59
Qvalue,PG.Qvalue,EG.Qvalue,1,FALSE,FALSE,FALSE,0.98,TRUE,1,deepseek-r1-14b,spectronaut,constrained_filter_v2,2,27.59
ProteinName,PG.ProteinAccessions,PG.ProteinGroups,2,FALSE,TRUE,FALSE,0.98,TRUE,1,deepseek-r1-14b,spectronaut,constrained_filter_v2,3,27.14
PeptideSequence,EG.ModifiedSequence,EG.ModifiedSequence,1,TRUE,TRUE,FALSE,0.98,TRUE,1,deepseek-r1-14b,spectronaut,constrained_filter_v2,3,27.14
PrecursorCharge,FG.Charge,FG.Charge,1,TRUE,TRUE,FALSE,0.98,TRUE,1,deepseek-r1-14b,spectronaut,constrained_filter_v2,3,27.14
FragmentIon,F.FrgIon,F.FrgIon,1,TRUE,TRUE,FALSE,0.98,TRUE,1,deepseek-r1-14b,spectronaut,constrained_filter_v2,3,27.14
ProductCharge,F.Charge,F.Charge,2,TRUE,TRUE,FALSE,0.8,TRUE,1,deepseek-r1-14b,spectronaut,constrained_filter_v2,3,27.14
Run,R.FileName,R.FileName,1,TRUE,TRUE,FALSE,0.98,TRUE,1,deepseek-r1-14b,spectronaut,constrained_filter_v2,3,27.14
Intensity,F.NormalizedPeakArea,F.PeakArea,4,FALSE,TRUE,FALSE,0.98,TRUE,1,deepseek-r1-14b,spectronaut,constrained_filter_v2,3,27.14
Qvalue,PG.Qvalue,EG.Qvalue,1,FALSE,FALSE,FALSE,0.98,TRUE,1,deepseek-r1-14b,spectronaut,constrained_filter_v2,3,27.14
ProteinName,PG.ProteinAccessions,PG.ProteinGroups,2,FALSE,TRUE,FALSE,0.98,TRUE,1,deepseek-r1-14b,spectronaut,constrained_v3,1,18.49
PeptideSequence,EG.ModifiedSequence,EG.ModifiedSequence,1,TRUE,TRUE,FALSE,0.98,TRUE,1,deepseek-r1-14b,spectronaut,constrained_v3,1,18.49
PrecursorCharge,FG.Charge,FG.Charge,1,TRUE,TRUE,FALSE,0.98,TRUE,1,deepseek-r1-14b,spectronaut,constrained_v3,1,18.49
FragmentIon,F.FrgIon,F.FrgIon,1,TRUE,TRUE,FALSE,0.98,TRUE,1,deepseek-r1-14b,spectronaut,constrained_v3,1,18.49
ProductCharge,F.Charge,F.Charge,2,TRUE,TRUE,FALSE,0.98,TRUE,1,deepseek-r1-14b,spectronaut,constrained_v3,1,18.49
Run,R.FileName,R.FileName,1,TRUE,TRUE,FALSE,0.98,TRUE,1,deepseek-r1-14b,spectronaut,constrained_v3,1,18.49
Intensity,F.NormalizedPeakArea,F.PeakArea,4,FALSE,TRUE,FALSE,0.98,TRUE,1,deepseek-r1-14b,spectronaut,constrained_v3,1,18.49
Qvalue,PG.Qvalue,EG.Qvalue,1,FALSE,FALSE,FALSE,0.98,TRUE,1,deepseek-r1-14b,spectronaut,constrained_v3,1,18.49
ProteinName,PG.ProteinAccessions,PG.ProteinGroups,2,FALSE,TRUE,FALSE,0.98,TRUE,1,deepseek-r1-14b,spectronaut,constrained_v3,2,18.31
PeptideSequence,EG.ModifiedSequence,EG.ModifiedSequence,1,TRUE,TRUE,FALSE,0.98,TRUE,1,deepseek-r1-14b,spectronaut,constrained_v3,2,18.31
PrecursorCharge,FG.Charge,FG.Charge,1,TRUE,TRUE,FALSE,0.98,TRUE,1,deepseek-r1-14b,spectronaut,constrained_v3,2,18.31
FragmentIon,F.FrgIon,F.FrgIon,1,TRUE,TRUE,FALSE,0.98,TRUE,1,deepseek-r1-14b,spectronaut,constrained_v3,2,18.31
ProductCharge,F.Charge,F.Charge,2,TRUE,TRUE,FALSE,0.98,TRUE,1,deepseek-r1-14b,spectronaut,constrained_v3,2,18.31
Run,R.FileName,R.FileName,1,TRUE,TRUE,FALSE,0.98,TRUE,1,deepseek-r1-14b,spectronaut,constrained_v3,2,18.31
Intensity,F.NormalizedPeakArea,F.PeakArea,4,FALSE,TRUE,FALSE,0.98,TRUE,1,deepseek-r1-14b,spectronaut,constrained_v3,2,18.31
Qvalue,PG.Qvalue,EG.Qvalue,1,FALSE,FALSE,FALSE,0.98,TRUE,1,deepseek-r1-14b,spectronaut,constrained_v3,2,18.31
ProteinName,PG.ProteinAccessions,PG.ProteinGroups,2,FALSE,TRUE,FALSE,0.98,TRUE,1,deepseek-r1-14b,spectronaut,constrained_v3,3,17.19
PeptideSequence,EG.ModifiedSequence,EG.ModifiedSequence,1,TRUE,TRUE,FALSE,0.98,TRUE,1,deepseek-r1-14b,spectronaut,constrained_v3,3,17.19
PrecursorCharge,FG.Charge,FG.Charge,1,TRUE,TRUE,FALSE,0.98,TRUE,1,deepseek-r1-14b,spectronaut,constrained_v3,3,17.19
FragmentIon,F.FrgIon,F.FrgIon,1,TRUE,TRUE,FALSE,0.98,TRUE,1,deepseek-r1-14b,spectronaut,constrained_v3,3,17.19
ProductCharge,F.Charge,F.Charge,2,TRUE,TRUE,FALSE,0.98,TRUE,1,deepseek-r1-14b,spectronaut,constrained_v3,3,17.19
Run,R.FileName,R.FileName,1,TRUE,TRUE,FALSE,0.98,TRUE,1,deepseek-r1-14b,spectronaut,constrained_v3,3,17.19
Intensity,F.NormalizedPeakArea,F.PeakArea,4,FALSE,TRUE,FALSE,0.98,TRUE,1,deepseek-r1-14b,spectronaut,constrained_v3,3,17.19
Qvalue,PG.Qvalue,EG.Qvalue,1,FALSE,FALSE,FALSE,0.98,TRUE,1,deepseek-r1-14b,spectronaut,constrained_v3,3,17.19
ProteinName,PG.ProteinAccessions,PG.ProteinGroups,2,FALSE,TRUE,FALSE,0.98,TRUE,1,deepseek-r1-14b,spectronaut,constrained_filter_v3,1,26.78
PeptideSequence,EG.ModifiedSequence,EG.ModifiedSequence,1,TRUE,TRUE,FALSE,0.98,TRUE,1,deepseek-r1-14b,spectronaut,constrained_filter_v3,1,26.78
PrecursorCharge,FG.Charge,FG.Charge,1,TRUE,TRUE,FALSE,0.98,TRUE,1,deepseek-r1-14b,spectronaut,constrained_filter_v3,1,26.78
FragmentIon,F.FrgIon,F.FrgIon,1,TRUE,TRUE,FALSE,0.98,TRUE,1,deepseek-r1-14b,spectronaut,constrained_filter_v3,1,26.78
ProductCharge,F.Charge,F.Charge,2,TRUE,TRUE,FALSE,0.98,TRUE,1,deepseek-r1-14b,spectronaut,constrained_filter_v3,1,26.78
Run,R.FileName,R.FileName,1,TRUE,TRUE,FALSE,0.98,TRUE,1,deepseek-r1-14b,spectronaut,constrained_filter_v3,1,26.78
Intensity,F.NormalizedPeakArea,F.PeakArea,4,FALSE,TRUE,FALSE,0.98,TRUE,1,deepseek-r1-14b,spectronaut,constrained_filter_v3,1,26.78
Qvalue,PG.Qvalue,EG.Qvalue,1,FALSE,FALSE,FALSE,0.92,TRUE,1,deepseek-r1-14b,spectronaut,constrained_filter_v3,1,26.78
ProteinName,PG.ProteinAccessions,PG.ProteinGroups,2,FALSE,TRUE,FALSE,0.98,TRUE,1,deepseek-r1-14b,spectronaut,constrained_filter_v3,2,24.61
PeptideSequence,EG.ModifiedSequence,EG.ModifiedSequence,1,TRUE,TRUE,FALSE,0.98,TRUE,1,deepseek-r1-14b,spectronaut,constrained_filter_v3,2,24.61
PrecursorCharge,FG.Charge,FG.Charge,1,TRUE,TRUE,FALSE,0.98,TRUE,1,deepseek-r1-14b,spectronaut,constrained_filter_v3,2,24.61
FragmentIon,F.FrgIon,F.FrgIon,1,TRUE,TRUE,FALSE,0.98,TRUE,1,deepseek-r1-14b,spectronaut,constrained_filter_v3,2,24.61
ProductCharge,F.Charge,F.Charge,2,TRUE,TRUE,FALSE,0.98,TRUE,1,deepseek-r1-14b,spectronaut,constrained_filter_v3,2,24.61
Run,R.FileName,R.FileName,1,TRUE,TRUE,FALSE,0.98,TRUE,1,deepseek-r1-14b,spectronaut,constrained_filter_v3,2,24.61
Intensity,F.NormalizedPeakArea,F.PeakArea,4,FALSE,TRUE,FALSE,0.98,TRUE,1,deepseek-r1-14b,spectronaut,constrained_filter_v3,2,24.61
Qvalue,PG.Qvalue,EG.Qvalue,1,FALSE,FALSE,FALSE,0.92,TRUE,1,deepseek-r1-14b,spectronaut,constrained_filter_v3,2,24.61
ProteinName,PG.ProteinAccessions,PG.ProteinGroups,2,FALSE,TRUE,FALSE,0.98,TRUE,1,deepseek-r1-14b,spectronaut,constrained_filter_v3,3,25.6
PeptideSequence,EG.ModifiedSequence,EG.ModifiedSequence,1,TRUE,TRUE,FALSE,0.98,TRUE,1,deepseek-r1-14b,spectronaut,constrained_filter_v3,3,25.6
PrecursorCharge,FG.Charge,FG.Charge,1,TRUE,TRUE,FALSE,0.98,TRUE,1,deepseek-r1-14b,spectronaut,constrained_filter_v3,3,25.6
FragmentIon,F.FrgIon,F.FrgIon,1,TRUE,TRUE,FALSE,0.98,TRUE,1,deepseek-r1-14b,spectronaut,constrained_filter_v3,3,25.6
ProductCharge,F.Charge,F.Charge,2,TRUE,TRUE,FALSE,0.98,TRUE,1,deepseek-r1-14b,spectronaut,constrained_filter_v3,3,25.6
Run,R.FileName,R.FileName,1,TRUE,TRUE,FALSE,0.98,TRUE,1,deepseek-r1-14b,spectronaut,constrained_filter_v3,3,25.6
Intensity,F.NormalizedPeakArea,F.PeakArea,4,FALSE,TRUE,FALSE,0.98,TRUE,1,deepseek-r1-14b,spectronaut,constrained_filter_v3,3,25.6
Qvalue,PG.Qvalue,EG.Qvalue,1,FALSE,FALSE,FALSE,0.92,TRUE,1,deepseek-r1-14b,spectronaut,constrained_filter_v3,3,25.6
