field,predicted,expected,n_acceptable,exact_match,acceptable_match,candidate_hit,confidence,has_candidates,n_candidates,model,tool,prompt,rep,elapsed_sec
ProteinName,PG.ProteinAccessions,PG.ProteinGroups,2,FALSE,TRUE,FALSE,1,TRUE,1,llama3.2-3b,spectronaut,lean,1,4.82
PeptideSequence,PEP.StrippedSequence,EG.ModifiedSequence,1,FALSE,FALSE,FALSE,1,TRUE,1,llama3.2-3b,spectronaut,lean,1,4.82
PrecursorCharge,FG.Charge,FG.Charge,1,TRUE,TRUE,FALSE,1,TRUE,1,llama3.2-3b,spectronaut,lean,1,4.82
FragmentIon,F.FrgIon,F.FrgIon,1,TRUE,TRUE,FALSE,1,TRUE,1,llama3.2-3b,spectronaut,lean,1,4.82
ProductCharge,FG.Charge,F.Charge,2,FALSE,FALSE,FALSE,1,TRUE,1,llama3.2-3b,spectronaut,lean,1,4.82
Run,R.FileName,R.FileName,1,TRUE,TRUE,FALSE,1,TRUE,1,llama3.2-3b,spectronaut,lean,1,4.82
Intensity,F.PeakArea,F.PeakArea,4,TRUE,TRUE,FALSE,1,TRUE,1,llama3.2-3b,spectronaut,lean,1,4.82
Qvalue,PG.Qvalue,EG.Qvalue,2,FALSE,TRUE,FALSE,1,TRUE,1,llama3.2-3b,spectronaut,lean,1,4.82
ProteinName,PG.ProteinAccessions,PG.ProteinGroups,2,FALSE,TRUE,FALSE,1,TRUE,1,llama3.2-3b,spectronaut,lean,2,4.47
PeptideSequence,PEP.StrippedSequence,EG.ModifiedSequence,1,FALSE,FALSE,FALSE,1,TRUE,1,llama3.2-3b,spectronaut,lean,2,4.47
PrecursorCharge,FG.Charge,FG.Charge,1,TRUE,TRUE,FALSE,1,TRUE,1,llama3.2-3b,spectronaut,lean,2,4.47
FragmentIon,F.FrgIon,F.FrgIon,1,TRUE,TRUE,FALSE,1,TRUE,1,llama3.2-3b,spectronaut,lean,2,4.47
ProductCharge,FG.Charge,F.Charge,2,FALSE,FALSE,FALSE,1,TRUE,1,llama3.2-3b,spectronaut,lean,2,4.47
Run,R.FileName,R.FileName,1,TRUE,TRUE,FALSE,1,TRUE,1,llama3.2-3b,spectronaut,lean,2,4.47
Intensity,F.PeakArea,F.PeakArea,4,TRUE,TRUE,FALSE,1,TRUE,1,llama3.2-3b,spectronaut,lean,2,4.47
Qvalue,PG.Qvalue,EG.Qvalue,2,FALSE,TRUE,FALSE,1,TRUE,1,llama3.2-3b,spectronaut,lean,2,4.47
ProteinName,PG.ProteinAccessions,PG.ProteinGroups,2,FALSE,TRUE,FALSE,1,TRUE,1,llama3.2-3b,spectronaut,lean,3,4.62
PeptideSequence,PEP.StrippedSequence,EG.ModifiedSequence,1,FALSE,FALSE,FALSE,1,TRUE,1,llama3.2-3b,spectronaut,lean,3,4.62
PrecursorCharge,FG.Charge,FG.Charge,1,TRUE,TRUE,FALSE,1,TRUE,1,llama3.2-3b,spectronaut,lean,3,4.62
FragmentIon,F.FrgIon,F.FrgIon,1,TRUE,TRUE,FALSE,1,TRUE,1,llama3.2-3b,spectronaut,lean,3,4.62
ProductCharge,FG.Charge,F.Charge,2,FALSE,FALSE,FALSE,1,TRUE,1,llama3.2-3b,spectronaut,lean,3,4.62
Run,R.FileName,R.FileName,1,TRUE,TRUE,FALSE,1,TRUE,1,llama3.2-3b,spectronaut,lean,3,4.62
Intensity,F.PeakArea,F.PeakArea,4,TRUE,TRUE,FALSE,1,TRUE,1,llama3.2-3b,spectronaut,lean,3,4.62
Qvalue,PG.Qvalue,EG.Qvalue,2,FALSE,TRUE,FALSE,1,TRUE,1,llama3.2-3b,spectronaut,lean,3,4.62
ProteinName,PG.ProteinAccessions,PG.ProteinGroups,2,FALSE,TRUE,FALSE,0.98,TRUE,1,llama3.2-3b,spectronaut,constrained,1,6.67
PeptideSequence,PEP.StrippedSequence,EG.ModifiedSequence,1,FALSE,FALSE,FALSE,0.98,TRUE,1,llama3.2-3b,spectronaut,constrained,1,6.67
PrecursorCharge,FG.Charge,FG.Charge,1,TRUE,TRUE,FALSE,0.98,TRUE,1,llama3.2-3b,spectronaut,constrained,1,6.67
FragmentIon,F.FrgIon,F.FrgIon,1,TRUE,TRUE,FALSE,0.98,TRUE,1,llama3.2-3b,spectronaut,constrained,1,6.67
ProductCharge,FG.Charge,F.Charge,2,FALSE,FALSE,FALSE,0.98,TRUE,1,llama3.2-3b,spectronaut,constrained,1,6.67
Run,R.FileName,R.FileName,1,TRUE,TRUE,FALSE,0.92,TRUE,1,llama3.2-3b,spectronaut,constrained,1,6.67
Intensity,F.NormalizedPeakArea,F.PeakArea,4,FALSE,TRUE,FALSE,0.92,TRUE,1,llama3.2-3b,spectronaut,constrained,1,6.67
Qvalue,PG.Qvalue,EG.Qvalue,2,FALSE,TRUE,FALSE,0.98,TRUE,1,llama3.2-3b,spectronaut,constrained,1,6.67
ProteinName,PG.ProteinAccessions,PG.ProteinGroups,2,FALSE,TRUE,FALSE,0.98,TRUE,1,llama3.2-3b,spectronaut,constrained,2,6.32
PeptideSequence,PEP.StrippedSequence,EG.ModifiedSequence,1,FALSE,FALSE,FALSE,0.98,TRUE,1,llama3.2-3b,spectronaut,constrained,2,6.32
PrecursorCharge,FG.Charge,FG.Charge,1,TRUE,TRUE,FALSE,0.98,TRUE,1,llama3.2-3b,spectronaut,constrained,2,6.32
FragmentIon,F.FrgIon,F.FrgIon,1,TRUE,TRUE,FALSE,0.98,TRUE,1,llama3.2-3b,spectronaut,constrained,2,6.32
ProductCharge,FG.Charge,F.Charge,2,FALSE,FALSE,FALSE,0.98,TRUE,1,llama3.2-3b,spectronaut,constrained,2,6.32
Run,R.FileName,R.FileName,1,TRUE,TRUE,FALSE,0.92,TRUE,1,llama3.2-3b,spectronaut,constrained,2,6.32
Intensity,F.NormalizedPeakArea,F.PeakArea,4,FALSE,TRUE,FALSE,0.92,TRUE,1,llama3.2-3b,spectronaut,constrained,2,6.32
Qvalue,PG.Qvalue,EG.Qvalue,2,FALSE,TRUE,FALSE,0.98,TRUE,1,llama3.2-3b,spectronaut,constrained,2,6.32
ProteinName,PG.ProteinAccessions,PG.ProteinGroups,2,FALSE,TRUE,FALSE,0.98,TRUE,1,llama3.2-3b,spectronaut,constrained,3,6.33
PeptideSequence,PEP.StrippedSequence,EG.ModifiedSequence,1,FALSE,FALSE,FALSE,0.98,TRUE,1,llama3.2-3b,spectronaut,constrained,3,6.33
PrecursorCharge,FG.Charge,FG.Charge,1,TRUE,TRUE,FALSE,0.98,TRUE,1,llama3.2-3b,spectronaut,constrained,3,6.33
FragmentIon,F.FrgIon,F.FrgIon,1,TRUE,TRUE,FALSE,0.98,TRUE,1,llama3.2-3b,spectronaut,constrained,3,6.33
ProductCharge,FG.Charge,F.Charge,2,FALSE,FALSE,FALSE,0.98,TRUE,1,llama3.2-3b,spectronaut,constrained,3,6.33
Run,R.FileName,R.FileName,1,TRUE,TRUE,FALSE,0.92,TRUE,1,llama3.2-3b,spectronaut,constrained,3,6.33
Intensity,F.NormalizedPeakArea,F.PeakArea,4,FALSE,TRUE,FALSE,0.92,TRUE,1,llama3.2-3b,spectronaut,constrained,3,6.33
Qvalue,PG.Qvalue,EG.Qvalue,2,FALSE,TRUE,FALSE,0.98,TRUE,1,llama3.2-3b,spectronaut,constrained,3,6.33
ProteinName,PG.ProteinAccessions,PG.ProteinGroups,2,FALSE,TRUE,FALSE,1,TRUE,1,llama3.2-3b,spectronaut,filter_aware,1,12.69
PeptideSequence,PEP.StrippedSequence,EG.ModifiedSequence,1,FALSE,FALSE,FALSE,1,TRUE,1,llama3.2-3b,spectronaut,filter_aware,1,12.69
PrecursorCharge,FG.Charge,FG.Charge,1,TRUE,TRUE,FALSE,1,TRUE,1,llama3.2-3b,spectronaut,filter_aware,1,12.69
FragmentIon,F.FrgIon,F.FrgIon,1,TRUE,TRUE,FALSE,1,TRUE,1,llama3.2-3b,spectronaut,filter_aware,1,12.69
ProductCharge,FG.Charge,F.Charge,2,FALSE,FALSE,FALSE,1,TRUE,1,llama3.2-3b,spectronaut,filter_aware,1,12.69
Run,R.FileName,R.FileName,1,TRUE,TRUE,FALSE,1,TRUE,1,llama3.2-3b,spectronaut,filter_aware,1,12.69
Intensity,F.NormalizedPeakArea,F.PeakArea,4,FALSE,TRUE,FALSE,1,TRUE,1,llama3.2-3b,spectronaut,filter_aware,1,12.69
Qvalue,PG.Qvalue,EG.Qvalue,2,FALSE,TRUE,FALSE,1,TRUE,1,llama3.2-3b,spectronaut,filter_aware,1,12.69
ProteinName,PG.ProteinAccessions,PG.ProteinGroups,2,FALSE,TRUE,FALSE,1,TRUE,1,llama3.2-3b,spectronaut,filter_aware,2,12.09
PeptideSequence,PEP.StrippedSequence,EG.ModifiedSequence,1,FALSE,FALSE,FALSE,1,TRUE,1,llama3.2-3b,spectronaut,filter_aware,2,12.09
PrecursorCharge,FG.Charge,FG.Charge,1,TRUE,TRUE,FALSE,1,TRUE,1,llama3.2-3b,spectronaut,filter_aware,2,12.09
FragmentIon,F.FrgIon,F.FrgIon,1,TRUE,TRUE,FALSE,1,TRUE,1,llama3.2-3b,spectronaut,filter_aware,2,12.09
ProductCharge,FG.Charge,F.Charge,2,FALSE,FALSE,FALSE,1,TRUE,1,llama3.2-3b,spectronaut,filter_aware,2,12.09
Run,R.FileName,R.FileName,1,TRUE,TRUE,FALSE,1,TRUE,1,llama3.2-3b,spectronaut,filter_aware,2,12.09
Intensity,F.NormalizedPeakArea,F.PeakArea,4,FALSE,TRUE,FALSE,1,TRUE,1,llama3.2-3b,spectronaut,filter_aware,2,12.09
Qvalue,PG.Qvalue,EG.Qvalue,2,FALSE,TRUE,FALSE,1,TRUE,1,llama3.2-3b,spectronaut,filter_aware,2,12.09
ProteinName,PG.ProteinAccessions,PG.ProteinGroups,2,FALSE,TRUE,FALSE,1,TRUE,1,llama3.2-3b,spectronaut,filter_aware,3,13.2
PeptideSequence,PEP.StrippedSequence,EG.ModifiedSequence,1,FALSE,FALSE,FALSE,1,TRUE,1,llama3.2-3b,spectronaut,filter_aware,3,13.2
PrecursorCharge,FG.Charge,FG.Charge,1,TRUE,TRUE,FALSE,1,TRUE,1,llama3.2-3b,spectronaut,filter_aware,3,13.2
FragmentIon,F.FrgIon,F.FrgIon,1,TRUE,TRUE,FALSE,1,TRUE,1,llama3.2-3b,spectronaut,filter_aware,3,13.2
ProductCharge,FG.Charge,F.Charge,2,FALSE,FALSE,FALSE,1,TRUE,1,llama3.2-3b,spectronaut,filter_aware,3,13.2
Run,R.FileName,R.FileName,1,TRUE,TRUE,FALSE,1,TRUE,1,llama3.2-3b,spectronaut,filter_aware,3,13.2
Intensity,F.NormalizedPeakArea,F.PeakArea,4,FALSE,TRUE,FALSE,1,TRUE,1,llama3.2-3b,spectronaut,filter_aware,3,13.2
Qvalue,PG.Qvalue,EG.Qvalue,2,FALSE,TRUE,FALSE,1,TRUE,1,llama3.2-3b,spectronaut,filter_aware,3,13.2
ProteinName,PG.ProteinAccessions,PG.ProteinGroups,2,FALSE,TRUE,FALSE,0.98,TRUE,1,llama3.2-3b,spectronaut,constrained_filter,1,11.39
PeptideSequence,PEP.StrippedSequence,EG.ModifiedSequence,1,FALSE,FALSE,FALSE,0.98,TRUE,1,llama3.2-3b,spectronaut,constrained_filter,1,11.39
PrecursorCharge,FG.Charge,FG.Charge,1,TRUE,TRUE,FALSE,0.92,TRUE,1,llama3.2-3b,spectronaut,constrained_filter,1,11.39
FragmentIon,F.FrgIon,F.FrgIon,1,TRUE,TRUE,FALSE,0.92,TRUE,1,llama3.2-3b,spectronaut,constrained_filter,1,11.39
ProductCharge,FG.Charge,F.Charge,2,FALSE,FALSE,TRUE,0.92,TRUE,1,llama3.2-3b,spectronaut,constrained_filter,1,11.39
Run,R.FileName,R.FileName,1,TRUE,TRUE,FALSE,0.92,TRUE,1,llama3.2-3b,spectronaut,constrained_filter,1,11.39
Intensity,F.NormalizedPeakArea,F.PeakArea,4,FALSE,TRUE,FALSE,0.92,TRUE,1,llama3.2-3b,spectronaut,constrained_filter,1,11.39
Qvalue,PG.Qvalue,EG.Qvalue,2,FALSE,TRUE,FALSE,0.92,TRUE,1,llama3.2-3b,spectronaut,constrained_filter,1,11.39
ProteinName,PG.ProteinAccessions,PG.ProteinGroups,2,FALSE,TRUE,FALSE,0.98,TRUE,1,llama3.2-3b,spectronaut,constrained_filter,2,12.17
PeptideSequence,PEP.StrippedSequence,EG.ModifiedSequence,1,FALSE,FALSE,FALSE,0.98,TRUE,1,llama3.2-3b,spectronaut,constrained_filter,2,12.17
PrecursorCharge,FG.Charge,FG.Charge,1,TRUE,TRUE,FALSE,0.92,TRUE,1,llama3.2-3b,spectronaut,constrained_filter,2,12.17
FragmentIon,F.FrgIon,F.FrgIon,1,TRUE,TRUE,FALSE,0.92,TRUE,1,llama3.2-3b,spectronaut,constrained_filter,2,12.17
ProductCharge,FG.Charge,F.Charge,2,FALSE,FALSE,TRUE,0.92,TRUE,1,llama3.2-3b,spectronaut,constrained_filter,2,12.17
Run,R.FileName,R.FileName,1,TRUE,TRUE,FALSE,0.92,TRUE,1,llama3.2-3b,spectronaut,constrained_filter,2,12.17
Intensity,F.NormalizedPeakArea,F.PeakArea,4,FALSE,TRUE,FALSE,0.92,TRUE,1,llama3.2-3b,spectronaut,constrained_filter,2,12.17
Qvalue,PG.Qvalue,EG.Qvalue,2,FALSE,TRUE,FALSE,0.92,TRUE,1,llama3.2-3b,spectronaut,constrained_filter,2,12.17
ProteinName,PG.ProteinAccessions,PG.ProteinGroups,2,FALSE,TRUE,FALSE,0.98,TRUE,1,llama3.2-3b,spectronaut,constrained_filter,3,12.93
PeptideSequence,PEP.StrippedSequence,EG.ModifiedSequence,1,FALSE,FALSE,FALSE,0.98,TRUE,1,llama3.2-3b,spectronaut,constrained_filter,3,12.93
PrecursorCharge,FG.Charge,FG.Charge,1,TRUE,TRUE,FALSE,0.92,TRUE,1,llama3.2-3b,spectronaut,constrained_filter,3,12.93
FragmentIon,F.FrgIon,F.FrgIon,1,TRUE,TRUE,FALSE,0.92,TRUE,1,llama3.2-3b,spectronaut,constrained_filter,3,12.93
ProductCharge,FG.Charge,F.Charge,2,FALSE,FALSE,TRUE,0.92,TRUE,1,llama3.2-3b,spectronaut,constrained_filter,3,12.93
Run,R.FileName,R.FileName,1,TRUE,TRUE,FALSE,0.92,TRUE,1,llama3.2-3b,spectronaut,constrained_filter,3,12.93
Intensity,F.NormalizedPeakArea,F.PeakArea,4,FALSE,TRUE,FALSE,0.92,TRUE,1,llama3.2-3b,spectronaut,constrained_filter,3,12.93
Qvalue,PG.Qvalue,EG.Qvalue,2,FALSE,TRUE,FALSE,0.92,TRUE,1,llama3.2-3b,spectronaut,constrained_filter,3,12.93
ProteinName,PG.ProteinAccessions,PG.ProteinGroups,2,FALSE,TRUE,FALSE,0.98,TRUE,1,llama3.2-3b,spectronaut,constrained_v2,1,8.01
PeptideSequence,EG.ModifiedSequence,EG.ModifiedSequence,1,TRUE,TRUE,FALSE,0.98,TRUE,1,llama3.2-3b,spectronaut,constrained_v2,1,8.01
PrecursorCharge,FG.Charge,FG.Charge,1,TRUE,TRUE,FALSE,0.98,TRUE,1,llama3.2-3b,spectronaut,constrained_v2,1,8.01
FragmentIon,F.FrgIon,F.FrgIon,1,TRUE,TRUE,FALSE,0.98,TRUE,1,llama3.2-3b,spectronaut,constrained_v2,1,8.01
ProductCharge,FG.Charge,F.Charge,2,FALSE,FALSE,FALSE,0.98,TRUE,1,llama3.2-3b,spectronaut,constrained_v2,1,8.01
Run,R.FileName,R.FileName,1,TRUE,TRUE,FALSE,0.98,TRUE,1,llama3.2-3b,spectronaut,constrained_v2,1,8.01
Intensity,F.NormalizedPeakArea,F.PeakArea,4,FALSE,TRUE,FALSE,0.98,TRUE,1,llama3.2-3b,spectronaut,constrained_v2,1,8.01
Qvalue,PG.Qvalue,EG.Qvalue,2,FALSE,TRUE,FALSE,0.98,TRUE,1,llama3.2-3b,spectronaut,constrained_v2,1,8.01
ProteinName,PG.ProteinAccessions,PG.ProteinGroups,2,FALSE,TRUE,FALSE,0.98,TRUE,1,llama3.2-3b,spectronaut,constrained_v2,2,7.31
PeptideSequence,EG.ModifiedSequence,EG.ModifiedSequence,1,TRUE,TRUE,FALSE,0.98,TRUE,1,llama3.2-3b,spectronaut,constrained_v2,2,7.31
PrecursorCharge,FG.Charge,FG.Charge,1,TRUE,TRUE,FALSE,0.98,TRUE,1,llama3.2-3b,spectronaut,constrained_v2,2,7.31
FragmentIon,F.FrgIon,F.FrgIon,1,TRUE,TRUE,FALSE,0.98,TRUE,1,llama3.2-3b,spectronaut,constrained_v2,2,7.31
ProductCharge,FG.Charge,F.Charge,2,FALSE,FALSE,FALSE,0.98,TRUE,1,llama3.2-3b,spectronaut,constrained_v2,2,7.31
Run,R.FileName,R.FileName,1,TRUE,TRUE,FALSE,0.98,TRUE,1,llama3.2-3b,spectronaut,constrained_v2,2,7.31
Intensity,F.NormalizedPeakArea,F.PeakArea,4,FALSE,TRUE,FALSE,0.98,TRUE,1,llama3.2-3b,spectronaut,constrained_v2,2,7.31
Qvalue,PG.Qvalue,EG.Qvalue,2,FALSE,TRUE,FALSE,0.98,TRUE,1,llama3.2-3b,spectronaut,constrained_v2,2,7.31
ProteinName,PG.ProteinAccessions,PG.ProteinGroups,2,FALSE,TRUE,FALSE,0.98,TRUE,1,llama3.2-3b,spectronaut,constrained_v2,3,7.76
PeptideSequence,EG.ModifiedSequence,EG.ModifiedSequence,1,TRUE,TRUE,FALSE,0.98,TRUE,1,llama3.2-3b,spectronaut,constrained_v2,3,7.76
PrecursorCharge,FG.Charge,FG.Charge,1,TRUE,TRUE,FALSE,0.98,TRUE,1,llama3.2-3b,spectronaut,constrained_v2,3,7.76
FragmentIon,F.FrgIon,F.FrgIon,1,TRUE,TRUE,FALSE,0.98,TRUE,1,llama3.2-3b,spectronaut,constrained_v2,3,7.76
ProductCharge,FG.Charge,F.Charge,2,FALSE,FALSE,FALSE,0.98,TRUE,1,llama3.2-3b,spectronaut,constrained_v2,3,7.76
Run,R.FileName,R.FileName,1,TRUE,TRUE,FALSE,0.98,TRUE,1,llama3.2-3b,spectronaut,constrained_v2,3,7.76
Intensity,F.NormalizedPeakArea,F.PeakArea,4,FALSE,TRUE,FALSE,0.98,TRUE,1,llama3.2-3b,spectronaut,constrained_v2,3,7.76
Qvalue,PG.Qvalue,EG.Qvalue,2,FALSE,TRUE,FALSE,0.98,TRUE,1,llama3.2-3b,spectronaut,constrained_v2,3,7.76
ProteinName,PG.ProteinAccessions,PG.ProteinGroups,2,FALSE,TRUE,FALSE,0.98,TRUE,1,llama3.2-3b,spectronaut,constrained_filter_v2,1,7.09
PeptideSequence,PEP.StrippedSequence,EG.ModifiedSequence,1,FALSE,FALSE,TRUE,0.98,TRUE,1,llama3.2-3b,spectronaut,constrained_filter_v2,1,7.09
PrecursorCharge,FG.Charge,FG.Charge,1,TRUE,TRUE,FALSE,0.98,TRUE,1,llama3.2-3b,spectronaut,constrained_filter_v2,1,7.09
FragmentIon,F.FrgIon,F.FrgIon,1,TRUE,TRUE,FALSE,0.92,TRUE,1,llama3.2-3b,spectronaut,constrained_filter_v2,1,7.09
ProductCharge,FG.Charge,F.Charge,2,FALSE,FALSE,FALSE,0.92,TRUE,1,llama3.2-3b,spectronaut,constrained_filter_v2,1,7.09
Run,R.FileName,R.FileName,1,TRUE,TRUE,FALSE,0.92,TRUE,1,llama3.2-3b,spectronaut,constrained_filter_v2,1,7.09
Intensity,F.NormalizedPeakArea,F.PeakArea,4,FALSE,TRUE,FALSE,0.92,TRUE,1,llama3.2-3b,spectronaut,constrained_filter_v2,1,7.09
Qvalue,PG.Qvalue,EG.Qvalue,2,FALSE,TRUE,FALSE,0.98,TRUE,1,llama3.2-3b,spectronaut,constrained_filter_v2,1,7.09
ProteinName,PG.ProteinAccessions,PG.ProteinGroups,2,FALSE,TRUE,FALSE,0.98,TRUE,1,llama3.2-3b,spectronaut,constrained_filter_v2,2,7.3
PeptideSequence,PEP.StrippedSequence,EG.ModifiedSequence,1,FALSE,FALSE,TRUE,0.98,TRUE,1,llama3.2-3b,spectronaut,constrained_filter_v2,2,7.3
PrecursorCharge,FG.Charge,FG.Charge,1,TRUE,TRUE,FALSE,0.98,TRUE,1,llama3.2-3b,spectronaut,constrained_filter_v2,2,7.3
FragmentIon,F.FrgIon,F.FrgIon,1,TRUE,TRUE,FALSE,0.92,TRUE,1,llama3.2-3b,spectronaut,constrained_filter_v2,2,7.3
ProductCharge,FG.Charge,F.Charge,2,FALSE,FALSE,FALSE,0.92,TRUE,1,llama3.2-3b,spectronaut,constrained_filter_v2,2,7.3
Run,R.FileName,R.FileName,1,TRUE,TRUE,FALSE,0.92,TRUE,1,llama3.2-3b,spectronaut,constrained_filter_v2,2,7.3
Intensity,F.NormalizedPeakArea,F.PeakArea,4,FALSE,TRUE,FALSE,0.92,TRUE,1,llama3.2-3b,spectronaut,constrained_filter_v2,2,7.3
Qvalue,PG.Qvalue,EG.Qvalue,2,FALSE,TRUE,FALSE,0.98,TRUE,1,llama3.2-3b,spectronaut,constrained_filter_v2,2,7.3
ProteinName,PG.ProteinAccessions,PG.ProteinGroups,2,FALSE,TRUE,FALSE,0.98,TRUE,1,llama3.2-3b,spectronaut,constrained_filter_v2,3,6.56
PeptideSequence,PEP.StrippedSequence,EG.ModifiedSequence,1,FALSE,FALSE,TRUE,0.98,TRUE,1,llama3.2-3b,spectronaut,constrained_filter_v2,3,6.56
PrecursorCharge,FG.Charge,FG.Charge,1,TRUE,TRUE,FALSE,0.98,TRUE,1,llama3.2-3b,spectronaut,constrained_filter_v2,3,6.56
FragmentIon,F.FrgIon,F.FrgIon,1,TRUE,TRUE,FALSE,0.92,TRUE,1,llama3.2-3b,spectronaut,constrained_filter_v2,3,6.56
ProductCharge,FG.Charge,F.Charge,2,FALSE,FALSE,FALSE,0.92,TRUE,1,llama3.2-3b,spectronaut,constrained_filter_v2,3,6.56
Run,R.FileName,R.FileName,1,TRUE,TRUE,FALSE,0.92,TRUE,1,llama3.2-3b,spectronaut,constrained_filter_v2,3,6.56
Intensity,F.NormalizedPeakArea,F.PeakArea,4,FALSE,TRUE,FALSE,0.92,TRUE,1,llama3.2-3b,spectronaut,constrained_filter_v2,3,6.56
Qvalue,PG.Qvalue,EG.Qvalue,2,FALSE,TRUE,FALSE,0.98,TRUE,1,llama3.2-3b,spectronaut,constrained_filter_v2,3,6.56
ProteinName,Protein.Group.Accessions,Protein.Group.Accessions,1,TRUE,TRUE,FALSE,1,TRUE,1,llama3.2-3b,proteome_discoverer,lean,1,4.42
PeptideSequence,Sequence,Sequence,1,TRUE,TRUE,FALSE,1,TRUE,1,llama3.2-3b,proteome_discoverer,lean,1,4.42
PrecursorCharge,Charge,Charge,1,TRUE,TRUE,FALSE,1,TRUE,1,llama3.2-3b,proteome_discoverer,lean,1,4.42
FragmentIon,"","",0,TRUE,TRUE,FALSE,,FALSE,0,llama3.2-3b,proteome_discoverer,lean,1,4.42
ProductCharge,"","",0,TRUE,TRUE,FALSE,,FALSE,0,llama3.2-3b,proteome_discoverer,lean,1,4.42
Run,Spectrum.File,Spectrum.File,1,TRUE,TRUE,FALSE,1,TRUE,1,llama3.2-3b,proteome_discoverer,lean,1,4.42
Intensity,Intensity,Precursor.Area,3,FALSE,TRUE,FALSE,1,TRUE,1,llama3.2-3b,proteome_discoverer,lean,1,4.42
Qvalue,"","",0,TRUE,TRUE,FALSE,1,TRUE,1,llama3.2-3b,proteome_discoverer,lean,1,4.42
ProteinName,Protein.Group.Accessions,Protein.Group.Accessions,1,TRUE,TRUE,FALSE,1,TRUE,1,llama3.2-3b,proteome_discoverer,lean,2,3.96
PeptideSequence,Sequence,Sequence,1,TRUE,TRUE,FALSE,1,TRUE,1,llama3.2-3b,proteome_discoverer,lean,2,3.96
PrecursorCharge,Charge,Charge,1,TRUE,TRUE,FALSE,1,TRUE,1,llama3.2-3b,proteome_discoverer,lean,2,3.96
FragmentIon,"","",0,TRUE,TRUE,FALSE,,FALSE,0,llama3.2-3b,proteome_discoverer,lean,2,3.96
ProductCharge,"","",0,TRUE,TRUE,FALSE,,FALSE,0,llama3.2-3b,proteome_discoverer,lean,2,3.96
Run,Spectrum.File,Spectrum.File,1,TRUE,TRUE,FALSE,1,TRUE,1,llama3.2-3b,proteome_discoverer,lean,2,3.96
Intensity,Intensity,Precursor.Area,3,FALSE,TRUE,FALSE,1,TRUE,1,llama3.2-3b,proteome_discoverer,lean,2,3.96
Qvalue,"","",0,TRUE,TRUE,FALSE,1,TRUE,1,llama3.2-3b,proteome_discoverer,lean,2,3.96
ProteinName,Protein.Group.Accessions,Protein.Group.Accessions,1,TRUE,TRUE,FALSE,1,TRUE,1,llama3.2-3b,proteome_discoverer,lean,3,4.61
PeptideSequence,Sequence,Sequence,1,TRUE,TRUE,FALSE,1,TRUE,1,llama3.2-3b,proteome_discoverer,lean,3,4.61
PrecursorCharge,Charge,Charge,1,TRUE,TRUE,FALSE,1,TRUE,1,llama3.2-3b,proteome_discoverer,lean,3,4.61
FragmentIon,"","",0,TRUE,TRUE,FALSE,,FALSE,0,llama3.2-3b,proteome_discoverer,lean,3,4.61
ProductCharge,"","",0,TRUE,TRUE,FALSE,,FALSE,0,llama3.2-3b,proteome_discoverer,lean,3,4.61
Run,Spectrum.File,Spectrum.File,1,TRUE,TRUE,FALSE,1,TRUE,1,llama3.2-3b,proteome_discoverer,lean,3,4.61
Intensity,Intensity,Precursor.Area,3,FALSE,TRUE,FALSE,1,TRUE,1,llama3.2-3b,proteome_discoverer,lean,3,4.61
Qvalue,"","",0,TRUE,TRUE,FALSE,1,TRUE,1,llama3.2-3b,proteome_discoverer,lean,3,4.61
ProteinName,Protein.Group.Accessions,Protein.Group.Accessions,1,TRUE,TRUE,FALSE,0.98,TRUE,1,llama3.2-3b,proteome_discoverer,constrained,1,6.4
PeptideSequence,Sequence,Sequence,1,TRUE,TRUE,FALSE,0.92,TRUE,1,llama3.2-3b,proteome_discoverer,constrained,1,6.4
PrecursorCharge,Charge,Charge,1,TRUE,TRUE,FALSE,0.8,TRUE,1,llama3.2-3b,proteome_discoverer,constrained,1,6.4
FragmentIon,"","",0,TRUE,TRUE,FALSE,0,TRUE,1,llama3.2-3b,proteome_discoverer,constrained,1,6.4
ProductCharge,"","",0,TRUE,TRUE,FALSE,0,TRUE,1,llama3.2-3b,proteome_discoverer,constrained,1,6.4
Run,Spectrum.File,Spectrum.File,1,TRUE,TRUE,FALSE,0.92,TRUE,1,llama3.2-3b,proteome_discoverer,constrained,1,6.4
Intensity,Intensity,Precursor.Area,3,FALSE,TRUE,FALSE,0.92,TRUE,1,llama3.2-3b,proteome_discoverer,constrained,1,6.4
Qvalue,"","",0,TRUE,TRUE,FALSE,0,TRUE,1,llama3.2-3b,proteome_discoverer,constrained,1,6.4
ProteinName,Protein.Group.Accessions,Protein.Group.Accessions,1,TRUE,TRUE,FALSE,0.98,TRUE,1,llama3.2-3b,proteome_discoverer,constrained,2,6.3
PeptideSequence,Sequence,Sequence,1,TRUE,TRUE,FALSE,0.92,TRUE,1,llama3.2-3b,proteome_discoverer,constrained,2,6.3
PrecursorCharge,Charge,Charge,1,TRUE,TRUE,FALSE,0.8,TRUE,1,llama3.2-3b,proteome_discoverer,constrained,2,6.3
FragmentIon,"","",0,TRUE,TRUE,FALSE,0,TRUE,1,llama3.2-3b,proteome_discoverer,constrained,2,6.3
ProductCharge,"","",0,TRUE,TRUE,FALSE,0,TRUE,1,llama3.2-3b,proteome_discoverer,constrained,2,6.3
Run,Spectrum.File,Spectrum.File,1,TRUE,TRUE,FALSE,0.92,TRUE,1,llama3.2-3b,proteome_discoverer,constrained,2,6.3
Intensity,Intensity,Precursor.Area,3,FALSE,TRUE,FALSE,0.92,TRUE,1,llama3.2-3b,proteome_discoverer,constrained,2,6.3
Qvalue,"","",0,TRUE,TRUE,FALSE,0,TRUE,1,llama3.2-3b,proteome_discoverer,constrained,2,6.3
ProteinName,Protein.Group.Accessions,Protein.Group.Accessions,1,TRUE,TRUE,FALSE,0.98,TRUE,1,llama3.2-3b,proteome_discoverer,constrained,3,6.28
PeptideSequence,Sequence,Sequence,1,TRUE,TRUE,FALSE,0.92,TRUE,1,llama3.2-3b,proteome_discoverer,constrained,3,6.28
PrecursorCharge,Charge,Charge,1,TRUE,TRUE,FALSE,0.8,TRUE,1,llama3.2-3b,proteome_discoverer,constrained,3,6.28
FragmentIon,"","",0,TRUE,TRUE,FALSE,0,TRUE,1,llama3.2-3b,proteome_discoverer,constrained,3,6.28
ProductCharge,"","",0,TRUE,TRUE,FALSE,0,TRUE,1,llama3.2-3b,proteome_discoverer,constrained,3,6.28
Run,Spectrum.File,Spectrum.File,1,TRUE,TRUE,FALSE,0.92,TRUE,1,llama3.2-3b,proteome_discoverer,constrained,3,6.28
Intensity,Intensity,Precursor.Area,3,FALSE,TRUE,FALSE,0.92,TRUE,1,llama3.2-3b,proteome_discoverer,constrained,3,6.28
Qvalue,"","",0,TRUE,TRUE,FALSE,0,TRUE,1,llama3.2-3b,proteome_discoverer,constrained,3,6.28
ProteinName,Protein.Group.Accessions,Protein.Group.Accessions,1,TRUE,TRUE,FALSE,0,TRUE,1,llama3.2-3b,proteome_discoverer,filter_aware,1,9.28
PeptideSequence,Sequence,Sequence,1,TRUE,TRUE,FALSE,0,TRUE,1,llama3.2-3b,proteome_discoverer,filter_aware,1,9.28
PrecursorCharge,Charge,Charge,1,TRUE,TRUE,FALSE,0,TRUE,1,llama3.2-3b,proteome_discoverer,filter_aware,1,9.28
FragmentIon,"","",0,TRUE,TRUE,FALSE,,FALSE,0,llama3.2-3b,proteome_discoverer,filter_aware,1,9.28
ProductCharge,"","",0,TRUE,TRUE,FALSE,,FALSE,0,llama3.2-3b,proteome_discoverer,filter_aware,1,9.28
Run,Spectrum.File,Spectrum.File,1,TRUE,TRUE,FALSE,0,TRUE,1,llama3.2-3b,proteome_discoverer,filter_aware,1,9.28
Intensity,Intensity,Precursor.Area,3,FALSE,TRUE,FALSE,0,TRUE,1,llama3.2-3b,proteome_discoverer,filter_aware,1,9.28
Qvalue,DeltaScore,"",0,FALSE,FALSE,FALSE,0,TRUE,1,llama3.2-3b,proteome_discoverer,filter_aware,1,9.28
ProteinName,Protein.Group.Accessions,Protein.Group.Accessions,1,TRUE,TRUE,FALSE,0,TRUE,1,llama3.2-3b,proteome_discoverer,filter_aware,2,9.25
PeptideSequence,Sequence,Sequence,1,TRUE,TRUE,FALSE,0,TRUE,1,llama3.2-3b,proteome_discoverer,filter_aware,2,9.25
PrecursorCharge,Charge,Charge,1,TRUE,TRUE,FALSE,0,TRUE,1,llama3.2-3b,proteome_discoverer,filter_aware,2,9.25
FragmentIon,"","",0,TRUE,TRUE,FALSE,,FALSE,0,llama3.2-3b,proteome_discoverer,filter_aware,2,9.25
ProductCharge,"","",0,TRUE,TRUE,FALSE,,FALSE,0,llama3.2-3b,proteome_discoverer,filter_aware,2,9.25
Run,Spectrum.File,Spectrum.File,1,TRUE,TRUE,FALSE,0,TRUE,1,llama3.2-3b,proteome_discoverer,filter_aware,2,9.25
Intensity,Intensity,Precursor.Area,3,FALSE,TRUE,FALSE,0,TRUE,1,llama3.2-3b,proteome_discoverer,filter_aware,2,9.25
Qvalue,DeltaScore,"",0,FALSE,FALSE,FALSE,0,TRUE,1,llama3.2-3b,proteome_discoverer,filter_aware,2,9.25
ProteinName,Protein.Group.Accessions,Protein.Group.Accessions,1,TRUE,TRUE,FALSE,0,TRUE,1,llama3.2-3b,proteome_discoverer,filter_aware,3,8.79
PeptideSequence,Sequence,Sequence,1,TRUE,TRUE,FALSE,0,TRUE,1,llama3.2-3b,proteome_discoverer,filter_aware,3,8.79
PrecursorCharge,Charge,Charge,1,TRUE,TRUE,FALSE,0,TRUE,1,llama3.2-3b,proteome_discoverer,filter_aware,3,8.79
FragmentIon,"","",0,TRUE,TRUE,FALSE,,FALSE,0,llama3.2-3b,proteome_discoverer,filter_aware,3,8.79
ProductCharge,"","",0,TRUE,TRUE,FALSE,,FALSE,0,llama3.2-3b,proteome_discoverer,filter_aware,3,8.79
Run,Spectrum.File,Spectrum.File,1,TRUE,TRUE,FALSE,0,TRUE,1,llama3.2-3b,proteome_discoverer,filter_aware,3,8.79
Intensity,Intensity,Precursor.Area,3,FALSE,TRUE,FALSE,0,TRUE,1,llama3.2-3b,proteome_discoverer,filter_aware,3,8.79
Qvalue,DeltaScore,"",0,FALSE,FALSE,FALSE,0,TRUE,1,llama3.2-3b,proteome_discoverer,filter_aware,3,8.79
ProteinName,Protein.Group.Accessions,Protein.Group.Accessions,1,TRUE,TRUE,FALSE,0.98,TRUE,1,llama3.2-3b,proteome_discoverer,constrained_filter,1,12.83
PeptideSequence,Sequence,Sequence,1,TRUE,TRUE,FALSE,0.92,TRUE,1,llama3.2-3b,proteome_discoverer,constrained_filter,1,12.83
PrecursorCharge,Charge,Charge,1,TRUE,TRUE,FALSE,0,TRUE,1,llama3.2-3b,proteome_discoverer,constrained_filter,1,12.83
FragmentIon,"","",0,TRUE,TRUE,FALSE,0,TRUE,1,llama3.2-3b,proteome_discoverer,constrained_filter,1,12.83
ProductCharge,"","",0,TRUE,TRUE,FALSE,0,TRUE,1,llama3.2-3b,proteome_discoverer,constrained_filter,1,12.83
Run,Spectrum.File,Spectrum.File,1,TRUE,TRUE,FALSE,0.92,TRUE,1,llama3.2-3b,proteome_discoverer,constrained_filter,1,12.83
Intensity,Intensity,Precursor.Area,3,FALSE,TRUE,FALSE,0.92,TRUE,1,llama3.2-3b,proteome_discoverer,constrained_filter,1,12.83
Qvalue,"","",0,TRUE,TRUE,FALSE,0,TRUE,1,llama3.2-3b,proteome_discoverer,constrained_filter,1,12.83
ProteinName,Protein.Group.Accessions,Protein.Group.Accessions,1,TRUE,TRUE,FALSE,0.98,TRUE,1,llama3.2-3b,proteome_discoverer,constrained_filter,2,11.81
PeptideSequence,Sequence,Sequence,1,TRUE,TRUE,FALSE,0.92,TRUE,1,llama3.2-3b,proteome_discoverer,constrained_filter,2,11.81
PrecursorCharge,Charge,Charge,1,TRUE,TRUE,FALSE,0,TRUE,1,llama3.2-3b,proteome_discoverer,constrained_filter,2,11.81
FragmentIon,"","",0,TRUE,TRUE,FALSE,0,TRUE,1,llama3.2-3b,proteome_discoverer,constrained_filter,2,11.81
ProductCharge,"","",0,TRUE,TRUE,FALSE,0,TRUE,1,llama3.2-3b,proteome_discoverer,constrained_filter,2,11.81
Run,Spectrum.File,Spectrum.File,1,TRUE,TRUE,FALSE,0.92,TRUE,1,llama3.2-3b,proteome_discoverer,constrained_filter,2,11.81
Intensity,Intensity,Precursor.Area,3,FALSE,TRUE,FALSE,0.92,TRUE,1,llama3.2-3b,proteome_discoverer,constrained_filter,2,11.81
Qvalue,"","",0,TRUE,TRUE,FALSE,0,TRUE,1,llama3.2-3b,proteome_discoverer,constrained_filter,2,11.81
ProteinName,Protein.Group.Accessions,Protein.Group.Accessions,1,TRUE,TRUE,FALSE,0.98,TRUE,1,llama3.2-3b,proteome_discoverer,constrained_filter,3,13.95
PeptideSequence,Sequence,Sequence,1,TRUE,TRUE,FALSE,0.92,TRUE,1,llama3.2-3b,proteome_discoverer,constrained_filter,3,13.95
PrecursorCharge,Charge,Charge,1,TRUE,TRUE,FALSE,0,TRUE,1,llama3.2-3b,proteome_discoverer,constrained_filter,3,13.95
FragmentIon,"","",0,TRUE,TRUE,FALSE,0,TRUE,1,llama3.2-3b,proteome_discoverer,constrained_filter,3,13.95
ProductCharge,"","",0,TRUE,TRUE,FALSE,0,TRUE,1,llama3.2-3b,proteome_discoverer,constrained_filter,3,13.95
Run,Spectrum.File,Spectrum.File,1,TRUE,TRUE,FALSE,0.92,TRUE,1,llama3.2-3b,proteome_discoverer,constrained_filter,3,13.95
Intensity,Intensity,Precursor.Area,3,FALSE,TRUE,FALSE,0.92,TRUE,1,llama3.2-3b,proteome_discoverer,constrained_filter,3,13.95
Qvalue,"","",0,TRUE,TRUE,FALSE,0,TRUE,1,llama3.2-3b,proteome_discoverer,constrained_filter,3,13.95
ProteinName,Protein.Group.Accessions,Protein.Group.Accessions,1,TRUE,TRUE,FALSE,0.98,TRUE,1,llama3.2-3b,proteome_discoverer,constrained_v2,1,4.27
PeptideSequence,Sequence,Sequence,1,TRUE,TRUE,FALSE,0.98,TRUE,1,llama3.2-3b,proteome_discoverer,constrained_v2,1,4.27
PrecursorCharge,Charge,Charge,1,TRUE,TRUE,FALSE,0.98,TRUE,1,llama3.2-3b,proteome_discoverer,constrained_v2,1,4.27
FragmentIon,"","",0,TRUE,TRUE,FALSE,0,TRUE,1,llama3.2-3b,proteome_discoverer,constrained_v2,1,4.27
ProductCharge,"","",0,TRUE,TRUE,FALSE,0,TRUE,1,llama3.2-3b,proteome_discoverer,constrained_v2,1,4.27
Run,Spectrum.File,Spectrum.File,1,TRUE,TRUE,FALSE,0.92,TRUE,1,llama3.2-3b,proteome_discoverer,constrained_v2,1,4.27
Intensity,Intensity,Precursor.Area,3,FALSE,TRUE,FALSE,0.92,TRUE,1,llama3.2-3b,proteome_discoverer,constrained_v2,1,4.27
Qvalue,"","",0,TRUE,TRUE,FALSE,0,TRUE,1,llama3.2-3b,proteome_discoverer,constrained_v2,1,4.27
ProteinName,Protein.Group.Accessions,Protein.Group.Accessions,1,TRUE,TRUE,FALSE,0.98,TRUE,1,llama3.2-3b,proteome_discoverer,constrained_v2,2,4.65
PeptideSequence,Sequence,Sequence,1,TRUE,TRUE,FALSE,0.98,TRUE,1,llama3.2-3b,proteome_discoverer,constrained_v2,2,4.65
PrecursorCharge,Charge,Charge,1,TRUE,TRUE,FALSE,0.98,TRUE,1,llama3.2-3b,proteome_discoverer,constrained_v2,2,4.65
FragmentIon,"","",0,TRUE,TRUE,FALSE,0,TRUE,1,llama3.2-3b,proteome_discoverer,constrained_v2,2,4.65
ProductCharge,"","",0,TRUE,TRUE,FALSE,0,TRUE,1,llama3.2-3b,proteome_discoverer,constrained_v2,2,4.65
Run,Spectrum.File,Spectrum.File,1,TRUE,TRUE,FALSE,0.92,TRUE,1,llama3.2-3b,proteome_discoverer,constrained_v2,2,4.65
Intensity,Intensity,Precursor.Area,3,FALSE,TRUE,FALSE,0.92,TRUE,1,llama3.2-3b,proteome_discoverer,constrained_v2,2,4.65
Qvalue,"","",0,TRUE,TRUE,FALSE,0,TRUE,1,llama3.2-3b,proteome_discoverer,constrained_v2,2,4.65
ProteinName,Protein.Group.Accessions,Protein.Group.Accessions,1,TRUE,TRUE,FALSE,0.98,TRUE,1,llama3.2-3b,proteome_discoverer,constrained_v2,3,4.35
PeptideSequence,Sequence,Sequence,1,TRUE,TRUE,FALSE,0.98,TRUE,1,llama3.2-3b,proteome_discoverer,constrained_v2,3,4.35
PrecursorCharge,Charge,Charge,1,TRUE,TRUE,FALSE,0.98,TRUE,1,llama3.2-3b,proteome_discoverer,constrained_v2,3,4.35
FragmentIon,"","",0,TRUE,TRUE,FALSE,0,TRUE,1,llama3.2-3b,proteome_discoverer,constrained_v2,3,4.35
ProductCharge,"","",0,TRUE,TRUE,FALSE,0,TRUE,1,llama3.2-3b,proteome_discoverer,constrained_v2,3,4.35
Run,Spectrum.File,Spectrum.File,1,TRUE,TRUE,FALSE,0.92,TRUE,1,llama3.2-3b,proteome_discoverer,constrained_v2,3,4.35
Intensity,Intensity,Precursor.Area,3,FALSE,TRUE,FALSE,0.92,TRUE,1,llama3.2-3b,proteome_discoverer,constrained_v2,3,4.35
Qvalue,"","",0,TRUE,TRUE,FALSE,0,TRUE,1,llama3.2-3b,proteome_discoverer,constrained_v2,3,4.35
ProteinName,Protein.Descriptions,Protein.Group.Accessions,1,FALSE,FALSE,FALSE,0.98,TRUE,1,llama3.2-3b,proteome_discoverer,constrained_filter_v2,1,5.06
PeptideSequence,Sequence,Sequence,1,TRUE,TRUE,FALSE,0.98,TRUE,1,llama3.2-3b,proteome_discoverer,constrained_filter_v2,1,5.06
PrecursorCharge,Charge,Charge,1,TRUE,TRUE,FALSE,0.92,TRUE,1,llama3.2-3b,proteome_discoverer,constrained_filter_v2,1,5.06
FragmentIon,"","",0,TRUE,TRUE,FALSE,,FALSE,0,llama3.2-3b,proteome_discoverer,constrained_filter_v2,1,5.06
ProductCharge,"","",0,TRUE,TRUE,FALSE,,FALSE,0,llama3.2-3b,proteome_discoverer,constrained_filter_v2,1,5.06
Run,Spectrum.File,Spectrum.File,1,TRUE,TRUE,FALSE,0.92,TRUE,1,llama3.2-3b,proteome_discoverer,constrained_filter_v2,1,5.06
Intensity,Intensity,Precursor.Area,3,FALSE,TRUE,FALSE,0.92,TRUE,1,llama3.2-3b,proteome_discoverer,constrained_filter_v2,1,5.06
Qvalue,Homology.Threshold,"",0,FALSE,FALSE,FALSE,0.8,TRUE,1,llama3.2-3b,proteome_discoverer,constrained_filter_v2,1,5.06
ProteinName,Protein.Descriptions,Protein.Group.Accessions,1,FALSE,FALSE,FALSE,0.98,TRUE,1,llama3.2-3b,proteome_discoverer,constrained_filter_v2,2,5.17
PeptideSequence,Sequence,Sequence,1,TRUE,TRUE,FALSE,0.98,TRUE,1,llama3.2-3b,proteome_discoverer,constrained_filter_v2,2,5.17
PrecursorCharge,Charge,Charge,1,TRUE,TRUE,FALSE,0.92,TRUE,1,llama3.2-3b,proteome_discoverer,constrained_filter_v2,2,5.17
FragmentIon,"","",0,TRUE,TRUE,FALSE,,FALSE,0,llama3.2-3b,proteome_discoverer,constrained_filter_v2,2,5.17
ProductCharge,"","",0,TRUE,TRUE,FALSE,,FALSE,0,llama3.2-3b,proteome_discoverer,constrained_filter_v2,2,5.17
Run,Spectrum.File,Spectrum.File,1,TRUE,TRUE,FALSE,0.92,TRUE,1,llama3.2-3b,proteome_discoverer,constrained_filter_v2,2,5.17
Intensity,Intensity,Precursor.Area,3,FALSE,TRUE,FALSE,0.92,TRUE,1,llama3.2-3b,proteome_discoverer,constrained_filter_v2,2,5.17
Qvalue,Homology.Threshold,"",0,FALSE,FALSE,FALSE,0.8,TRUE,1,llama3.2-3b,proteome_discoverer,constrained_filter_v2,2,5.17
ProteinName,Protein.Descriptions,Protein.Group.Accessions,1,FALSE,FALSE,FALSE,0.98,TRUE,1,llama3.2-3b,proteome_discoverer,constrained_filter_v2,3,4.89
PeptideSequence,Sequence,Sequence,1,TRUE,TRUE,FALSE,0.98,TRUE,1,llama3.2-3b,proteome_discoverer,constrained_filter_v2,3,4.89
PrecursorCharge,Charge,Charge,1,TRUE,TRUE,FALSE,0.92,TRUE,1,llama3.2-3b,proteome_discoverer,constrained_filter_v2,3,4.89
FragmentIon,"","",0,TRUE,TRUE,FALSE,,FALSE,0,llama3.2-3b,proteome_discoverer,constrained_filter_v2,3,4.89
ProductCharge,"","",0,TRUE,TRUE,FALSE,,FALSE,0,llama3.2-3b,proteome_discoverer,constrained_filter_v2,3,4.89
Run,Spectrum.File,Spectrum.File,1,TRUE,TRUE,FALSE,0.92,TRUE,1,llama3.2-3b,proteome_discoverer,constrained_filter_v2,3,4.89
Intensity,Intensity,Precursor.Area,3,FALSE,TRUE,FALSE,0.92,TRUE,1,llama3.2-3b,proteome_discoverer,constrained_filter_v2,3,4.89
Qvalue,Homology.Threshold,"",0,FALSE,FALSE,FALSE,0.8,TRUE,1,llama3.2-3b,proteome_discoverer,constrained_filter_v2,3,4.89
ProteinName,Protein.Group,Protein.Group,1,TRUE,TRUE,FALSE,1,TRUE,1,llama3.2-3b,metamorpheus,lean,1,4.23
PeptideSequence,Base.Sequence,Full.Sequence,1,FALSE,FALSE,FALSE,1,TRUE,1,llama3.2-3b,metamorpheus,lean,1,4.23
PrecursorCharge,Precursor.Charge,Precursor.Charge,1,TRUE,TRUE,FALSE,1,TRUE,1,llama3.2-3b,metamorpheus,lean,1,4.23
FragmentIon,"","",0,TRUE,TRUE,FALSE,,FALSE,0,llama3.2-3b,metamorpheus,lean,1,4.23
ProductCharge,"","",0,TRUE,TRUE,FALSE,,FALSE,0,llama3.2-3b,metamorpheus,lean,1,4.23
Run,File.Name,File.Name,1,TRUE,TRUE,FALSE,1,TRUE,1,llama3.2-3b,metamorpheus,lean,1,4.23
Intensity,Peak.intensity,Peak.intensity,1,TRUE,TRUE,FALSE,1,TRUE,1,llama3.2-3b,metamorpheus,lean,1,4.23
Qvalue,PIP.Q.Value,PIP.Q.Value,1,TRUE,TRUE,FALSE,1,TRUE,1,llama3.2-3b,metamorpheus,lean,1,4.23
ProteinName,Protein.Group,Protein.Group,1,TRUE,TRUE,FALSE,1,TRUE,1,llama3.2-3b,metamorpheus,lean,2,3.71
PeptideSequence,Base.Sequence,Full.Sequence,1,FALSE,FALSE,FALSE,1,TRUE,1,llama3.2-3b,metamorpheus,lean,2,3.71
PrecursorCharge,Precursor.Charge,Precursor.Charge,1,TRUE,TRUE,FALSE,1,TRUE,1,llama3.2-3b,metamorpheus,lean,2,3.71
FragmentIon,"","",0,TRUE,TRUE,FALSE,,FALSE,0,llama3.2-3b,metamorpheus,lean,2,3.71
ProductCharge,"","",0,TRUE,TRUE,FALSE,,FALSE,0,llama3.2-3b,metamorpheus,lean,2,3.71
Run,File.Name,File.Name,1,TRUE,TRUE,FALSE,1,TRUE,1,llama3.2-3b,metamorpheus,lean,2,3.71
Intensity,Peak.intensity,Peak.intensity,1,TRUE,TRUE,FALSE,1,TRUE,1,llama3.2-3b,metamorpheus,lean,2,3.71
Qvalue,PIP.Q.Value,PIP.Q.Value,1,TRUE,TRUE,FALSE,1,TRUE,1,llama3.2-3b,metamorpheus,lean,2,3.71
ProteinName,Protein.Group,Protein.Group,1,TRUE,TRUE,FALSE,1,TRUE,1,llama3.2-3b,metamorpheus,lean,3,4.23
PeptideSequence,Base.Sequence,Full.Sequence,1,FALSE,FALSE,FALSE,1,TRUE,1,llama3.2-3b,metamorpheus,lean,3,4.23
PrecursorCharge,Precursor.Charge,Precursor.Charge,1,TRUE,TRUE,FALSE,1,TRUE,1,llama3.2-3b,metamorpheus,lean,3,4.23
FragmentIon,"","",0,TRUE,TRUE,FALSE,,FALSE,0,llama3.2-3b,metamorpheus,lean,3,4.23
ProductCharge,"","",0,TRUE,TRUE,FALSE,,FALSE,0,llama3.2-3b,metamorpheus,lean,3,4.23
Run,File.Name,File.Name,1,TRUE,TRUE,FALSE,1,TRUE,1,llama3.2-3b,metamorpheus,lean,3,4.23
Intensity,Peak.intensity,Peak.intensity,1,TRUE,TRUE,FALSE,1,TRUE,1,llama3.2-3b,metamorpheus,lean,3,4.23
Qvalue,PIP.Q.Value,PIP.Q.Value,1,TRUE,TRUE,FALSE,1,TRUE,1,llama3.2-3b,metamorpheus,lean,3,4.23
ProteinName,Protein.Group,Protein.Group,1,TRUE,TRUE,FALSE,0.98,TRUE,1,llama3.2-3b,metamorpheus,constrained,1,6.53
PeptideSequence,Base.Sequence,Full.Sequence,1,FALSE,FALSE,TRUE,0.92,TRUE,1,llama3.2-3b,metamorpheus,constrained,1,6.53
PrecursorCharge,Precursor.Charge,Precursor.Charge,1,TRUE,TRUE,FALSE,0.98,TRUE,1,llama3.2-3b,metamorpheus,constrained,1,6.53
FragmentIon,"","",0,TRUE,TRUE,FALSE,0,TRUE,1,llama3.2-3b,metamorpheus,constrained,1,6.53
ProductCharge,"","",0,TRUE,TRUE,FALSE,0,TRUE,1,llama3.2-3b,metamorpheus,constrained,1,6.53
Run,MS2.Retention.Time,File.Name,1,FALSE,FALSE,FALSE,0.92,TRUE,1,llama3.2-3b,metamorpheus,constrained,1,6.53
Intensity,Peak.intensity,Peak.intensity,1,TRUE,TRUE,FALSE,0.92,TRUE,1,llama3.2-3b,metamorpheus,constrained,1,6.53
Qvalue,PIP.Q.Value,PIP.Q.Value,1,TRUE,TRUE,FALSE,0,TRUE,1,llama3.2-3b,metamorpheus,constrained,1,6.53
ProteinName,Protein.Group,Protein.Group,1,TRUE,TRUE,FALSE,0.98,TRUE,1,llama3.2-3b,metamorpheus,constrained,2,6.56
PeptideSequence,Base.Sequence,Full.Sequence,1,FALSE,FALSE,TRUE,0.92,TRUE,1,llama3.2-3b,metamorpheus,constrained,2,6.56
PrecursorCharge,Precursor.Charge,Precursor.Charge,1,TRUE,TRUE,FALSE,0.98,TRUE,1,llama3.2-3b,metamorpheus,constrained,2,6.56
FragmentIon,"","",0,TRUE,TRUE,FALSE,0,TRUE,1,llama3.2-3b,metamorpheus,constrained,2,6.56
ProductCharge,"","",0,TRUE,TRUE,FALSE,0,TRUE,1,llama3.2-3b,metamorpheus,constrained,2,6.56
Run,MS2.Retention.Time,File.Name,1,FALSE,FALSE,FALSE,0.92,TRUE,1,llama3.2-3b,metamorpheus,constrained,2,6.56
Intensity,Peak.intensity,Peak.intensity,1,TRUE,TRUE,FALSE,0.92,TRUE,1,llama3.2-3b,metamorpheus,constrained,2,6.56
Qvalue,PIP.Q.Value,PIP.Q.Value,1,TRUE,TRUE,FALSE,0,TRUE,1,llama3.2-3b,metamorpheus,constrained,2,6.56
ProteinName,Protein.Group,Protein.Group,1,TRUE,TRUE,FALSE,0.98,TRUE,1,llama3.2-3b,metamorpheus,constrained,3,7.48
PeptideSequence,Base.Sequence,Full.Sequence,1,FALSE,FALSE,TRUE,0.92,TRUE,1,llama3.2-3b,metamorpheus,constrained,3,7.48
PrecursorCharge,Precursor.Charge,Precursor.Charge,1,TRUE,TRUE,FALSE,0.98,TRUE,1,llama3.2-3b,metamorpheus,constrained,3,7.48
FragmentIon,"","",0,TRUE,TRUE,FALSE,0,TRUE,1,llama3.2-3b,metamorpheus,constrained,3,7.48
ProductCharge,"","",0,TRUE,TRUE,FALSE,0,TRUE,1,llama3.2-3b,metamorpheus,constrained,3,7.48
Run,MS2.Retention.Time,File.Name,1,FALSE,FALSE,FALSE,0.92,TRUE,1,llama3.2-3b,metamorpheus,constrained,3,7.48
Intensity,Peak.intensity,Peak.intensity,1,TRUE,TRUE,FALSE,0.92,TRUE,1,llama3.2-3b,metamorpheus,constrained,3,7.48
Qvalue,PIP.Q.Value,PIP.Q.Value,1,TRUE,TRUE,FALSE,0,TRUE,1,llama3.2-3b,metamorpheus,constrained,3,7.48
ProteinName,Protein.Group,Protein.Group,1,TRUE,TRUE,FALSE,1,TRUE,1,llama3.2-3b,metamorpheus,filter_aware,1,8.98
PeptideSequence,Base.Sequence,Full.Sequence,1,FALSE,FALSE,FALSE,1,TRUE,1,llama3.2-3b,metamorpheus,filter_aware,1,8.98
PrecursorCharge,Precursor.Charge,Precursor.Charge,1,TRUE,TRUE,FALSE,1,TRUE,1,llama3.2-3b,metamorpheus,filter_aware,1,8.98
FragmentIon,"","",0,TRUE,TRUE,FALSE,0,TRUE,1,llama3.2-3b,metamorpheus,filter_aware,1,8.98
ProductCharge,Peak.Charge,"",0,FALSE,FALSE,FALSE,1,TRUE,1,llama3.2-3b,metamorpheus,filter_aware,1,8.98
Run,File.Name,File.Name,1,TRUE,TRUE,FALSE,1,TRUE,1,llama3.2-3b,metamorpheus,filter_aware,1,8.98
Intensity,Peak.intensity,Peak.intensity,1,TRUE,TRUE,FALSE,1,TRUE,1,llama3.2-3b,metamorpheus,filter_aware,1,8.98
Qvalue,PIP.Q.Value,PIP.Q.Value,1,TRUE,TRUE,FALSE,1,TRUE,1,llama3.2-3b,metamorpheus,filter_aware,1,8.98
ProteinName,Protein.Group,Protein.Group,1,TRUE,TRUE,FALSE,1,TRUE,1,llama3.2-3b,metamorpheus,filter_aware,2,9.23
PeptideSequence,Base.Sequence,Full.Sequence,1,FALSE,FALSE,FALSE,1,TRUE,1,llama3.2-3b,metamorpheus,filter_aware,2,9.23
PrecursorCharge,Precursor.Charge,Precursor.Charge,1,TRUE,TRUE,FALSE,1,TRUE,1,llama3.2-3b,metamorpheus,filter_aware,2,9.23
FragmentIon,"","",0,TRUE,TRUE,FALSE,0,TRUE,1,llama3.2-3b,metamorpheus,filter_aware,2,9.23
ProductCharge,Peak.Charge,"",0,FALSE,FALSE,FALSE,1,TRUE,1,llama3.2-3b,metamorpheus,filter_aware,2,9.23
Run,File.Name,File.Name,1,TRUE,TRUE,FALSE,1,TRUE,1,llama3.2-3b,metamorpheus,filter_aware,2,9.23
Intensity,Peak.intensity,Peak.intensity,1,TRUE,TRUE,FALSE,1,TRUE,1,llama3.2-3b,metamorpheus,filter_aware,2,9.23
Qvalue,PIP.Q.Value,PIP.Q.Value,1,TRUE,TRUE,FALSE,1,TRUE,1,llama3.2-3b,metamorpheus,filter_aware,2,9.23
ProteinName,Protein.Group,Protein.Group,1,TRUE,TRUE,FALSE,1,TRUE,1,llama3.2-3b,metamorpheus,filter_aware,3,9.6
PeptideSequence,Base.Sequence,Full.Sequence,1,FALSE,FALSE,FALSE,1,TRUE,1,llama3.2-3b,metamorpheus,filter_aware,3,9.6
PrecursorCharge,Precursor.Charge,Precursor.Charge,1,TRUE,TRUE,FALSE,1,TRUE,1,llama3.2-3b,metamorpheus,filter_aware,3,9.6
FragmentIon,"","",0,TRUE,TRUE,FALSE,0,TRUE,1,llama3.2-3b,metamorpheus,filter_aware,3,9.6
ProductCharge,Peak.Charge,"",0,FALSE,FALSE,FALSE,1,TRUE,1,llama3.2-3b,metamorpheus,filter_aware,3,9.6
Run,File.Name,File.Name,1,TRUE,TRUE,FALSE,1,TRUE,1,llama3.2-3b,metamorpheus,filter_aware,3,9.6
Intensity,Peak.intensity,Peak.intensity,1,TRUE,TRUE,FALSE,1,TRUE,1,llama3.2-3b,metamorpheus,filter_aware,3,9.6
Qvalue,PIP.Q.Value,PIP.Q.Value,1,TRUE,TRUE,FALSE,1,TRUE,1,llama3.2-3b,metamorpheus,filter_aware,3,9.6
ProteinName,Protein.Group,Protein.Group,1,TRUE,TRUE,FALSE,0.98,TRUE,1,llama3.2-3b,metamorpheus,constrained_filter,1,11.75
PeptideSequence,Base.Sequence,Full.Sequence,1,FALSE,FALSE,TRUE,0.92,TRUE,1,llama3.2-3b,metamorpheus,constrained_filter,1,11.75
PrecursorCharge,Precursor.Charge,Precursor.Charge,1,TRUE,TRUE,FALSE,0.98,TRUE,1,llama3.2-3b,metamorpheus,constrained_filter,1,11.75
FragmentIon,"","",0,TRUE,TRUE,FALSE,0,TRUE,1,llama3.2-3b,metamorpheus,constrained_filter,1,11.75
ProductCharge,"","",0,TRUE,TRUE,FALSE,0,TRUE,1,llama3.2-3b,metamorpheus,constrained_filter,1,11.75
Run,MS2.Retention.Time,File.Name,1,FALSE,FALSE,FALSE,0.92,TRUE,1,llama3.2-3b,metamorpheus,constrained_filter,1,11.75
Intensity,Peak.intensity,Peak.intensity,1,TRUE,TRUE,FALSE,0.92,TRUE,1,llama3.2-3b,metamorpheus,constrained_filter,1,11.75
Qvalue,PIP.Q.Value,PIP.Q.Value,1,TRUE,TRUE,FALSE,0,TRUE,1,llama3.2-3b,metamorpheus,constrained_filter,1,11.75
ProteinName,Protein.Group,Protein.Group,1,TRUE,TRUE,FALSE,0.98,TRUE,1,llama3.2-3b,metamorpheus,constrained_filter,2,11.74
PeptideSequence,Base.Sequence,Full.Sequence,1,FALSE,FALSE,TRUE,0.92,TRUE,1,llama3.2-3b,metamorpheus,constrained_filter,2,11.74
PrecursorCharge,Precursor.Charge,Precursor.Charge,1,TRUE,TRUE,FALSE,0.98,TRUE,1,llama3.2-3b,metamorpheus,constrained_filter,2,11.74
FragmentIon,"","",0,TRUE,TRUE,FALSE,0,TRUE,1,llama3.2-3b,metamorpheus,constrained_filter,2,11.74
ProductCharge,"","",0,TRUE,TRUE,FALSE,0,TRUE,1,llama3.2-3b,metamorpheus,constrained_filter,2,11.74
Run,MS2.Retention.Time,File.Name,1,FALSE,FALSE,FALSE,0.92,TRUE,1,llama3.2-3b,metamorpheus,constrained_filter,2,11.74
Intensity,Peak.intensity,Peak.intensity,1,TRUE,TRUE,FALSE,0.92,TRUE,1,llama3.2-3b,metamorpheus,constrained_filter,2,11.74
Qvalue,PIP.Q.Value,PIP.Q.Value,1,TRUE,TRUE,FALSE,0,TRUE,1,llama3.2-3b,metamorpheus,constrained_filter,2,11.74
ProteinName,Protein.Group,Protein.Group,1,TRUE,TRUE,FALSE,0.98,TRUE,1,llama3.2-3b,metamorpheus,constrained_filter,3,10.74
PeptideSequence,Base.Sequence,Full.Sequence,1,FALSE,FALSE,TRUE,0.92,TRUE,1,llama3.2-3b,metamorpheus,constrained_filter,3,10.74
PrecursorCharge,Precursor.Charge,Precursor.Charge,1,TRUE,TRUE,FALSE,0.98,TRUE,1,llama3.2-3b,metamorpheus,constrained_filter,3,10.74
FragmentIon,"","",0,TRUE,TRUE,FALSE,0,TRUE,1,llama3.2-3b,metamorpheus,constrained_filter,3,10.74
ProductCharge,"","",0,TRUE,TRUE,FALSE,0,TRUE,1,llama3.2-3b,metamorpheus,constrained_filter,3,10.74
Run,MS2.Retention.Time,File.Name,1,FALSE,FALSE,FALSE,0.92,TRUE,1,llama3.2-3b,metamorpheus,constrained_filter,3,10.74
Intensity,Peak.intensity,Peak.intensity,1,TRUE,TRUE,FALSE,0.92,TRUE,1,llama3.2-3b,metamorpheus,constrained_filter,3,10.74
Qvalue,PIP.Q.Value,PIP.Q.Value,1,TRUE,TRUE,FALSE,0,TRUE,1,llama3.2-3b,metamorpheus,constrained_filter,3,10.74
ProteinName,Protein.Group,Protein.Group,1,TRUE,TRUE,FALSE,0.98,TRUE,1,llama3.2-3b,metamorpheus,constrained_v2,1,3.97
PeptideSequence,Full.Sequence,Full.Sequence,1,TRUE,TRUE,FALSE,0.98,TRUE,1,llama3.2-3b,metamorpheus,constrained_v2,1,3.97
PrecursorCharge,Precursor.Charge,Precursor.Charge,1,TRUE,TRUE,FALSE,0.98,TRUE,1,llama3.2-3b,metamorpheus,constrained_v2,1,3.97
FragmentIon,"","",0,TRUE,TRUE,FALSE,0,TRUE,1,llama3.2-3b,metamorpheus,constrained_v2,1,3.97
ProductCharge,"","",0,TRUE,TRUE,FALSE,0,TRUE,1,llama3.2-3b,metamorpheus,constrained_v2,1,3.97
Run,"",File.Name,1,FALSE,FALSE,FALSE,0,TRUE,1,llama3.2-3b,metamorpheus,constrained_v2,1,3.97
Intensity,Peak.intensity,Peak.intensity,1,TRUE,TRUE,FALSE,0.92,TRUE,1,llama3.2-3b,metamorpheus,constrained_v2,1,3.97
Qvalue,PIP.Q.Value,PIP.Q.Value,1,TRUE,TRUE,FALSE,0,TRUE,1,llama3.2-3b,metamorpheus,constrained_v2,1,3.97
ProteinName,Protein.Group,Protein.Group,1,TRUE,TRUE,FALSE,0.98,TRUE,1,llama3.2-3b,metamorpheus,constrained_v2,2,4.06
PeptideSequence,Full.Sequence,Full.Sequence,1,TRUE,TRUE,FALSE,0.98,TRUE,1,llama3.2-3b,metamorpheus,constrained_v2,2,4.06
PrecursorCharge,Precursor.Charge,Precursor.Charge,1,TRUE,TRUE,FALSE,0.98,TRUE,1,llama3.2-3b,metamorpheus,constrained_v2,2,4.06
FragmentIon,"","",0,TRUE,TRUE,FALSE,0,TRUE,1,llama3.2-3b,metamorpheus,constrained_v2,2,4.06
ProductCharge,"","",0,TRUE,TRUE,FALSE,0,TRUE,1,llama3.2-3b,metamorpheus,constrained_v2,2,4.06
Run,"",File.Name,1,FALSE,FALSE,FALSE,0,TRUE,1,llama3.2-3b,metamorpheus,constrained_v2,2,4.06
Intensity,Peak.intensity,Peak.intensity,1,TRUE,TRUE,FALSE,0.92,TRUE,1,llama3.2-3b,metamorpheus,constrained_v2,2,4.06
Qvalue,PIP.Q.Value,PIP.Q.Value,1,TRUE,TRUE,FALSE,0,TRUE,1,llama3.2-3b,metamorpheus,constrained_v2,2,4.06
ProteinName,Protein.Group,Protein.Group,1,TRUE,TRUE,FALSE,0.98,TRUE,1,llama3.2-3b,metamorpheus,constrained_v2,3,4.27
PeptideSequence,Full.Sequence,Full.Sequence,1,TRUE,TRUE,FALSE,0.98,TRUE,1,llama3.2-3b,metamorpheus,constrained_v2,3,4.27
PrecursorCharge,Precursor.Charge,Precursor.Charge,1,TRUE,TRUE,FALSE,0.98,TRUE,1,llama3.2-3b,metamorpheus,constrained_v2,3,4.27
FragmentIon,"","",0,TRUE,TRUE,FALSE,0,TRUE,1,llama3.2-3b,metamorpheus,constrained_v2,3,4.27
ProductCharge,"","",0,TRUE,TRUE,FALSE,0,TRUE,1,llama3.2-3b,metamorpheus,constrained_v2,3,4.27
Run,"",File.Name,1,FALSE,FALSE,FALSE,0,TRUE,1,llama3.2-3b,metamorpheus,constrained_v2,3,4.27
Intensity,Peak.intensity,Peak.intensity,1,TRUE,TRUE,FALSE,0.92,TRUE,1,llama3.2-3b,metamorpheus,constrained_v2,3,4.27
Qvalue,PIP.Q.Value,PIP.Q.Value,1,TRUE,TRUE,FALSE,0,TRUE,1,llama3.2-3b,metamorpheus,constrained_v2,3,4.27
ProteinName,Protein.Group,Protein.Group,1,TRUE,TRUE,FALSE,0.98,TRUE,1,llama3.2-3b,metamorpheus,constrained_filter_v2,1,5.62
PeptideSequence,Base.Sequence,Full.Sequence,1,FALSE,FALSE,FALSE,0.98,TRUE,1,llama3.2-3b,metamorpheus,constrained_filter_v2,1,5.62
PrecursorCharge,Precursor.Charge,Precursor.Charge,1,TRUE,TRUE,FALSE,0,TRUE,1,llama3.2-3b,metamorpheus,constrained_filter_v2,1,5.62
FragmentIon,"","",0,TRUE,TRUE,FALSE,0,TRUE,1,llama3.2-3b,metamorpheus,constrained_filter_v2,1,5.62
ProductCharge,"","",0,TRUE,TRUE,FALSE,0,TRUE,1,llama3.2-3b,metamorpheus,constrained_filter_v2,1,5.62
Run,File.Name,File.Name,1,TRUE,TRUE,FALSE,0.92,TRUE,1,llama3.2-3b,metamorpheus,constrained_filter_v2,1,5.62
Intensity,Peak.intensity,Peak.intensity,1,TRUE,TRUE,FALSE,0.92,TRUE,1,llama3.2-3b,metamorpheus,constrained_filter_v2,1,5.62
Qvalue,PIP.Q.Value,PIP.Q.Value,1,TRUE,TRUE,FALSE,0,TRUE,1,llama3.2-3b,metamorpheus,constrained_filter_v2,1,5.62
ProteinName,Protein.Group,Protein.Group,1,TRUE,TRUE,FALSE,0.98,TRUE,1,llama3.2-3b,metamorpheus,constrained_filter_v2,2,4.89
PeptideSequence,Base.Sequence,Full.Sequence,1,FALSE,FALSE,FALSE,0.98,TRUE,1,llama3.2-3b,metamorpheus,constrained_filter_v2,2,4.89
PrecursorCharge,Precursor.Charge,Precursor.Charge,1,TRUE,TRUE,FALSE,0,TRUE,1,llama3.2-3b,metamorpheus,constrained_filter_v2,2,4.89
FragmentIon,"","",0,TRUE,TRUE,FALSE,0,TRUE,1,llama3.2-3b,metamorpheus,constrained_filter_v2,2,4.89
ProductCharge,"","",0,TRUE,TRUE,FALSE,0,TRUE,1,llama3.2-3b,metamorpheus,constrained_filter_v2,2,4.89
Run,File.Name,File.Name,1,TRUE,TRUE,FALSE,0.92,TRUE,1,llama3.2-3b,metamorpheus,constrained_filter_v2,2,4.89
Intensity,Peak.intensity,Peak.intensity,1,TRUE,TRUE,FALSE,0.92,TRUE,1,llama3.2-3b,metamorpheus,constrained_filter_v2,2,4.89
Qvalue,PIP.Q.Value,PIP.Q.Value,1,TRUE,TRUE,FALSE,0,TRUE,1,llama3.2-3b,metamorpheus,constrained_filter_v2,2,4.89
ProteinName,Protein.Group,Protein.Group,1,TRUE,TRUE,FALSE,0.98,TRUE,1,llama3.2-3b,metamorpheus,constrained_filter_v2,3,5.36
PeptideSequence,Base.Sequence,Full.Sequence,1,FALSE,FALSE,FALSE,0.98,TRUE,1,llama3.2-3b,metamorpheus,constrained_filter_v2,3,5.36
PrecursorCharge,Precursor.Charge,Precursor.Charge,1,TRUE,TRUE,FALSE,0,TRUE,1,llama3.2-3b,metamorpheus,constrained_filter_v2,3,5.36
FragmentIon,"","",0,TRUE,TRUE,FALSE,0,TRUE,1,llama3.2-3b,metamorpheus,constrained_filter_v2,3,5.36
ProductCharge,"","",0,TRUE,TRUE,FALSE,0,TRUE,1,llama3.2-3b,metamorpheus,constrained_filter_v2,3,5.36
Run,File.Name,File.Name,1,TRUE,TRUE,FALSE,0.92,TRUE,1,llama3.2-3b,metamorpheus,constrained_filter_v2,3,5.36
Intensity,Peak.intensity,Peak.intensity,1,TRUE,TRUE,FALSE,0.92,TRUE,1,llama3.2-3b,metamorpheus,constrained_filter_v2,3,5.36
Qvalue,PIP.Q.Value,PIP.Q.Value,1,TRUE,TRUE,FALSE,0,TRUE,1,llama3.2-3b,metamorpheus,constrained_filter_v2,3,5.36
ProteinName,PG.ProteinAccessions,PG.ProteinGroups,2,FALSE,TRUE,FALSE,1,TRUE,1,llama3.1-8b,spectronaut,lean,1,5.81
PeptideSequence,EG.ModifiedSequence,EG.ModifiedSequence,1,TRUE,TRUE,FALSE,0.9,TRUE,1,llama3.1-8b,spectronaut,lean,1,5.81
PrecursorCharge,FG.Charge,FG.Charge,1,TRUE,TRUE,FALSE,1,TRUE,1,llama3.1-8b,spectronaut,lean,1,5.81
FragmentIon,F.FrgIon,F.FrgIon,1,TRUE,TRUE,FALSE,1,TRUE,1,llama3.1-8b,spectronaut,lean,1,5.81
ProductCharge,F.FrgType,F.Charge,2,FALSE,FALSE,FALSE,0.8,TRUE,1,llama3.1-8b,spectronaut,lean,1,5.81
Run,EG.Library,R.FileName,1,FALSE,FALSE,FALSE,1,TRUE,1,llama3.1-8b,spectronaut,lean,1,5.81
Intensity,F.NormalizedPeakArea,F.PeakArea,4,FALSE,TRUE,FALSE,1,TRUE,1,llama3.1-8b,spectronaut,lean,1,5.81
Qvalue,PG.Qvalue,EG.Qvalue,2,FALSE,TRUE,FALSE,1,TRUE,1,llama3.1-8b,spectronaut,lean,1,5.81
ProteinName,PG.ProteinAccessions,PG.ProteinGroups,2,FALSE,TRUE,FALSE,1,TRUE,1,llama3.1-8b,spectronaut,lean,2,5.44
PeptideSequence,EG.ModifiedSequence,EG.ModifiedSequence,1,TRUE,TRUE,FALSE,0.9,TRUE,1,llama3.1-8b,spectronaut,lean,2,5.44
PrecursorCharge,FG.Charge,FG.Charge,1,TRUE,TRUE,FALSE,1,TRUE,1,llama3.1-8b,spectronaut,lean,2,5.44
FragmentIon,F.FrgIon,F.FrgIon,1,TRUE,TRUE,FALSE,1,TRUE,1,llama3.1-8b,spectronaut,lean,2,5.44
ProductCharge,F.FrgType,F.Charge,2,FALSE,FALSE,FALSE,0.8,TRUE,1,llama3.1-8b,spectronaut,lean,2,5.44
Run,EG.Library,R.FileName,1,FALSE,FALSE,FALSE,1,TRUE,1,llama3.1-8b,spectronaut,lean,2,5.44
Intensity,F.NormalizedPeakArea,F.PeakArea,4,FALSE,TRUE,FALSE,1,TRUE,1,llama3.1-8b,spectronaut,lean,2,5.44
Qvalue,PG.Qvalue,EG.Qvalue,2,FALSE,TRUE,FALSE,1,TRUE,1,llama3.1-8b,spectronaut,lean,2,5.44
ProteinName,PG.ProteinAccessions,PG.ProteinGroups,2,FALSE,TRUE,FALSE,1,TRUE,1,llama3.1-8b,spectronaut,lean,3,5.19
PeptideSequence,EG.ModifiedSequence,EG.ModifiedSequence,1,TRUE,TRUE,FALSE,0.9,TRUE,1,llama3.1-8b,spectronaut,lean,3,5.19
PrecursorCharge,FG.Charge,FG.Charge,1,TRUE,TRUE,FALSE,1,TRUE,1,llama3.1-8b,spectronaut,lean,3,5.19
FragmentIon,F.FrgIon,F.FrgIon,1,TRUE,TRUE,FALSE,1,TRUE,1,llama3.1-8b,spectronaut,lean,3,5.19
ProductCharge,F.FrgType,F.Charge,2,FALSE,FALSE,FALSE,0.8,TRUE,1,llama3.1-8b,spectronaut,lean,3,5.19
Run,EG.Library,R.FileName,1,FALSE,FALSE,FALSE,1,TRUE,1,llama3.1-8b,spectronaut,lean,3,5.19
Intensity,F.NormalizedPeakArea,F.PeakArea,4,FALSE,TRUE,FALSE,1,TRUE,1,llama3.1-8b,spectronaut,lean,3,5.19
Qvalue,PG.Qvalue,EG.Qvalue,2,FALSE,TRUE,FALSE,1,TRUE,1,llama3.1-8b,spectronaut,lean,3,5.19
ProteinName,PG.ProteinAccessions,PG.ProteinGroups,2,FALSE,TRUE,FALSE,0.98,TRUE,1,llama3.1-8b,spectronaut,constrained,1,5.44
PeptideSequence,EG.ModifiedSequence,EG.ModifiedSequence,1,TRUE,TRUE,FALSE,0.98,TRUE,1,llama3.1-8b,spectronaut,constrained,1,5.44
PrecursorCharge,FG.Charge,FG.Charge,1,TRUE,TRUE,FALSE,0.98,TRUE,1,llama3.1-8b,spectronaut,constrained,1,5.44
FragmentIon,F.FrgIon,F.FrgIon,1,TRUE,TRUE,FALSE,0.98,TRUE,1,llama3.1-8b,spectronaut,constrained,1,5.44
ProductCharge,FG.Charge,F.Charge,2,FALSE,FALSE,FALSE,0.98,TRUE,1,llama3.1-8b,spectronaut,constrained,1,5.44
Run,R.FileName,R.FileName,1,TRUE,TRUE,FALSE,0.92,TRUE,1,llama3.1-8b,spectronaut,constrained,1,5.44
Intensity,F.NormalizedPeakArea,F.PeakArea,4,FALSE,TRUE,FALSE,0.98,TRUE,1,llama3.1-8b,spectronaut,constrained,1,5.44
Qvalue,EG.Qvalue,EG.Qvalue,2,TRUE,TRUE,FALSE,0.98,TRUE,1,llama3.1-8b,spectronaut,constrained,1,5.44
ProteinName,PG.ProteinAccessions,PG.ProteinGroups,2,FALSE,TRUE,FALSE,0.98,TRUE,1,llama3.1-8b,spectronaut,constrained,2,5.22
PeptideSequence,EG.ModifiedSequence,EG.ModifiedSequence,1,TRUE,TRUE,FALSE,0.98,TRUE,1,llama3.1-8b,spectronaut,constrained,2,5.22
PrecursorCharge,FG.Charge,FG.Charge,1,TRUE,TRUE,FALSE,0.98,TRUE,1,llama3.1-8b,spectronaut,constrained,2,5.22
FragmentIon,F.FrgIon,F.FrgIon,1,TRUE,TRUE,FALSE,0.98,TRUE,1,llama3.1-8b,spectronaut,constrained,2,5.22
ProductCharge,FG.Charge,F.Charge,2,FALSE,FALSE,FALSE,0.98,TRUE,1,llama3.1-8b,spectronaut,constrained,2,5.22
Run,R.FileName,R.FileName,1,TRUE,TRUE,FALSE,0.92,TRUE,1,llama3.1-8b,spectronaut,constrained,2,5.22
Intensity,F.NormalizedPeakArea,F.PeakArea,4,FALSE,TRUE,FALSE,0.98,TRUE,1,llama3.1-8b,spectronaut,constrained,2,5.22
Qvalue,EG.Qvalue,EG.Qvalue,2,TRUE,TRUE,FALSE,0.98,TRUE,1,llama3.1-8b,spectronaut,constrained,2,5.22
ProteinName,PG.ProteinAccessions,PG.ProteinGroups,2,FALSE,TRUE,FALSE,0.98,TRUE,1,llama3.1-8b,spectronaut,constrained,3,5.05
PeptideSequence,EG.ModifiedSequence,EG.ModifiedSequence,1,TRUE,TRUE,FALSE,0.98,TRUE,1,llama3.1-8b,spectronaut,constrained,3,5.05
PrecursorCharge,FG.Charge,FG.Charge,1,TRUE,TRUE,FALSE,0.98,TRUE,1,llama3.1-8b,spectronaut,constrained,3,5.05
FragmentIon,F.FrgIon,F.FrgIon,1,TRUE,TRUE,FALSE,0.98,TRUE,1,llama3.1-8b,spectronaut,constrained,3,5.05
ProductCharge,FG.Charge,F.Charge,2,FALSE,FALSE,FALSE,0.98,TRUE,1,llama3.1-8b,spectronaut,constrained,3,5.05
Run,R.FileName,R.FileName,1,TRUE,TRUE,FALSE,0.92,TRUE,1,llama3.1-8b,spectronaut,constrained,3,5.05
Intensity,F.NormalizedPeakArea,F.PeakArea,4,FALSE,TRUE,FALSE,0.98,TRUE,1,llama3.1-8b,spectronaut,constrained,3,5.05
Qvalue,EG.Qvalue,EG.Qvalue,2,TRUE,TRUE,FALSE,0.98,TRUE,1,llama3.1-8b,spectronaut,constrained,3,5.05
ProteinName,PG.ProteinAccessions,PG.ProteinGroups,2,FALSE,TRUE,FALSE,1,TRUE,1,llama3.1-8b,spectronaut,filter_aware,1,8.41
PeptideSequence,PEP.StrippedSequence,EG.ModifiedSequence,1,FALSE,FALSE,FALSE,1,TRUE,1,llama3.1-8b,spectronaut,filter_aware,1,8.41
PrecursorCharge,FG.Charge,FG.Charge,1,TRUE,TRUE,FALSE,1,TRUE,1,llama3.1-8b,spectronaut,filter_aware,1,8.41
FragmentIon,F.FrgIon,F.FrgIon,1,TRUE,TRUE,FALSE,1,TRUE,1,llama3.1-8b,spectronaut,filter_aware,1,8.41
ProductCharge,FG.Charge,F.Charge,2,FALSE,FALSE,FALSE,1,TRUE,1,llama3.1-8b,spectronaut,filter_aware,1,8.41
Run,R.FileName,R.FileName,1,TRUE,TRUE,FALSE,1,TRUE,1,llama3.1-8b,spectronaut,filter_aware,1,8.41
Intensity,F.NormalizedPeakArea,F.PeakArea,4,FALSE,TRUE,FALSE,1,TRUE,1,llama3.1-8b,spectronaut,filter_aware,1,8.41
Qvalue,PG.Qvalue,EG.Qvalue,2,FALSE,TRUE,FALSE,1,TRUE,1,llama3.1-8b,spectronaut,filter_aware,1,8.41
ProteinName,PG.ProteinAccessions,PG.ProteinGroups,2,FALSE,TRUE,FALSE,1,TRUE,1,llama3.1-8b,spectronaut,filter_aware,2,8.58
PeptideSequence,PEP.StrippedSequence,EG.ModifiedSequence,1,FALSE,FALSE,FALSE,1,TRUE,1,llama3.1-8b,spectronaut,filter_aware,2,8.58
PrecursorCharge,FG.Charge,FG.Charge,1,TRUE,TRUE,FALSE,1,TRUE,1,llama3.1-8b,spectronaut,filter_aware,2,8.58
FragmentIon,F.FrgIon,F.FrgIon,1,TRUE,TRUE,FALSE,1,TRUE,1,llama3.1-8b,spectronaut,filter_aware,2,8.58
ProductCharge,FG.Charge,F.Charge,2,FALSE,FALSE,FALSE,1,TRUE,1,llama3.1-8b,spectronaut,filter_aware,2,8.58
Run,R.FileName,R.FileName,1,TRUE,TRUE,FALSE,1,TRUE,1,llama3.1-8b,spectronaut,filter_aware,2,8.58
Intensity,F.NormalizedPeakArea,F.PeakArea,4,FALSE,TRUE,FALSE,1,TRUE,1,llama3.1-8b,spectronaut,filter_aware,2,8.58
Qvalue,PG.Qvalue,EG.Qvalue,2,FALSE,TRUE,FALSE,1,TRUE,1,llama3.1-8b,spectronaut,filter_aware,2,8.58
ProteinName,PG.ProteinAccessions,PG.ProteinGroups,2,FALSE,TRUE,FALSE,1,TRUE,1,llama3.1-8b,spectronaut,filter_aware,3,9.19
PeptideSequence,PEP.StrippedSequence,EG.ModifiedSequence,1,FALSE,FALSE,FALSE,1,TRUE,1,llama3.1-8b,spectronaut,filter_aware,3,9.19
PrecursorCharge,FG.Charge,FG.Charge,1,TRUE,TRUE,FALSE,1,TRUE,1,llama3.1-8b,spectronaut,filter_aware,3,9.19
FragmentIon,F.FrgIon,F.FrgIon,1,TRUE,TRUE,FALSE,1,TRUE,1,llama3.1-8b,spectronaut,filter_aware,3,9.19
ProductCharge,FG.Charge,F.Charge,2,FALSE,FALSE,FALSE,1,TRUE,1,llama3.1-8b,spectronaut,filter_aware,3,9.19
Run,R.FileName,R.FileName,1,TRUE,TRUE,FALSE,1,TRUE,1,llama3.1-8b,spectronaut,filter_aware,3,9.19
Intensity,F.NormalizedPeakArea,F.PeakArea,4,FALSE,TRUE,FALSE,1,TRUE,1,llama3.1-8b,spectronaut,filter_aware,3,9.19
Qvalue,PG.Qvalue,EG.Qvalue,2,FALSE,TRUE,FALSE,1,TRUE,1,llama3.1-8b,spectronaut,filter_aware,3,9.19
ProteinName,PG.ProteinAccessions,PG.ProteinGroups,2,FALSE,TRUE,FALSE,0.98,TRUE,1,llama3.1-8b,spectronaut,constrained_filter,1,9.51
PeptideSequence,PEP.StrippedSequence,EG.ModifiedSequence,1,FALSE,FALSE,FALSE,0.98,TRUE,1,llama3.1-8b,spectronaut,constrained_filter,1,9.51
PrecursorCharge,FG.Charge,FG.Charge,1,TRUE,TRUE,FALSE,0.98,TRUE,1,llama3.1-8b,spectronaut,constrained_filter,1,9.51
FragmentIon,F.FrgIon,F.FrgIon,1,TRUE,TRUE,FALSE,0.98,TRUE,1,llama3.1-8b,spectronaut,constrained_filter,1,9.51
ProductCharge,FG.Charge,F.Charge,2,FALSE,FALSE,FALSE,0.98,TRUE,1,llama3.1-8b,spectronaut,constrained_filter,1,9.51
Run,R.FileName,R.FileName,1,TRUE,TRUE,FALSE,0.92,TRUE,1,llama3.1-8b,spectronaut,constrained_filter,1,9.51
Intensity,F.NormalizedPeakArea,F.PeakArea,4,FALSE,TRUE,FALSE,0.92,TRUE,1,llama3.1-8b,spectronaut,constrained_filter,1,9.51
Qvalue,PG.Qvalue,EG.Qvalue,2,FALSE,TRUE,FALSE,0.98,TRUE,1,llama3.1-8b,spectronaut,constrained_filter,1,9.51
ProteinName,PG.ProteinAccessions,PG.ProteinGroups,2,FALSE,TRUE,FALSE,0.98,TRUE,1,llama3.1-8b,spectronaut,constrained_filter,2,10.56
PeptideSequence,PEP.StrippedSequence,EG.ModifiedSequence,1,FALSE,FALSE,FALSE,0.98,TRUE,1,llama3.1-8b,spectronaut,constrained_filter,2,10.56
PrecursorCharge,FG.Charge,FG.Charge,1,TRUE,TRUE,FALSE,0.98,TRUE,1,llama3.1-8b,spectronaut,constrained_filter,2,10.56
FragmentIon,F.FrgIon,F.FrgIon,1,TRUE,TRUE,FALSE,0.98,TRUE,1,llama3.1-8b,spectronaut,constrained_filter,2,10.56
ProductCharge,FG.Charge,F.Charge,2,FALSE,FALSE,FALSE,0.98,TRUE,1,llama3.1-8b,spectronaut,constrained_filter,2,10.56
Run,R.FileName,R.FileName,1,TRUE,TRUE,FALSE,0.92,TRUE,1,llama3.1-8b,spectronaut,constrained_filter,2,10.56
Intensity,F.NormalizedPeakArea,F.PeakArea,4,FALSE,TRUE,FALSE,0.92,TRUE,1,llama3.1-8b,spectronaut,constrained_filter,2,10.56
Qvalue,PG.Qvalue,EG.Qvalue,2,FALSE,TRUE,FALSE,0.98,TRUE,1,llama3.1-8b,spectronaut,constrained_filter,2,10.56
ProteinName,PG.ProteinAccessions,PG.ProteinGroups,2,FALSE,TRUE,FALSE,0.98,TRUE,1,llama3.1-8b,spectronaut,constrained_filter,3,10.04
PeptideSequence,PEP.StrippedSequence,EG.ModifiedSequence,1,FALSE,FALSE,FALSE,0.98,TRUE,1,llama3.1-8b,spectronaut,constrained_filter,3,10.04
PrecursorCharge,FG.Charge,FG.Charge,1,TRUE,TRUE,FALSE,0.98,TRUE,1,llama3.1-8b,spectronaut,constrained_filter,3,10.04
FragmentIon,F.FrgIon,F.FrgIon,1,TRUE,TRUE,FALSE,0.98,TRUE,1,llama3.1-8b,spectronaut,constrained_filter,3,10.04
ProductCharge,FG.Charge,F.Charge,2,FALSE,FALSE,FALSE,0.98,TRUE,1,llama3.1-8b,spectronaut,constrained_filter,3,10.04
Run,R.FileName,R.FileName,1,TRUE,TRUE,FALSE,0.92,TRUE,1,llama3.1-8b,spectronaut,constrained_filter,3,10.04
Intensity,F.NormalizedPeakArea,F.PeakArea,4,FALSE,TRUE,FALSE,0.92,TRUE,1,llama3.1-8b,spectronaut,constrained_filter,3,10.04
Qvalue,PG.Qvalue,EG.Qvalue,2,FALSE,TRUE,FALSE,0.98,TRUE,1,llama3.1-8b,spectronaut,constrained_filter,3,10.04
ProteinName,PG.ProteinAccessions,PG.ProteinGroups,2,FALSE,TRUE,FALSE,0.98,TRUE,1,llama3.1-8b,spectronaut,constrained_v2,1,36.3
PeptideSequence,EG.ModifiedSequence,EG.ModifiedSequence,1,TRUE,TRUE,FALSE,0.98,TRUE,1,llama3.1-8b,spectronaut,constrained_v2,1,36.3
PrecursorCharge,FG.Charge,FG.Charge,1,TRUE,TRUE,FALSE,0.98,TRUE,1,llama3.1-8b,spectronaut,constrained_v2,1,36.3
FragmentIon,F.FrgIon,F.FrgIon,1,TRUE,TRUE,FALSE,0.98,TRUE,1,llama3.1-8b,spectronaut,constrained_v2,1,36.3
ProductCharge,FG.Charge,F.Charge,2,FALSE,FALSE,FALSE,0.98,TRUE,1,llama3.1-8b,spectronaut,constrained_v2,1,36.3
Run,R.FileName,R.FileName,1,TRUE,TRUE,FALSE,0.92,TRUE,1,llama3.1-8b,spectronaut,constrained_v2,1,36.3
Intensity,F.NormalizedPeakArea,F.PeakArea,4,FALSE,TRUE,FALSE,0.98,TRUE,1,llama3.1-8b,spectronaut,constrained_v2,1,36.3
Qvalue,EG.Qvalue,EG.Qvalue,2,TRUE,TRUE,FALSE,0.98,TRUE,1,llama3.1-8b,spectronaut,constrained_v2,1,36.3
ProteinName,PG.ProteinAccessions,PG.ProteinGroups,2,FALSE,TRUE,FALSE,0.98,TRUE,1,llama3.1-8b,spectronaut,constrained_v2,2,5.71
PeptideSequence,EG.ModifiedSequence,EG.ModifiedSequence,1,TRUE,TRUE,FALSE,0.98,TRUE,1,llama3.1-8b,spectronaut,constrained_v2,2,5.71
PrecursorCharge,FG.Charge,FG.Charge,1,TRUE,TRUE,FALSE,0.98,TRUE,1,llama3.1-8b,spectronaut,constrained_v2,2,5.71
FragmentIon,F.FrgIon,F.FrgIon,1,TRUE,TRUE,FALSE,0.98,TRUE,1,llama3.1-8b,spectronaut,constrained_v2,2,5.71
ProductCharge,FG.Charge,F.Charge,2,FALSE,FALSE,FALSE,0.98,TRUE,1,llama3.1-8b,spectronaut,constrained_v2,2,5.71
Run,R.FileName,R.FileName,1,TRUE,TRUE,FALSE,0.92,TRUE,1,llama3.1-8b,spectronaut,constrained_v2,2,5.71
Intensity,F.NormalizedPeakArea,F.PeakArea,4,FALSE,TRUE,FALSE,0.98,TRUE,1,llama3.1-8b,spectronaut,constrained_v2,2,5.71
Qvalue,EG.Qvalue,EG.Qvalue,2,TRUE,TRUE,FALSE,0.98,TRUE,1,llama3.1-8b,spectronaut,constrained_v2,2,5.71
ProteinName,PG.ProteinAccessions,PG.ProteinGroups,2,FALSE,TRUE,FALSE,0.98,TRUE,1,llama3.1-8b,spectronaut,constrained_v2,3,5.26
PeptideSequence,EG.ModifiedSequence,EG.ModifiedSequence,1,TRUE,TRUE,FALSE,0.98,TRUE,1,llama3.1-8b,spectronaut,constrained_v2,3,5.26
PrecursorCharge,FG.Charge,FG.Charge,1,TRUE,TRUE,FALSE,0.98,TRUE,1,llama3.1-8b,spectronaut,constrained_v2,3,5.26
FragmentIon,F.FrgIon,F.FrgIon,1,TRUE,TRUE,FALSE,0.98,TRUE,1,llama3.1-8b,spectronaut,constrained_v2,3,5.26
ProductCharge,FG.Charge,F.Charge,2,FALSE,FALSE,FALSE,0.98,TRUE,1,llama3.1-8b,spectronaut,constrained_v2,3,5.26
Run,R.FileName,R.FileName,1,TRUE,TRUE,FALSE,0.92,TRUE,1,llama3.1-8b,spectronaut,constrained_v2,3,5.26
Intensity,F.NormalizedPeakArea,F.PeakArea,4,FALSE,TRUE,FALSE,0.98,TRUE,1,llama3.1-8b,spectronaut,constrained_v2,3,5.26
Qvalue,EG.Qvalue,EG.Qvalue,2,TRUE,TRUE,FALSE,0.98,TRUE,1,llama3.1-8b,spectronaut,constrained_v2,3,5.26
ProteinName,PG.ProteinAccessions,PG.ProteinGroups,2,FALSE,TRUE,FALSE,0.98,TRUE,1,llama3.1-8b,spectronaut,constrained_filter_v2,1,8.7
PeptideSequence,EG.ModifiedSequence,EG.ModifiedSequence,1,TRUE,TRUE,FALSE,0.98,TRUE,1,llama3.1-8b,spectronaut,constrained_filter_v2,1,8.7
PrecursorCharge,FG.Charge,FG.Charge,1,TRUE,TRUE,FALSE,0.98,TRUE,1,llama3.1-8b,spectronaut,constrained_filter_v2,1,8.7
FragmentIon,F.FrgIon,F.FrgIon,1,TRUE,TRUE,FALSE,0.98,TRUE,1,llama3.1-8b,spectronaut,constrained_filter_v2,1,8.7
ProductCharge,FG.Charge,F.Charge,2,FALSE,FALSE,FALSE,0.92,TRUE,1,llama3.1-8b,spectronaut,constrained_filter_v2,1,8.7
Run,R.FileName,R.FileName,1,TRUE,TRUE,FALSE,0.98,TRUE,1,llama3.1-8b,spectronaut,constrained_filter_v2,1,8.7
Intensity,F.NormalizedPeakArea,F.PeakArea,4,FALSE,TRUE,FALSE,0.98,TRUE,1,llama3.1-8b,spectronaut,constrained_filter_v2,1,8.7
Qvalue,PG.Qvalue,EG.Qvalue,2,FALSE,TRUE,FALSE,0.98,TRUE,1,llama3.1-8b,spectronaut,constrained_filter_v2,1,8.7
ProteinName,PG.ProteinAccessions,PG.ProteinGroups,2,FALSE,TRUE,FALSE,0.98,TRUE,1,llama3.1-8b,spectronaut,constrained_filter_v2,2,6.13
PeptideSequence,EG.ModifiedSequence,EG.ModifiedSequence,1,TRUE,TRUE,FALSE,0.98,TRUE,1,llama3.1-8b,spectronaut,constrained_filter_v2,2,6.13
PrecursorCharge,FG.Charge,FG.Charge,1,TRUE,TRUE,FALSE,0.98,TRUE,1,llama3.1-8b,spectronaut,constrained_filter_v2,2,6.13
FragmentIon,F.FrgIon,F.FrgIon,1,TRUE,TRUE,FALSE,0.98,TRUE,1,llama3.1-8b,spectronaut,constrained_filter_v2,2,6.13
ProductCharge,FG.Charge,F.Charge,2,FALSE,FALSE,FALSE,0.92,TRUE,1,llama3.1-8b,spectronaut,constrained_filter_v2,2,6.13
Run,R.FileName,R.FileName,1,TRUE,TRUE,FALSE,0.98,TRUE,1,llama3.1-8b,spectronaut,constrained_filter_v2,2,6.13
Intensity,F.NormalizedPeakArea,F.PeakArea,4,FALSE,TRUE,FALSE,0.98,TRUE,1,llama3.1-8b,spectronaut,constrained_filter_v2,2,6.13
Qvalue,PG.Qvalue,EG.Qvalue,2,FALSE,TRUE,FALSE,0.98,TRUE,1,llama3.1-8b,spectronaut,constrained_filter_v2,2,6.13
ProteinName,PG.ProteinAccessions,PG.ProteinGroups,2,FALSE,TRUE,FALSE,0.98,TRUE,1,llama3.1-8b,spectronaut,constrained_filter_v2,3,6.39
PeptideSequence,EG.ModifiedSequence,EG.ModifiedSequence,1,TRUE,TRUE,FALSE,0.98,TRUE,1,llama3.1-8b,spectronaut,constrained_filter_v2,3,6.39
PrecursorCharge,FG.Charge,FG.Charge,1,TRUE,TRUE,FALSE,0.98,TRUE,1,llama3.1-8b,spectronaut,constrained_filter_v2,3,6.39
FragmentIon,F.FrgIon,F.FrgIon,1,TRUE,TRUE,FALSE,0.98,TRUE,1,llama3.1-8b,spectronaut,constrained_filter_v2,3,6.39
ProductCharge,FG.Charge,F.Charge,2,FALSE,FALSE,FALSE,0.92,TRUE,1,llama3.1-8b,spectronaut,constrained_filter_v2,3,6.39
Run,R.FileName,R.FileName,1,TRUE,TRUE,FALSE,0.98,TRUE,1,llama3.1-8b,spectronaut,constrained_filter_v2,3,6.39
Intensity,F.NormalizedPeakArea,F.PeakArea,4,FALSE,TRUE,FALSE,0.98,TRUE,1,llama3.1-8b,spectronaut,constrained_filter_v2,3,6.39
Qvalue,PG.Qvalue,EG.Qvalue,2,FALSE,TRUE,FALSE,0.98,TRUE,1,llama3.1-8b,spectronaut,constrained_filter_v2,3,6.39
ProteinName,Protein.Group.Accessions,Protein.Group.Accessions,1,TRUE,TRUE,FALSE,1,TRUE,1,llama3.1-8b,proteome_discoverer,lean,1,5.17
PeptideSequence,Sequence,Sequence,1,TRUE,TRUE,FALSE,1,TRUE,1,llama3.1-8b,proteome_discoverer,lean,1,5.17
PrecursorCharge,Charge,Charge,1,TRUE,TRUE,FALSE,1,TRUE,1,llama3.1-8b,proteome_discoverer,lean,1,5.17
FragmentIon,"","",0,TRUE,TRUE,FALSE,0,TRUE,1,llama3.1-8b,proteome_discoverer,lean,1,5.17
ProductCharge,"","",0,TRUE,TRUE,FALSE,0,TRUE,1,llama3.1-8b,proteome_discoverer,lean,1,5.17
Run,Spectrum.File,Spectrum.File,1,TRUE,TRUE,FALSE,1,TRUE,1,llama3.1-8b,proteome_discoverer,lean,1,5.17
Intensity,Intensity,Precursor.Area,3,FALSE,TRUE,FALSE,1,TRUE,1,llama3.1-8b,proteome_discoverer,lean,1,5.17
Qvalue,Exp.Value,"",0,FALSE,FALSE,FALSE,0.8,TRUE,1,llama3.1-8b,proteome_discoverer,lean,1,5.17
ProteinName,Protein.Group.Accessions,Protein.Group.Accessions,1,TRUE,TRUE,FALSE,1,TRUE,1,llama3.1-8b,proteome_discoverer,lean,2,4.66
PeptideSequence,Sequence,Sequence,1,TRUE,TRUE,FALSE,1,TRUE,1,llama3.1-8b,proteome_discoverer,lean,2,4.66
PrecursorCharge,Charge,Charge,1,TRUE,TRUE,FALSE,1,TRUE,1,llama3.1-8b,proteome_discoverer,lean,2,4.66
FragmentIon,"","",0,TRUE,TRUE,FALSE,0,TRUE,1,llama3.1-8b,proteome_discoverer,lean,2,4.66
ProductCharge,"","",0,TRUE,TRUE,FALSE,0,TRUE,1,llama3.1-8b,proteome_discoverer,lean,2,4.66
Run,Spectrum.File,Spectrum.File,1,TRUE,TRUE,FALSE,1,TRUE,1,llama3.1-8b,proteome_discoverer,lean,2,4.66
Intensity,Intensity,Precursor.Area,3,FALSE,TRUE,FALSE,1,TRUE,1,llama3.1-8b,proteome_discoverer,lean,2,4.66
Qvalue,Exp.Value,"",0,FALSE,FALSE,FALSE,0.8,TRUE,1,llama3.1-8b,proteome_discoverer,lean,2,4.66
ProteinName,Protein.Group.Accessions,Protein.Group.Accessions,1,TRUE,TRUE,FALSE,1,TRUE,1,llama3.1-8b,proteome_discoverer,lean,3,5.47
PeptideSequence,Sequence,Sequence,1,TRUE,TRUE,FALSE,1,TRUE,1,llama3.1-8b,proteome_discoverer,lean,3,5.47
PrecursorCharge,Charge,Charge,1,TRUE,TRUE,FALSE,1,TRUE,1,llama3.1-8b,proteome_discoverer,lean,3,5.47
FragmentIon,"","",0,TRUE,TRUE,FALSE,0,TRUE,1,llama3.1-8b,proteome_discoverer,lean,3,5.47
ProductCharge,"","",0,TRUE,TRUE,FALSE,0,TRUE,1,llama3.1-8b,proteome_discoverer,lean,3,5.47
Run,Spectrum.File,Spectrum.File,1,TRUE,TRUE,FALSE,1,TRUE,1,llama3.1-8b,proteome_discoverer,lean,3,5.47
Intensity,Intensity,Precursor.Area,3,FALSE,TRUE,FALSE,1,TRUE,1,llama3.1-8b,proteome_discoverer,lean,3,5.47
Qvalue,Exp.Value,"",0,FALSE,FALSE,FALSE,0.8,TRUE,1,llama3.1-8b,proteome_discoverer,lean,3,5.47
ProteinName,Protein.Group.Accessions,Protein.Group.Accessions,1,TRUE,TRUE,FALSE,0.98,TRUE,1,llama3.1-8b,proteome_discoverer,constrained,1,4.93
PeptideSequence,Sequence,Sequence,1,TRUE,TRUE,FALSE,0.98,TRUE,1,llama3.1-8b,proteome_discoverer,constrained,1,4.93
PrecursorCharge,Charge,Charge,1,TRUE,TRUE,FALSE,0.98,TRUE,1,llama3.1-8b,proteome_discoverer,constrained,1,4.93
FragmentIon,"","",0,TRUE,TRUE,FALSE,0,TRUE,1,llama3.1-8b,proteome_discoverer,constrained,1,4.93
ProductCharge,"","",0,TRUE,TRUE,FALSE,0,TRUE,1,llama3.1-8b,proteome_discoverer,constrained,1,4.93
Run,Spectrum.File,Spectrum.File,1,TRUE,TRUE,FALSE,0.92,TRUE,1,llama3.1-8b,proteome_discoverer,constrained,1,4.93
Intensity,Intensity,Precursor.Area,3,FALSE,TRUE,FALSE,0.98,TRUE,1,llama3.1-8b,proteome_discoverer,constrained,1,4.93
Qvalue,"","",0,TRUE,TRUE,FALSE,0,TRUE,1,llama3.1-8b,proteome_discoverer,constrained,1,4.93
ProteinName,Protein.Group.Accessions,Protein.Group.Accessions,1,TRUE,TRUE,FALSE,0.98,TRUE,1,llama3.1-8b,proteome_discoverer,constrained,2,4.7
PeptideSequence,Sequence,Sequence,1,TRUE,TRUE,FALSE,0.98,TRUE,1,llama3.1-8b,proteome_discoverer,constrained,2,4.7
PrecursorCharge,Charge,Charge,1,TRUE,TRUE,FALSE,0.98,TRUE,1,llama3.1-8b,proteome_discoverer,constrained,2,4.7
FragmentIon,"","",0,TRUE,TRUE,FALSE,0,TRUE,1,llama3.1-8b,proteome_discoverer,constrained,2,4.7
ProductCharge,"","",0,TRUE,TRUE,FALSE,0,TRUE,1,llama3.1-8b,proteome_discoverer,constrained,2,4.7
Run,Spectrum.File,Spectrum.File,1,TRUE,TRUE,FALSE,0.92,TRUE,1,llama3.1-8b,proteome_discoverer,constrained,2,4.7
Intensity,Intensity,Precursor.Area,3,FALSE,TRUE,FALSE,0.98,TRUE,1,llama3.1-8b,proteome_discoverer,constrained,2,4.7
Qvalue,"","",0,TRUE,TRUE,FALSE,0,TRUE,1,llama3.1-8b,proteome_discoverer,constrained,2,4.7
ProteinName,Protein.Group.Accessions,Protein.Group.Accessions,1,TRUE,TRUE,FALSE,0.98,TRUE,1,llama3.1-8b,proteome_discoverer,constrained,3,5.05
PeptideSequence,Sequence,Sequence,1,TRUE,TRUE,FALSE,0.98,TRUE,1,llama3.1-8b,proteome_discoverer,constrained,3,5.05
PrecursorCharge,Charge,Charge,1,TRUE,TRUE,FALSE,0.98,TRUE,1,llama3.1-8b,proteome_discoverer,constrained,3,5.05
FragmentIon,"","",0,TRUE,TRUE,FALSE,0,TRUE,1,llama3.1-8b,proteome_discoverer,constrained,3,5.05
ProductCharge,"","",0,TRUE,TRUE,FALSE,0,TRUE,1,llama3.1-8b,proteome_discoverer,constrained,3,5.05
Run,Spectrum.File,Spectrum.File,1,TRUE,TRUE,FALSE,0.92,TRUE,1,llama3.1-8b,proteome_discoverer,constrained,3,5.05
Intensity,Intensity,Precursor.Area,3,FALSE,TRUE,FALSE,0.98,TRUE,1,llama3.1-8b,proteome_discoverer,constrained,3,5.05
Qvalue,"","",0,TRUE,TRUE,FALSE,0,TRUE,1,llama3.1-8b,proteome_discoverer,constrained,3,5.05
ProteinName,Protein.Group.Accessions,Protein.Group.Accessions,1,TRUE,TRUE,FALSE,0.9,TRUE,1,llama3.1-8b,proteome_discoverer,filter_aware,1,8.83
PeptideSequence,Sequence,Sequence,1,TRUE,TRUE,FALSE,0.8,TRUE,1,llama3.1-8b,proteome_discoverer,filter_aware,1,8.83
PrecursorCharge,Charge,Charge,1,TRUE,TRUE,FALSE,0.7,TRUE,1,llama3.1-8b,proteome_discoverer,filter_aware,1,8.83
FragmentIon,"","",0,TRUE,TRUE,FALSE,0,TRUE,1,llama3.1-8b,proteome_discoverer,filter_aware,1,8.83
ProductCharge,"","",0,TRUE,TRUE,FALSE,0,TRUE,1,llama3.1-8b,proteome_discoverer,filter_aware,1,8.83
Run,Spectrum.File,Spectrum.File,1,TRUE,TRUE,FALSE,0.9,TRUE,1,llama3.1-8b,proteome_discoverer,filter_aware,1,8.83
Intensity,Intensity,Precursor.Area,3,FALSE,TRUE,FALSE,0.9,TRUE,1,llama3.1-8b,proteome_discoverer,filter_aware,1,8.83
Qvalue,"","",0,TRUE,TRUE,FALSE,0,TRUE,1,llama3.1-8b,proteome_discoverer,filter_aware,1,8.83
ProteinName,Protein.Group.Accessions,Protein.Group.Accessions,1,TRUE,TRUE,FALSE,0.9,TRUE,1,llama3.1-8b,proteome_discoverer,filter_aware,2,8.31
PeptideSequence,Sequence,Sequence,1,TRUE,TRUE,FALSE,0.8,TRUE,1,llama3.1-8b,proteome_discoverer,filter_aware,2,8.31
PrecursorCharge,Charge,Charge,1,TRUE,TRUE,FALSE,0.7,TRUE,1,llama3.1-8b,proteome_discoverer,filter_aware,2,8.31
FragmentIon,"","",0,TRUE,TRUE,FALSE,0,TRUE,1,llama3.1-8b,proteome_discoverer,filter_aware,2,8.31
ProductCharge,"","",0,TRUE,TRUE,FALSE,0,TRUE,1,llama3.1-8b,proteome_discoverer,filter_aware,2,8.31
Run,Spectrum.File,Spectrum.File,1,TRUE,TRUE,FALSE,0.9,TRUE,1,llama3.1-8b,proteome_discoverer,filter_aware,2,8.31
Intensity,Intensity,Precursor.Area,3,FALSE,TRUE,FALSE,0.9,TRUE,1,llama3.1-8b,proteome_discoverer,filter_aware,2,8.31
Qvalue,"","",0,TRUE,TRUE,FALSE,0,TRUE,1,llama3.1-8b,proteome_discoverer,filter_aware,2,8.31
ProteinName,Protein.Group.Accessions,Protein.Group.Accessions,1,TRUE,TRUE,FALSE,0.9,TRUE,1,llama3.1-8b,proteome_discoverer,filter_aware,3,8.73
PeptideSequence,Sequence,Sequence,1,TRUE,TRUE,FALSE,0.8,TRUE,1,llama3.1-8b,proteome_discoverer,filter_aware,3,8.73
PrecursorCharge,Charge,Charge,1,TRUE,TRUE,FALSE,0.7,TRUE,1,llama3.1-8b,proteome_discoverer,filter_aware,3,8.73
FragmentIon,"","",0,TRUE,TRUE,FALSE,0,TRUE,1,llama3.1-8b,proteome_discoverer,filter_aware,3,8.73
ProductCharge,"","",0,TRUE,TRUE,FALSE,0,TRUE,1,llama3.1-8b,proteome_discoverer,filter_aware,3,8.73
Run,Spectrum.File,Spectrum.File,1,TRUE,TRUE,FALSE,0.9,TRUE,1,llama3.1-8b,proteome_discoverer,filter_aware,3,8.73
Intensity,Intensity,Precursor.Area,3,FALSE,TRUE,FALSE,0.9,TRUE,1,llama3.1-8b,proteome_discoverer,filter_aware,3,8.73
Qvalue,"","",0,TRUE,TRUE,FALSE,0,TRUE,1,llama3.1-8b,proteome_discoverer,filter_aware,3,8.73
ProteinName,Protein.Group.Accessions,Protein.Group.Accessions,1,TRUE,TRUE,FALSE,0.98,TRUE,1,llama3.1-8b,proteome_discoverer,constrained_filter,1,16.83
PeptideSequence,Sequence,Sequence,1,TRUE,TRUE,FALSE,0.92,TRUE,1,llama3.1-8b,proteome_discoverer,constrained_filter,1,16.83
PrecursorCharge,Charge,Charge,1,TRUE,TRUE,FALSE,0.98,TRUE,1,llama3.1-8b,proteome_discoverer,constrained_filter,1,16.83
FragmentIon,"","",0,TRUE,TRUE,FALSE,0,TRUE,1,llama3.1-8b,proteome_discoverer,constrained_filter,1,16.83
ProductCharge,"","",0,TRUE,TRUE,FALSE,0,TRUE,1,llama3.1-8b,proteome_discoverer,constrained_filter,1,16.83
Run,Spectrum.File,Spectrum.File,1,TRUE,TRUE,FALSE,0.98,TRUE,1,llama3.1-8b,proteome_discoverer,constrained_filter,1,16.83
Intensity,Intensity,Precursor.Area,3,FALSE,TRUE,FALSE,0.98,TRUE,1,llama3.1-8b,proteome_discoverer,constrained_filter,1,16.83
Qvalue,"","",0,TRUE,TRUE,FALSE,0,TRUE,1,llama3.1-8b,proteome_discoverer,constrained_filter,1,16.83
ProteinName,Protein.Group.Accessions,Protein.Group.Accessions,1,TRUE,TRUE,FALSE,0.98,TRUE,1,llama3.1-8b,proteome_discoverer,constrained_filter,2,17.23
PeptideSequence,Sequence,Sequence,1,TRUE,TRUE,FALSE,0.92,TRUE,1,llama3.1-8b,proteome_discoverer,constrained_filter,2,17.23
PrecursorCharge,Charge,Charge,1,TRUE,TRUE,FALSE,0.98,TRUE,1,llama3.1-8b,proteome_discoverer,constrained_filter,2,17.23
FragmentIon,"","",0,TRUE,TRUE,FALSE,0,TRUE,1,llama3.1-8b,proteome_discoverer,constrained_filter,2,17.23
ProductCharge,"","",0,TRUE,TRUE,FALSE,0,TRUE,1,llama3.1-8b,proteome_discoverer,constrained_filter,2,17.23
Run,Spectrum.File,Spectrum.File,1,TRUE,TRUE,FALSE,0.98,TRUE,1,llama3.1-8b,proteome_discoverer,constrained_filter,2,17.23
Intensity,Intensity,Precursor.Area,3,FALSE,TRUE,FALSE,0.98,TRUE,1,llama3.1-8b,proteome_discoverer,constrained_filter,2,17.23
Qvalue,"","",0,TRUE,TRUE,FALSE,0,TRUE,1,llama3.1-8b,proteome_discoverer,constrained_filter,2,17.23
ProteinName,Protein.Group.Accessions,Protein.Group.Accessions,1,TRUE,TRUE,FALSE,0.98,TRUE,1,llama3.1-8b,proteome_discoverer,constrained_filter,3,17.03
PeptideSequence,Sequence,Sequence,1,TRUE,TRUE,FALSE,0.92,TRUE,1,llama3.1-8b,proteome_discoverer,constrained_filter,3,17.03
PrecursorCharge,Charge,Charge,1,TRUE,TRUE,FALSE,0.98,TRUE,1,llama3.1-8b,proteome_discoverer,constrained_filter,3,17.03
FragmentIon,"","",0,TRUE,TRUE,FALSE,0,TRUE,1,llama3.1-8b,proteome_discoverer,constrained_filter,3,17.03
ProductCharge,"","",0,TRUE,TRUE,FALSE,0,TRUE,1,llama3.1-8b,proteome_discoverer,constrained_filter,3,17.03
Run,Spectrum.File,Spectrum.File,1,TRUE,TRUE,FALSE,0.98,TRUE,1,llama3.1-8b,proteome_discoverer,constrained_filter,3,17.03
Intensity,Intensity,Precursor.Area,3,FALSE,TRUE,FALSE,0.98,TRUE,1,llama3.1-8b,proteome_discoverer,constrained_filter,3,17.03
Qvalue,"","",0,TRUE,TRUE,FALSE,0,TRUE,1,llama3.1-8b,proteome_discoverer,constrained_filter,3,17.03
ProteinName,Protein.Group.Accessions,Protein.Group.Accessions,1,TRUE,TRUE,FALSE,0.98,TRUE,1,llama3.1-8b,proteome_discoverer,constrained_v2,1,4.61
PeptideSequence,Sequence,Sequence,1,TRUE,TRUE,FALSE,0.98,TRUE,1,llama3.1-8b,proteome_discoverer,constrained_v2,1,4.61
PrecursorCharge,Charge,Charge,1,TRUE,TRUE,FALSE,0.98,TRUE,1,llama3.1-8b,proteome_discoverer,constrained_v2,1,4.61
FragmentIon,"","",0,TRUE,TRUE,FALSE,0,TRUE,1,llama3.1-8b,proteome_discoverer,constrained_v2,1,4.61
ProductCharge,"","",0,TRUE,TRUE,FALSE,0,TRUE,1,llama3.1-8b,proteome_discoverer,constrained_v2,1,4.61
Run,Spectrum.File,Spectrum.File,1,TRUE,TRUE,FALSE,0.98,TRUE,1,llama3.1-8b,proteome_discoverer,constrained_v2,1,4.61
Intensity,Intensity,Precursor.Area,3,FALSE,TRUE,FALSE,0.98,TRUE,1,llama3.1-8b,proteome_discoverer,constrained_v2,1,4.61
Qvalue,"","",0,TRUE,TRUE,FALSE,0,TRUE,1,llama3.1-8b,proteome_discoverer,constrained_v2,1,4.61
ProteinName,Protein.Group.Accessions,Protein.Group.Accessions,1,TRUE,TRUE,FALSE,0.98,TRUE,1,llama3.1-8b,proteome_discoverer,constrained_v2,2,5.16
PeptideSequence,Sequence,Sequence,1,TRUE,TRUE,FALSE,0.98,TRUE,1,llama3.1-8b,proteome_discoverer,constrained_v2,2,5.16
PrecursorCharge,Charge,Charge,1,TRUE,TRUE,FALSE,0.98,TRUE,1,llama3.1-8b,proteome_discoverer,constrained_v2,2,5.16
FragmentIon,"","",0,TRUE,TRUE,FALSE,0,TRUE,1,llama3.1-8b,proteome_discoverer,constrained_v2,2,5.16
ProductCharge,"","",0,TRUE,TRUE,FALSE,0,TRUE,1,llama3.1-8b,proteome_discoverer,constrained_v2,2,5.16
Run,Spectrum.File,Spectrum.File,1,TRUE,TRUE,FALSE,0.98,TRUE,1,llama3.1-8b,proteome_discoverer,constrained_v2,2,5.16
Intensity,Intensity,Precursor.Area,3,FALSE,TRUE,FALSE,0.98,TRUE,1,llama3.1-8b,proteome_discoverer,constrained_v2,2,5.16
Qvalue,"","",0,TRUE,TRUE,FALSE,0,TRUE,1,llama3.1-8b,proteome_discoverer,constrained_v2,2,5.16
ProteinName,Protein.Group.Accessions,Protein.Group.Accessions,1,TRUE,TRUE,FALSE,0.98,TRUE,1,llama3.1-8b,proteome_discoverer,constrained_v2,3,4.61
PeptideSequence,Sequence,Sequence,1,TRUE,TRUE,FALSE,0.98,TRUE,1,llama3.1-8b,proteome_discoverer,constrained_v2,3,4.61
PrecursorCharge,Charge,Charge,1,TRUE,TRUE,FALSE,0.98,TRUE,1,llama3.1-8b,proteome_discoverer,constrained_v2,3,4.61
FragmentIon,"","",0,TRUE,TRUE,FALSE,0,TRUE,1,llama3.1-8b,proteome_discoverer,constrained_v2,3,4.61
ProductCharge,"","",0,TRUE,TRUE,FALSE,0,TRUE,1,llama3.1-8b,proteome_discoverer,constrained_v2,3,4.61
Run,Spectrum.File,Spectrum.File,1,TRUE,TRUE,FALSE,0.98,TRUE,1,llama3.1-8b,proteome_discoverer,constrained_v2,3,4.61
Intensity,Intensity,Precursor.Area,3,FALSE,TRUE,FALSE,0.98,TRUE,1,llama3.1-8b,proteome_discoverer,constrained_v2,3,4.61
Qvalue,"","",0,TRUE,TRUE,FALSE,0,TRUE,1,llama3.1-8b,proteome_discoverer,constrained_v2,3,4.61
ProteinName,Protein.Group.Accessions,Protein.Group.Accessions,1,TRUE,TRUE,FALSE,0.98,TRUE,1,llama3.1-8b,proteome_discoverer,constrained_filter_v2,1,6.4
PeptideSequence,Sequence,Sequence,1,TRUE,TRUE,FALSE,0.98,TRUE,1,llama3.1-8b,proteome_discoverer,constrained_filter_v2,1,6.4
PrecursorCharge,Charge,Charge,1,TRUE,TRUE,FALSE,0.98,TRUE,1,llama3.1-8b,proteome_discoverer,constrained_filter_v2,1,6.4
FragmentIon,"","",0,TRUE,TRUE,FALSE,0,TRUE,1,llama3.1-8b,proteome_discoverer,constrained_filter_v2,1,6.4
ProductCharge,"","",0,TRUE,TRUE,FALSE,0,TRUE,1,llama3.1-8b,proteome_discoverer,constrained_filter_v2,1,6.4
Run,Spectrum.File,Spectrum.File,1,TRUE,TRUE,FALSE,0.92,TRUE,1,llama3.1-8b,proteome_discoverer,constrained_filter_v2,1,6.4
Intensity,Intensity,Precursor.Area,3,FALSE,TRUE,FALSE,0.98,TRUE,1,llama3.1-8b,proteome_discoverer,constrained_filter_v2,1,6.4
Qvalue,"","",0,TRUE,TRUE,FALSE,0,TRUE,1,llama3.1-8b,proteome_discoverer,constrained_filter_v2,1,6.4
ProteinName,Protein.Group.Accessions,Protein.Group.Accessions,1,TRUE,TRUE,FALSE,0.98,TRUE,1,llama3.1-8b,proteome_discoverer,constrained_filter_v2,2,6.29
PeptideSequence,Sequence,Sequence,1,TRUE,TRUE,FALSE,0.98,TRUE,1,llama3.1-8b,proteome_discoverer,constrained_filter_v2,2,6.29
PrecursorCharge,Charge,Charge,1,TRUE,TRUE,FALSE,0.98,TRUE,1,llama3.1-8b,proteome_discoverer,constrained_filter_v2,2,6.29
FragmentIon,"","",0,TRUE,TRUE,FALSE,0,TRUE,1,llama3.1-8b,proteome_discoverer,constrained_filter_v2,2,6.29
ProductCharge,"","",0,TRUE,TRUE,FALSE,0,TRUE,1,llama3.1-8b,proteome_discoverer,constrained_filter_v2,2,6.29
Run,Spectrum.File,Spectrum.File,1,TRUE,TRUE,FALSE,0.92,TRUE,1,llama3.1-8b,proteome_discoverer,constrained_filter_v2,2,6.29
Intensity,Intensity,Precursor.Area,3,FALSE,TRUE,FALSE,0.98,TRUE,1,llama3.1-8b,proteome_discoverer,constrained_filter_v2,2,6.29
Qvalue,"","",0,TRUE,TRUE,FALSE,0,TRUE,1,llama3.1-8b,proteome_discoverer,constrained_filter_v2,2,6.29
ProteinName,Protein.Group.Accessions,Protein.Group.Accessions,1,TRUE,TRUE,FALSE,0.98,TRUE,1,llama3.1-8b,proteome_discoverer,constrained_filter_v2,3,6.08
PeptideSequence,Sequence,Sequence,1,TRUE,TRUE,FALSE,0.98,TRUE,1,llama3.1-8b,proteome_discoverer,constrained_filter_v2,3,6.08
PrecursorCharge,Charge,Charge,1,TRUE,TRUE,FALSE,0.98,TRUE,1,llama3.1-8b,proteome_discoverer,constrained_filter_v2,3,6.08
FragmentIon,"","",0,TRUE,TRUE,FALSE,0,TRUE,1,llama3.1-8b,proteome_discoverer,constrained_filter_v2,3,6.08
ProductCharge,"","",0,TRUE,TRUE,FALSE,0,TRUE,1,llama3.1-8b,proteome_discoverer,constrained_filter_v2,3,6.08
Run,Spectrum.File,Spectrum.File,1,TRUE,TRUE,FALSE,0.92,TRUE,1,llama3.1-8b,proteome_discoverer,constrained_filter_v2,3,6.08
Intensity,Intensity,Precursor.Area,3,FALSE,TRUE,FALSE,0.98,TRUE,1,llama3.1-8b,proteome_discoverer,constrained_filter_v2,3,6.08
Qvalue,"","",0,TRUE,TRUE,FALSE,0,TRUE,1,llama3.1-8b,proteome_discoverer,constrained_filter_v2,3,6.08
ProteinName,Protein.Group,Protein.Group,1,TRUE,TRUE,FALSE,1,TRUE,1,llama3.1-8b,metamorpheus,lean,1,5.41
PeptideSequence,Base.Sequence,Full.Sequence,1,FALSE,FALSE,FALSE,1,TRUE,1,llama3.1-8b,metamorpheus,lean,1,5.41
PrecursorCharge,Precursor.Charge,Precursor.Charge,1,TRUE,TRUE,FALSE,1,TRUE,1,llama3.1-8b,metamorpheus,lean,1,5.41
FragmentIon,"","",0,TRUE,TRUE,FALSE,0,TRUE,1,llama3.1-8b,metamorpheus,lean,1,5.41
ProductCharge,"","",0,TRUE,TRUE,FALSE,0,TRUE,1,llama3.1-8b,metamorpheus,lean,1,5.41
Run,File.Name,File.Name,1,TRUE,TRUE,FALSE,1,TRUE,1,llama3.1-8b,metamorpheus,lean,1,5.41
Intensity,Peak.intensity,Peak.intensity,1,TRUE,TRUE,FALSE,1,TRUE,1,llama3.1-8b,metamorpheus,lean,1,5.41
Qvalue,PIP.Q.Value,PIP.Q.Value,1,TRUE,TRUE,FALSE,0.5,TRUE,1,llama3.1-8b,metamorpheus,lean,1,5.41
ProteinName,Protein.Group,Protein.Group,1,TRUE,TRUE,FALSE,1,TRUE,1,llama3.1-8b,metamorpheus,lean,2,5.06
PeptideSequence,Base.Sequence,Full.Sequence,1,FALSE,FALSE,FALSE,1,TRUE,1,llama3.1-8b,metamorpheus,lean,2,5.06
PrecursorCharge,Precursor.Charge,Precursor.Charge,1,TRUE,TRUE,FALSE,1,TRUE,1,llama3.1-8b,metamorpheus,lean,2,5.06
FragmentIon,"","",0,TRUE,TRUE,FALSE,0,TRUE,1,llama3.1-8b,metamorpheus,lean,2,5.06
ProductCharge,"","",0,TRUE,TRUE,FALSE,0,TRUE,1,llama3.1-8b,metamorpheus,lean,2,5.06
Run,File.Name,File.Name,1,TRUE,TRUE,FALSE,1,TRUE,1,llama3.1-8b,metamorpheus,lean,2,5.06
Intensity,Peak.intensity,Peak.intensity,1,TRUE,TRUE,FALSE,1,TRUE,1,llama3.1-8b,metamorpheus,lean,2,5.06
Qvalue,PIP.Q.Value,PIP.Q.Value,1,TRUE,TRUE,FALSE,0.5,TRUE,1,llama3.1-8b,metamorpheus,lean,2,5.06
ProteinName,Protein.Group,Protein.Group,1,TRUE,TRUE,FALSE,1,TRUE,1,llama3.1-8b,metamorpheus,lean,3,4.8
PeptideSequence,Base.Sequence,Full.Sequence,1,FALSE,FALSE,FALSE,1,TRUE,1,llama3.1-8b,metamorpheus,lean,3,4.8
PrecursorCharge,Precursor.Charge,Precursor.Charge,1,TRUE,TRUE,FALSE,1,TRUE,1,llama3.1-8b,metamorpheus,lean,3,4.8
FragmentIon,"","",0,TRUE,TRUE,FALSE,0,TRUE,1,llama3.1-8b,metamorpheus,lean,3,4.8
ProductCharge,"","",0,TRUE,TRUE,FALSE,0,TRUE,1,llama3.1-8b,metamorpheus,lean,3,4.8
Run,File.Name,File.Name,1,TRUE,TRUE,FALSE,1,TRUE,1,llama3.1-8b,metamorpheus,lean,3,4.8
Intensity,Peak.intensity,Peak.intensity,1,TRUE,TRUE,FALSE,1,TRUE,1,llama3.1-8b,metamorpheus,lean,3,4.8
Qvalue,PIP.Q.Value,PIP.Q.Value,1,TRUE,TRUE,FALSE,0.5,TRUE,1,llama3.1-8b,metamorpheus,lean,3,4.8
ProteinName,Protein.Group,Protein.Group,1,TRUE,TRUE,FALSE,0.98,TRUE,1,llama3.1-8b,metamorpheus,constrained,1,5.69
PeptideSequence,Base.Sequence,Full.Sequence,1,FALSE,FALSE,FALSE,0.98,TRUE,1,llama3.1-8b,metamorpheus,constrained,1,5.69
PrecursorCharge,Precursor.Charge,Precursor.Charge,1,TRUE,TRUE,FALSE,0.98,TRUE,1,llama3.1-8b,metamorpheus,constrained,1,5.69
FragmentIon,"","",0,TRUE,TRUE,FALSE,0,TRUE,1,llama3.1-8b,metamorpheus,constrained,1,5.69
ProductCharge,"","",0,TRUE,TRUE,FALSE,0,TRUE,1,llama3.1-8b,metamorpheus,constrained,1,5.69
Run,File.Name,File.Name,1,TRUE,TRUE,FALSE,0.92,TRUE,1,llama3.1-8b,metamorpheus,constrained,1,5.69
Intensity,Peak.intensity,Peak.intensity,1,TRUE,TRUE,FALSE,0.98,TRUE,1,llama3.1-8b,metamorpheus,constrained,1,5.69
Qvalue,PIP.Q.Value,PIP.Q.Value,1,TRUE,TRUE,FALSE,0,TRUE,1,llama3.1-8b,metamorpheus,constrained,1,5.69
ProteinName,Protein.Group,Protein.Group,1,TRUE,TRUE,FALSE,0.98,TRUE,1,llama3.1-8b,metamorpheus,constrained,2,5.35
PeptideSequence,Base.Sequence,Full.Sequence,1,FALSE,FALSE,FALSE,0.98,TRUE,1,llama3.1-8b,metamorpheus,constrained,2,5.35
PrecursorCharge,Precursor.Charge,Precursor.Charge,1,TRUE,TRUE,FALSE,0.98,TRUE,1,llama3.1-8b,metamorpheus,constrained,2,5.35
FragmentIon,"","",0,TRUE,TRUE,FALSE,0,TRUE,1,llama3.1-8b,metamorpheus,constrained,2,5.35
ProductCharge,"","",0,TRUE,TRUE,FALSE,0,TRUE,1,llama3.1-8b,metamorpheus,constrained,2,5.35
Run,File.Name,File.Name,1,TRUE,TRUE,FALSE,0.92,TRUE,1,llama3.1-8b,metamorpheus,constrained,2,5.35
Intensity,Peak.intensity,Peak.intensity,1,TRUE,TRUE,FALSE,0.98,TRUE,1,llama3.1-8b,metamorpheus,constrained,2,5.35
Qvalue,PIP.Q.Value,PIP.Q.Value,1,TRUE,TRUE,FALSE,0,TRUE,1,llama3.1-8b,metamorpheus,constrained,2,5.35
ProteinName,Protein.Group,Protein.Group,1,TRUE,TRUE,FALSE,0.98,TRUE,1,llama3.1-8b,metamorpheus,constrained,3,5.43
PeptideSequence,Base.Sequence,Full.Sequence,1,FALSE,FALSE,FALSE,0.98,TRUE,1,llama3.1-8b,metamorpheus,constrained,3,5.43
PrecursorCharge,Precursor.Charge,Precursor.Charge,1,TRUE,TRUE,FALSE,0.98,TRUE,1,llama3.1-8b,metamorpheus,constrained,3,5.43
FragmentIon,"","",0,TRUE,TRUE,FALSE,0,TRUE,1,llama3.1-8b,metamorpheus,constrained,3,5.43
ProductCharge,"","",0,TRUE,TRUE,FALSE,0,TRUE,1,llama3.1-8b,metamorpheus,constrained,3,5.43
Run,File.Name,File.Name,1,TRUE,TRUE,FALSE,0.92,TRUE,1,llama3.1-8b,metamorpheus,constrained,3,5.43
Intensity,Peak.intensity,Peak.intensity,1,TRUE,TRUE,FALSE,0.98,TRUE,1,llama3.1-8b,metamorpheus,constrained,3,5.43
Qvalue,PIP.Q.Value,PIP.Q.Value,1,TRUE,TRUE,FALSE,0,TRUE,1,llama3.1-8b,metamorpheus,constrained,3,5.43
ProteinName,Protein.Group,Protein.Group,1,TRUE,TRUE,FALSE,0.9,TRUE,1,llama3.1-8b,metamorpheus,filter_aware,1,7.61
PeptideSequence,Base.Sequence,Full.Sequence,1,FALSE,FALSE,FALSE,0.9,TRUE,1,llama3.1-8b,metamorpheus,filter_aware,1,7.61
PrecursorCharge,Precursor.Charge,Precursor.Charge,1,TRUE,TRUE,FALSE,0.9,TRUE,1,llama3.1-8b,metamorpheus,filter_aware,1,7.61
FragmentIon,"","",0,TRUE,TRUE,FALSE,0,TRUE,1,llama3.1-8b,metamorpheus,filter_aware,1,7.61
ProductCharge,"","",0,TRUE,TRUE,FALSE,0,TRUE,1,llama3.1-8b,metamorpheus,filter_aware,1,7.61
Run,File.Name,File.Name,1,TRUE,TRUE,FALSE,0.9,TRUE,1,llama3.1-8b,metamorpheus,filter_aware,1,7.61
Intensity,Peak.intensity,Peak.intensity,1,TRUE,TRUE,FALSE,0.9,TRUE,1,llama3.1-8b,metamorpheus,filter_aware,1,7.61
Qvalue,PIP.Q.Value,PIP.Q.Value,1,TRUE,TRUE,FALSE,0.8,TRUE,1,llama3.1-8b,metamorpheus,filter_aware,1,7.61
ProteinName,Protein.Group,Protein.Group,1,TRUE,TRUE,FALSE,0.9,TRUE,1,llama3.1-8b,metamorpheus,filter_aware,2,7.27
PeptideSequence,Base.Sequence,Full.Sequence,1,FALSE,FALSE,FALSE,0.9,TRUE,1,llama3.1-8b,metamorpheus,filter_aware,2,7.27
PrecursorCharge,Precursor.Charge,Precursor.Charge,1,TRUE,TRUE,FALSE,0.9,TRUE,1,llama3.1-8b,metamorpheus,filter_aware,2,7.27
FragmentIon,"","",0,TRUE,TRUE,FALSE,0,TRUE,1,llama3.1-8b,metamorpheus,filter_aware,2,7.27
ProductCharge,"","",0,TRUE,TRUE,FALSE,0,TRUE,1,llama3.1-8b,metamorpheus,filter_aware,2,7.27
Run,File.Name,File.Name,1,TRUE,TRUE,FALSE,0.9,TRUE,1,llama3.1-8b,metamorpheus,filter_aware,2,7.27
Intensity,Peak.intensity,Peak.intensity,1,TRUE,TRUE,FALSE,0.9,TRUE,1,llama3.1-8b,metamorpheus,filter_aware,2,7.27
Qvalue,PIP.Q.Value,PIP.Q.Value,1,TRUE,TRUE,FALSE,0.8,TRUE,1,llama3.1-8b,metamorpheus,filter_aware,2,7.27
ProteinName,Protein.Group,Protein.Group,1,TRUE,TRUE,FALSE,0.9,TRUE,1,llama3.1-8b,metamorpheus,filter_aware,3,7.28
PeptideSequence,Base.Sequence,Full.Sequence,1,FALSE,FALSE,FALSE,0.9,TRUE,1,llama3.1-8b,metamorpheus,filter_aware,3,7.28
PrecursorCharge,Precursor.Charge,Precursor.Charge,1,TRUE,TRUE,FALSE,0.9,TRUE,1,llama3.1-8b,metamorpheus,filter_aware,3,7.28
FragmentIon,"","",0,TRUE,TRUE,FALSE,0,TRUE,1,llama3.1-8b,metamorpheus,filter_aware,3,7.28
ProductCharge,"","",0,TRUE,TRUE,FALSE,0,TRUE,1,llama3.1-8b,metamorpheus,filter_aware,3,7.28
Run,File.Name,File.Name,1,TRUE,TRUE,FALSE,0.9,TRUE,1,llama3.1-8b,metamorpheus,filter_aware,3,7.28
Intensity,Peak.intensity,Peak.intensity,1,TRUE,TRUE,FALSE,0.9,TRUE,1,llama3.1-8b,metamorpheus,filter_aware,3,7.28
Qvalue,PIP.Q.Value,PIP.Q.Value,1,TRUE,TRUE,FALSE,0.8,TRUE,1,llama3.1-8b,metamorpheus,filter_aware,3,7.28
ProteinName,Protein.Group,Protein.Group,1,TRUE,TRUE,FALSE,0.98,TRUE,1,llama3.1-8b,metamorpheus,constrained_filter,1,6.84
PeptideSequence,Base.Sequence,Full.Sequence,1,FALSE,FALSE,FALSE,0.98,TRUE,1,llama3.1-8b,metamorpheus,constrained_filter,1,6.84
PrecursorCharge,Precursor.Charge,Precursor.Charge,1,TRUE,TRUE,FALSE,0.98,TRUE,1,llama3.1-8b,metamorpheus,constrained_filter,1,6.84
FragmentIon,"","",0,TRUE,TRUE,FALSE,0,TRUE,1,llama3.1-8b,metamorpheus,constrained_filter,1,6.84
ProductCharge,"","",0,TRUE,TRUE,FALSE,0,TRUE,1,llama3.1-8b,metamorpheus,constrained_filter,1,6.84
Run,File.Name,File.Name,1,TRUE,TRUE,FALSE,0.92,TRUE,1,llama3.1-8b,metamorpheus,constrained_filter,1,6.84
Intensity,Peak.intensity,Peak.intensity,1,TRUE,TRUE,FALSE,0.98,TRUE,1,llama3.1-8b,metamorpheus,constrained_filter,1,6.84
Qvalue,PIP.Q.Value,PIP.Q.Value,1,TRUE,TRUE,FALSE,0.92,TRUE,1,llama3.1-8b,metamorpheus,constrained_filter,1,6.84
ProteinName,Protein.Group,Protein.Group,1,TRUE,TRUE,FALSE,0.98,TRUE,1,llama3.1-8b,metamorpheus,constrained_filter,2,7.28
PeptideSequence,Base.Sequence,Full.Sequence,1,FALSE,FALSE,FALSE,0.98,TRUE,1,llama3.1-8b,metamorpheus,constrained_filter,2,7.28
PrecursorCharge,Precursor.Charge,Precursor.Charge,1,TRUE,TRUE,FALSE,0.98,TRUE,1,llama3.1-8b,metamorpheus,constrained_filter,2,7.28
FragmentIon,"","",0,TRUE,TRUE,FALSE,0,TRUE,1,llama3.1-8b,metamorpheus,constrained_filter,2,7.28
ProductCharge,"","",0,TRUE,TRUE,FALSE,0,TRUE,1,llama3.1-8b,metamorpheus,constrained_filter,2,7.28
Run,File.Name,File.Name,1,TRUE,TRUE,FALSE,0.92,TRUE,1,llama3.1-8b,metamorpheus,constrained_filter,2,7.28
Intensity,Peak.intensity,Peak.intensity,1,TRUE,TRUE,FALSE,0.98,TRUE,1,llama3.1-8b,metamorpheus,constrained_filter,2,7.28
Qvalue,PIP.Q.Value,PIP.Q.Value,1,TRUE,TRUE,FALSE,0.92,TRUE,1,llama3.1-8b,metamorpheus,constrained_filter,2,7.28
ProteinName,Protein.Group,Protein.Group,1,TRUE,TRUE,FALSE,0.98,TRUE,1,llama3.1-8b,metamorpheus,constrained_filter,3,6.69
PeptideSequence,Base.Sequence,Full.Sequence,1,FALSE,FALSE,FALSE,0.98,TRUE,1,llama3.1-8b,metamorpheus,constrained_filter,3,6.69
PrecursorCharge,Precursor.Charge,Precursor.Charge,1,TRUE,TRUE,FALSE,0.98,TRUE,1,llama3.1-8b,metamorpheus,constrained_filter,3,6.69
FragmentIon,"","",0,TRUE,TRUE,FALSE,0,TRUE,1,llama3.1-8b,metamorpheus,constrained_filter,3,6.69
ProductCharge,"","",0,TRUE,TRUE,FALSE,0,TRUE,1,llama3.1-8b,metamorpheus,constrained_filter,3,6.69
Run,File.Name,File.Name,1,TRUE,TRUE,FALSE,0.92,TRUE,1,llama3.1-8b,metamorpheus,constrained_filter,3,6.69
Intensity,Peak.intensity,Peak.intensity,1,TRUE,TRUE,FALSE,0.98,TRUE,1,llama3.1-8b,metamorpheus,constrained_filter,3,6.69
Qvalue,PIP.Q.Value,PIP.Q.Value,1,TRUE,TRUE,FALSE,0.92,TRUE,1,llama3.1-8b,metamorpheus,constrained_filter,3,6.69
ProteinName,Protein.Group,Protein.Group,1,TRUE,TRUE,FALSE,0.98,TRUE,1,llama3.1-8b,metamorpheus,constrained_v2,1,5.22
PeptideSequence,Full.Sequence,Full.Sequence,1,TRUE,TRUE,FALSE,0.98,TRUE,1,llama3.1-8b,metamorpheus,constrained_v2,1,5.22
PrecursorCharge,Precursor.Charge,Precursor.Charge,1,TRUE,TRUE,FALSE,0.98,TRUE,1,llama3.1-8b,metamorpheus,constrained_v2,1,5.22
FragmentIon,"","",0,TRUE,TRUE,FALSE,0,TRUE,1,llama3.1-8b,metamorpheus,constrained_v2,1,5.22
ProductCharge,"","",0,TRUE,TRUE,FALSE,0,TRUE,1,llama3.1-8b,metamorpheus,constrained_v2,1,5.22
Run,File.Name,File.Name,1,TRUE,TRUE,FALSE,0.92,TRUE,1,llama3.1-8b,metamorpheus,constrained_v2,1,5.22
Intensity,Peak.intensity,Peak.intensity,1,TRUE,TRUE,FALSE,0.98,TRUE,1,llama3.1-8b,metamorpheus,constrained_v2,1,5.22
Qvalue,PIP.Q.Value,PIP.Q.Value,1,TRUE,TRUE,FALSE,0,TRUE,1,llama3.1-8b,metamorpheus,constrained_v2,1,5.22
ProteinName,Protein.Group,Protein.Group,1,TRUE,TRUE,FALSE,0.98,TRUE,1,llama3.1-8b,metamorpheus,constrained_v2,2,5.51
PeptideSequence,Full.Sequence,Full.Sequence,1,TRUE,TRUE,FALSE,0.98,TRUE,1,llama3.1-8b,metamorpheus,constrained_v2,2,5.51
PrecursorCharge,Precursor.Charge,Precursor.Charge,1,TRUE,TRUE,FALSE,0.98,TRUE,1,llama3.1-8b,metamorpheus,constrained_v2,2,5.51
FragmentIon,"","",0,TRUE,TRUE,FALSE,0,TRUE,1,llama3.1-8b,metamorpheus,constrained_v2,2,5.51
ProductCharge,"","",0,TRUE,TRUE,FALSE,0,TRUE,1,llama3.1-8b,metamorpheus,constrained_v2,2,5.51
Run,File.Name,File.Name,1,TRUE,TRUE,FALSE,0.92,TRUE,1,llama3.1-8b,metamorpheus,constrained_v2,2,5.51
Intensity,Peak.intensity,Peak.intensity,1,TRUE,TRUE,FALSE,0.98,TRUE,1,llama3.1-8b,metamorpheus,constrained_v2,2,5.51
Qvalue,PIP.Q.Value,PIP.Q.Value,1,TRUE,TRUE,FALSE,0,TRUE,1,llama3.1-8b,metamorpheus,constrained_v2,2,5.51
ProteinName,Protein.Group,Protein.Group,1,TRUE,TRUE,FALSE,0.98,TRUE,1,llama3.1-8b,metamorpheus,constrained_v2,3,5.76
PeptideSequence,Full.Sequence,Full.Sequence,1,TRUE,TRUE,FALSE,0.98,TRUE,1,llama3.1-8b,metamorpheus,constrained_v2,3,5.76
PrecursorCharge,Precursor.Charge,Precursor.Charge,1,TRUE,TRUE,FALSE,0.98,TRUE,1,llama3.1-8b,metamorpheus,constrained_v2,3,5.76
FragmentIon,"","",0,TRUE,TRUE,FALSE,0,TRUE,1,llama3.1-8b,metamorpheus,constrained_v2,3,5.76
ProductCharge,"","",0,TRUE,TRUE,FALSE,0,TRUE,1,llama3.1-8b,metamorpheus,constrained_v2,3,5.76
Run,File.Name,File.Name,1,TRUE,TRUE,FALSE,0.92,TRUE,1,llama3.1-8b,metamorpheus,constrained_v2,3,5.76
Intensity,Peak.intensity,Peak.intensity,1,TRUE,TRUE,FALSE,0.98,TRUE,1,llama3.1-8b,metamorpheus,constrained_v2,3,5.76
Qvalue,PIP.Q.Value,PIP.Q.Value,1,TRUE,TRUE,FALSE,0,TRUE,1,llama3.1-8b,metamorpheus,constrained_v2,3,5.76
ProteinName,Protein.Group,Protein.Group,1,TRUE,TRUE,FALSE,0.98,TRUE,1,llama3.1-8b,metamorpheus,constrained_filter_v2,1,4.92
PeptideSequence,Full.Sequence,Full.Sequence,1,TRUE,TRUE,FALSE,0.98,TRUE,1,llama3.1-8b,metamorpheus,constrained_filter_v2,1,4.92
PrecursorCharge,Precursor.Charge,Precursor.Charge,1,TRUE,TRUE,FALSE,0.98,TRUE,1,llama3.1-8b,metamorpheus,constrained_filter_v2,1,4.92
FragmentIon,"","",0,TRUE,TRUE,FALSE,0,TRUE,1,llama3.1-8b,metamorpheus,constrained_filter_v2,1,4.92
ProductCharge,"","",0,TRUE,TRUE,FALSE,0,TRUE,1,llama3.1-8b,metamorpheus,constrained_filter_v2,1,4.92
Run,File.Name,File.Name,1,TRUE,TRUE,FALSE,0.92,TRUE,1,llama3.1-8b,metamorpheus,constrained_filter_v2,1,4.92
Intensity,Peak.intensity,Peak.intensity,1,TRUE,TRUE,FALSE,0.98,TRUE,1,llama3.1-8b,metamorpheus,constrained_filter_v2,1,4.92
Qvalue,PIP.Q.Value,PIP.Q.Value,1,TRUE,TRUE,FALSE,0,TRUE,1,llama3.1-8b,metamorpheus,constrained_filter_v2,1,4.92
ProteinName,Protein.Group,Protein.Group,1,TRUE,TRUE,FALSE,0.98,TRUE,1,llama3.1-8b,metamorpheus,constrained_filter_v2,2,5.11
PeptideSequence,Full.Sequence,Full.Sequence,1,TRUE,TRUE,FALSE,0.98,TRUE,1,llama3.1-8b,metamorpheus,constrained_filter_v2,2,5.11
PrecursorCharge,Precursor.Charge,Precursor.Charge,1,TRUE,TRUE,FALSE,0.98,TRUE,1,llama3.1-8b,metamorpheus,constrained_filter_v2,2,5.11
FragmentIon,"","",0,TRUE,TRUE,FALSE,0,TRUE,1,llama3.1-8b,metamorpheus,constrained_filter_v2,2,5.11
ProductCharge,"","",0,TRUE,TRUE,FALSE,0,TRUE,1,llama3.1-8b,metamorpheus,constrained_filter_v2,2,5.11
Run,File.Name,File.Name,1,TRUE,TRUE,FALSE,0.92,TRUE,1,llama3.1-8b,metamorpheus,constrained_filter_v2,2,5.11
Intensity,Peak.intensity,Peak.intensity,1,TRUE,TRUE,FALSE,0.98,TRUE,1,llama3.1-8b,metamorpheus,constrained_filter_v2,2,5.11
Qvalue,PIP.Q.Value,PIP.Q.Value,1,TRUE,TRUE,FALSE,0,TRUE,1,llama3.1-8b,metamorpheus,constrained_filter_v2,2,5.11
ProteinName,Protein.Group,Protein.Group,1,TRUE,TRUE,FALSE,0.98,TRUE,1,llama3.1-8b,metamorpheus,constrained_filter_v2,3,5.23
PeptideSequence,Full.Sequence,Full.Sequence,1,TRUE,TRUE,FALSE,0.98,TRUE,1,llama3.1-8b,metamorpheus,constrained_filter_v2,3,5.23
PrecursorCharge,Precursor.Charge,Precursor.Charge,1,TRUE,TRUE,FALSE,0.98,TRUE,1,llama3.1-8b,metamorpheus,constrained_filter_v2,3,5.23
FragmentIon,"","",0,TRUE,TRUE,FALSE,0,TRUE,1,llama3.1-8b,metamorpheus,constrained_filter_v2,3,5.23
ProductCharge,"","",0,TRUE,TRUE,FALSE,0,TRUE,1,llama3.1-8b,metamorpheus,constrained_filter_v2,3,5.23
Run,File.Name,File.Name,1,TRUE,TRUE,FALSE,0.92,TRUE,1,llama3.1-8b,metamorpheus,constrained_filter_v2,3,5.23
Intensity,Peak.intensity,Peak.intensity,1,TRUE,TRUE,FALSE,0.98,TRUE,1,llama3.1-8b,metamorpheus,constrained_filter_v2,3,5.23
Qvalue,PIP.Q.Value,PIP.Q.Value,1,TRUE,TRUE,FALSE,0,TRUE,1,llama3.1-8b,metamorpheus,constrained_filter_v2,3,5.23
ProteinName,PG.ProteinAccessions,PG.ProteinGroups,2,FALSE,TRUE,FALSE,0.9,TRUE,1,deepseek-r1-14b,spectronaut,lean,1,24.28
PeptideSequence,EG.ModifiedSequence,EG.ModifiedSequence,1,TRUE,TRUE,FALSE,0.9,TRUE,1,deepseek-r1-14b,spectronaut,lean,1,24.28
PrecursorCharge,FG.Charge,FG.Charge,1,TRUE,TRUE,FALSE,0.9,TRUE,1,deepseek-r1-14b,spectronaut,lean,1,24.28
FragmentIon,F.FrgIon,F.FrgIon,1,TRUE,TRUE,FALSE,0.9,TRUE,1,deepseek-r1-14b,spectronaut,lean,1,24.28
ProductCharge,F.Charge,F.Charge,2,TRUE,TRUE,FALSE,0.9,TRUE,1,deepseek-r1-14b,spectronaut,lean,1,24.28
Run,R.FileName,R.FileName,1,TRUE,TRUE,FALSE,0.9,TRUE,1,deepseek-r1-14b,spectronaut,lean,1,24.28
Intensity,F.NormalizedPeakArea,F.PeakArea,4,FALSE,TRUE,FALSE,0.9,TRUE,1,deepseek-r1-14b,spectronaut,lean,1,24.28
Qvalue,PG.Qvalue,EG.Qvalue,2,FALSE,TRUE,FALSE,0.9,TRUE,1,deepseek-r1-14b,spectronaut,lean,1,24.28
ProteinName,PG.ProteinAccessions,PG.ProteinGroups,2,FALSE,TRUE,FALSE,0.9,TRUE,1,deepseek-r1-14b,spectronaut,lean,2,23.84
PeptideSequence,EG.ModifiedSequence,EG.ModifiedSequence,1,TRUE,TRUE,FALSE,0.9,TRUE,1,deepseek-r1-14b,spectronaut,lean,2,23.84
PrecursorCharge,FG.Charge,FG.Charge,1,TRUE,TRUE,FALSE,0.9,TRUE,1,deepseek-r1-14b,spectronaut,lean,2,23.84
FragmentIon,F.FrgIon,F.FrgIon,1,TRUE,TRUE,FALSE,0.9,TRUE,1,deepseek-r1-14b,spectronaut,lean,2,23.84
ProductCharge,F.Charge,F.Charge,2,TRUE,TRUE,FALSE,0.9,TRUE,1,deepseek-r1-14b,spectronaut,lean,2,23.84
Run,R.FileName,R.FileName,1,TRUE,TRUE,FALSE,0.9,TRUE,1,deepseek-r1-14b,spectronaut,lean,2,23.84
Intensity,F.NormalizedPeakArea,F.PeakArea,4,FALSE,TRUE,FALSE,0.9,TRUE,1,deepseek-r1-14b,spectronaut,lean,2,23.84
Qvalue,PG.Qvalue,EG.Qvalue,2,FALSE,TRUE,FALSE,0.9,TRUE,1,deepseek-r1-14b,spectronaut,lean,2,23.84
ProteinName,PG.ProteinAccessions,PG.ProteinGroups,2,FALSE,TRUE,FALSE,0.9,TRUE,1,deepseek-r1-14b,spectronaut,lean,3,23.94
PeptideSequence,EG.ModifiedSequence,EG.ModifiedSequence,1,TRUE,TRUE,FALSE,0.9,TRUE,1,deepseek-r1-14b,spectronaut,lean,3,23.94
PrecursorCharge,FG.Charge,FG.Charge,1,TRUE,TRUE,FALSE,0.9,TRUE,1,deepseek-r1-14b,spectronaut,lean,3,23.94
FragmentIon,F.FrgIon,F.FrgIon,1,TRUE,TRUE,FALSE,0.9,TRUE,1,deepseek-r1-14b,spectronaut,lean,3,23.94
ProductCharge,F.Charge,F.Charge,2,TRUE,TRUE,FALSE,0.9,TRUE,1,deepseek-r1-14b,spectronaut,lean,3,23.94
Run,R.FileName,R.FileName,1,TRUE,TRUE,FALSE,0.9,TRUE,1,deepseek-r1-14b,spectronaut,lean,3,23.94
Intensity,F.NormalizedPeakArea,F.PeakArea,4,FALSE,TRUE,FALSE,0.9,TRUE,1,deepseek-r1-14b,spectronaut,lean,3,23.94
Qvalue,PG.Qvalue,EG.Qvalue,2,FALSE,TRUE,FALSE,0.9,TRUE,1,deepseek-r1-14b,spectronaut,lean,3,23.94
ProteinName,PG.ProteinAccessions,PG.ProteinGroups,2,FALSE,TRUE,FALSE,0.98,TRUE,1,deepseek-r1-14b,spectronaut,constrained,1,25.58
PeptideSequence,PEP.StrippedSequence,EG.ModifiedSequence,1,FALSE,FALSE,FALSE,0.98,TRUE,1,deepseek-r1-14b,spectronaut,constrained,1,25.58
PrecursorCharge,FG.Charge,FG.Charge,1,TRUE,TRUE,FALSE,0.98,TRUE,1,deepseek-r1-14b,spectronaut,constrained,1,25.58
FragmentIon,F.FrgIon,F.FrgIon,1,TRUE,TRUE,FALSE,0.98,TRUE,1,deepseek-r1-14b,spectronaut,constrained,1,25.58
ProductCharge,F.Charge,F.Charge,2,TRUE,TRUE,FALSE,0.98,TRUE,1,deepseek-r1-14b,spectronaut,constrained,1,25.58
Run,R.FileName,R.FileName,1,TRUE,TRUE,FALSE,0.98,TRUE,1,deepseek-r1-14b,spectronaut,constrained,1,25.58
Intensity,F.NormalizedPeakArea,F.PeakArea,4,FALSE,TRUE,FALSE,0.98,TRUE,1,deepseek-r1-14b,spectronaut,constrained,1,25.58
Qvalue,EG.Qvalue,EG.Qvalue,2,TRUE,TRUE,FALSE,0.98,TRUE,1,deepseek-r1-14b,spectronaut,constrained,1,25.58
ProteinName,PG.ProteinAccessions,PG.ProteinGroups,2,FALSE,TRUE,FALSE,0.98,TRUE,1,deepseek-r1-14b,spectronaut,constrained,2,24.45
PeptideSequence,PEP.StrippedSequence,EG.ModifiedSequence,1,FALSE,FALSE,FALSE,0.98,TRUE,1,deepseek-r1-14b,spectronaut,constrained,2,24.45
PrecursorCharge,FG.Charge,FG.Charge,1,TRUE,TRUE,FALSE,0.98,TRUE,1,deepseek-r1-14b,spectronaut,constrained,2,24.45
FragmentIon,F.FrgIon,F.FrgIon,1,TRUE,TRUE,FALSE,0.98,TRUE,1,deepseek-r1-14b,spectronaut,constrained,2,24.45
ProductCharge,F.Charge,F.Charge,2,TRUE,TRUE,FALSE,0.98,TRUE,1,deepseek-r1-14b,spectronaut,constrained,2,24.45
Run,R.FileName,R.FileName,1,TRUE,TRUE,FALSE,0.98,TRUE,1,deepseek-r1-14b,spectronaut,constrained,2,24.45
Intensity,F.NormalizedPeakArea,F.PeakArea,4,FALSE,TRUE,FALSE,0.98,TRUE,1,deepseek-r1-14b,spectronaut,constrained,2,24.45
Qvalue,EG.Qvalue,EG.Qvalue,2,TRUE,TRUE,FALSE,0.98,TRUE,1,deepseek-r1-14b,spectronaut,constrained,2,24.45
ProteinName,PG.ProteinAccessions,PG.ProteinGroups,2,FALSE,TRUE,FALSE,0.98,TRUE,1,deepseek-r1-14b,spectronaut,constrained,3,23.92
PeptideSequence,PEP.StrippedSequence,EG.ModifiedSequence,1,FALSE,FALSE,FALSE,0.98,TRUE,1,deepseek-r1-14b,spectronaut,constrained,3,23.92
PrecursorCharge,FG.Charge,FG.Charge,1,TRUE,TRUE,FALSE,0.98,TRUE,1,deepseek-r1-14b,spectronaut,constrained,3,23.92
FragmentIon,F.FrgIon,F.FrgIon,1,TRUE,TRUE,FALSE,0.98,TRUE,1,deepseek-r1-14b,spectronaut,constrained,3,23.92
ProductCharge,F.Charge,F.Charge,2,TRUE,TRUE,FALSE,0.98,TRUE,1,deepseek-r1-14b,spectronaut,constrained,3,23.92
Run,R.FileName,R.FileName,1,TRUE,TRUE,FALSE,0.98,TRUE,1,deepseek-r1-14b,spectronaut,constrained,3,23.92
Intensity,F.NormalizedPeakArea,F.PeakArea,4,FALSE,TRUE,FALSE,0.98,TRUE,1,deepseek-r1-14b,spectronaut,constrained,3,23.92
Qvalue,EG.Qvalue,EG.Qvalue,2,TRUE,TRUE,FALSE,0.98,TRUE,1,deepseek-r1-14b,spectronaut,constrained,3,23.92
ProteinName,PG.ProteinAccessions,PG.ProteinGroups,2,FALSE,TRUE,FALSE,0.95,TRUE,1,deepseek-r1-14b,spectronaut,filter_aware,1,38.07
PeptideSequence,PEP.StrippedSequence,EG.ModifiedSequence,1,FALSE,FALSE,FALSE,0.95,TRUE,1,deepseek-r1-14b,spectronaut,filter_aware,1,38.07
PrecursorCharge,FG.Charge,FG.Charge,1,TRUE,TRUE,FALSE,0.95,TRUE,1,deepseek-r1-14b,spectronaut,filter_aware,1,38.07
FragmentIon,F.FrgIon,F.FrgIon,1,TRUE,TRUE,FALSE,0.95,TRUE,1,deepseek-r1-14b,spectronaut,filter_aware,1,38.07
ProductCharge,F.Charge,F.Charge,2,TRUE,TRUE,FALSE,0.2,TRUE,1,deepseek-r1-14b,spectronaut,filter_aware,1,38.07
Run,R.FileName,R.FileName,1,TRUE,TRUE,FALSE,0.95,TRUE,1,deepseek-r1-14b,spectronaut,filter_aware,1,38.07
Intensity,F.NormalizedPeakArea,F.PeakArea,4,FALSE,TRUE,FALSE,0.95,TRUE,1,deepseek-r1-14b,spectronaut,filter_aware,1,38.07
Qvalue,PG.Qvalue,EG.Qvalue,2,FALSE,TRUE,FALSE,0.95,TRUE,1,deepseek-r1-14b,spectronaut,filter_aware,1,38.07
ProteinName,PG.ProteinAccessions,PG.ProteinGroups,2,FALSE,TRUE,FALSE,0.95,TRUE,1,deepseek-r1-14b,spectronaut,filter_aware,2,37.73
PeptideSequence,PEP.StrippedSequence,EG.ModifiedSequence,1,FALSE,FALSE,FALSE,0.95,TRUE,1,deepseek-r1-14b,spectronaut,filter_aware,2,37.73
PrecursorCharge,FG.Charge,FG.Charge,1,TRUE,TRUE,FALSE,0.95,TRUE,1,deepseek-r1-14b,spectronaut,filter_aware,2,37.73
FragmentIon,F.FrgIon,F.FrgIon,1,TRUE,TRUE,FALSE,0.95,TRUE,1,deepseek-r1-14b,spectronaut,filter_aware,2,37.73
ProductCharge,F.Charge,F.Charge,2,TRUE,TRUE,FALSE,0.2,TRUE,1,deepseek-r1-14b,spectronaut,filter_aware,2,37.73
Run,R.FileName,R.FileName,1,TRUE,TRUE,FALSE,0.95,TRUE,1,deepseek-r1-14b,spectronaut,filter_aware,2,37.73
Intensity,F.NormalizedPeakArea,F.PeakArea,4,FALSE,TRUE,FALSE,0.95,TRUE,1,deepseek-r1-14b,spectronaut,filter_aware,2,37.73
Qvalue,PG.Qvalue,EG.Qvalue,2,FALSE,TRUE,FALSE,0.95,TRUE,1,deepseek-r1-14b,spectronaut,filter_aware,2,37.73
ProteinName,PG.ProteinAccessions,PG.ProteinGroups,2,FALSE,TRUE,FALSE,0.95,TRUE,1,deepseek-r1-14b,spectronaut,filter_aware,3,37.92
PeptideSequence,PEP.StrippedSequence,EG.ModifiedSequence,1,FALSE,FALSE,FALSE,0.95,TRUE,1,deepseek-r1-14b,spectronaut,filter_aware,3,37.92
PrecursorCharge,FG.Charge,FG.Charge,1,TRUE,TRUE,FALSE,0.95,TRUE,1,deepseek-r1-14b,spectronaut,filter_aware,3,37.92
FragmentIon,F.FrgIon,F.FrgIon,1,TRUE,TRUE,FALSE,0.95,TRUE,1,deepseek-r1-14b,spectronaut,filter_aware,3,37.92
ProductCharge,F.Charge,F.Charge,2,TRUE,TRUE,FALSE,0.2,TRUE,1,deepseek-r1-14b,spectronaut,filter_aware,3,37.92
Run,R.FileName,R.FileName,1,TRUE,TRUE,FALSE,0.95,TRUE,1,deepseek-r1-14b,spectronaut,filter_aware,3,37.92
Intensity,F.NormalizedPeakArea,F.PeakArea,4,FALSE,TRUE,FALSE,0.95,TRUE,1,deepseek-r1-14b,spectronaut,filter_aware,3,37.92
Qvalue,PG.Qvalue,EG.Qvalue,2,FALSE,TRUE,FALSE,0.95,TRUE,1,deepseek-r1-14b,spectronaut,filter_aware,3,37.92
ProteinName,PG.ProteinAccessions,PG.ProteinGroups,2,FALSE,TRUE,FALSE,0.98,TRUE,1,deepseek-r1-14b,spectronaut,constrained_filter,1,34.4
PeptideSequence,PEP.StrippedSequence,EG.ModifiedSequence,1,FALSE,FALSE,FALSE,0.98,TRUE,1,deepseek-r1-14b,spectronaut,constrained_filter,1,34.4
PrecursorCharge,FG.Charge,FG.Charge,1,TRUE,TRUE,FALSE,0.98,TRUE,1,deepseek-r1-14b,spectronaut,constrained_filter,1,34.4
FragmentIon,F.FrgIon,F.FrgIon,1,TRUE,TRUE,FALSE,0.98,TRUE,1,deepseek-r1-14b,spectronaut,constrained_filter,1,34.4
ProductCharge,F.Charge,F.Charge,2,TRUE,TRUE,FALSE,0.98,TRUE,1,deepseek-r1-14b,spectronaut,constrained_filter,1,34.4
Run,R.FileName,R.FileName,1,TRUE,TRUE,FALSE,0.98,TRUE,1,deepseek-r1-14b,spectronaut,constrained_filter,1,34.4
Intensity,F.NormalizedPeakArea,F.PeakArea,4,FALSE,TRUE,FALSE,0.98,TRUE,1,deepseek-r1-14b,spectronaut,constrained_filter,1,34.4
Qvalue,PG.Qvalue,EG.Qvalue,2,FALSE,TRUE,FALSE,0.98,TRUE,1,deepseek-r1-14b,spectronaut,constrained_filter,1,34.4
ProteinName,PG.ProteinAccessions,PG.ProteinGroups,2,FALSE,TRUE,FALSE,0.98,TRUE,1,deepseek-r1-14b,spectronaut,constrained_filter,2,34.87
PeptideSequence,PEP.StrippedSequence,EG.ModifiedSequence,1,FALSE,FALSE,FALSE,0.98,TRUE,1,deepseek-r1-14b,spectronaut,constrained_filter,2,34.87
PrecursorCharge,FG.Charge,FG.Charge,1,TRUE,TRUE,FALSE,0.98,TRUE,1,deepseek-r1-14b,spectronaut,constrained_filter,2,34.87
FragmentIon,F.FrgIon,F.FrgIon,1,TRUE,TRUE,FALSE,0.98,TRUE,1,deepseek-r1-14b,spectronaut,constrained_filter,2,34.87
ProductCharge,F.Charge,F.Charge,2,TRUE,TRUE,FALSE,0.98,TRUE,1,deepseek-r1-14b,spectronaut,constrained_filter,2,34.87
Run,R.FileName,R.FileName,1,TRUE,TRUE,FALSE,0.98,TRUE,1,deepseek-r1-14b,spectronaut,constrained_filter,2,34.87
Intensity,F.NormalizedPeakArea,F.PeakArea,4,FALSE,TRUE,FALSE,0.98,TRUE,1,deepseek-r1-14b,spectronaut,constrained_filter,2,34.87
Qvalue,PG.Qvalue,EG.Qvalue,2,FALSE,TRUE,FALSE,0.98,TRUE,1,deepseek-r1-14b,spectronaut,constrained_filter,2,34.87
ProteinName,PG.ProteinAccessions,PG.ProteinGroups,2,FALSE,TRUE,FALSE,0.98,TRUE,1,deepseek-r1-14b,spectronaut,constrained_filter,3,31.33
PeptideSequence,PEP.StrippedSequence,EG.ModifiedSequence,1,FALSE,FALSE,FALSE,0.98,TRUE,1,deepseek-r1-14b,spectronaut,constrained_filter,3,31.33
PrecursorCharge,FG.Charge,FG.Charge,1,TRUE,TRUE,FALSE,0.98,TRUE,1,deepseek-r1-14b,spectronaut,constrained_filter,3,31.33
FragmentIon,F.FrgIon,F.FrgIon,1,TRUE,TRUE,FALSE,0.98,TRUE,1,deepseek-r1-14b,spectronaut,constrained_filter,3,31.33
ProductCharge,F.Charge,F.Charge,2,TRUE,TRUE,FALSE,0.98,TRUE,1,deepseek-r1-14b,spectronaut,constrained_filter,3,31.33
Run,R.FileName,R.FileName,1,TRUE,TRUE,FALSE,0.98,TRUE,1,deepseek-r1-14b,spectronaut,constrained_filter,3,31.33
Intensity,F.NormalizedPeakArea,F.PeakArea,4,FALSE,TRUE,FALSE,0.98,TRUE,1,deepseek-r1-14b,spectronaut,constrained_filter,3,31.33
Qvalue,PG.Qvalue,EG.Qvalue,2,FALSE,TRUE,FALSE,0.98,TRUE,1,deepseek-r1-14b,spectronaut,constrained_filter,3,31.33
ProteinName,PG.ProteinAccessions,PG.ProteinGroups,2,FALSE,TRUE,FALSE,0.98,TRUE,1,deepseek-r1-14b,spectronaut,constrained_v2,1,25.6
PeptideSequence,EG.ModifiedSequence,EG.ModifiedSequence,1,TRUE,TRUE,FALSE,0.98,TRUE,1,deepseek-r1-14b,spectronaut,constrained_v2,1,25.6
PrecursorCharge,FG.Charge,FG.Charge,1,TRUE,TRUE,FALSE,0.98,TRUE,1,deepseek-r1-14b,spectronaut,constrained_v2,1,25.6
FragmentIon,F.FrgIon,F.FrgIon,1,TRUE,TRUE,FALSE,0.98,TRUE,1,deepseek-r1-14b,spectronaut,constrained_v2,1,25.6
ProductCharge,"",F.Charge,2,FALSE,FALSE,FALSE,0,TRUE,1,deepseek-r1-14b,spectronaut,constrained_v2,1,25.6
Run,R.FileName,R.FileName,1,TRUE,TRUE,FALSE,0.98,TRUE,1,deepseek-r1-14b,spectronaut,constrained_v2,1,25.6
Intensity,F.NormalizedPeakArea,F.PeakArea,4,FALSE,TRUE,FALSE,0.98,TRUE,1,deepseek-r1-14b,spectronaut,constrained_v2,1,25.6
Qvalue,PG.Qvalue,EG.Qvalue,2,FALSE,TRUE,FALSE,0.98,TRUE,1,deepseek-r1-14b,spectronaut,constrained_v2,1,25.6
ProteinName,PG.ProteinAccessions,PG.ProteinGroups,2,FALSE,TRUE,FALSE,0.98,TRUE,1,deepseek-r1-14b,spectronaut,constrained_v2,2,21.63
PeptideSequence,EG.ModifiedSequence,EG.ModifiedSequence,1,TRUE,TRUE,FALSE,0.98,TRUE,1,deepseek-r1-14b,spectronaut,constrained_v2,2,21.63
PrecursorCharge,FG.Charge,FG.Charge,1,TRUE,TRUE,FALSE,0.98,TRUE,1,deepseek-r1-14b,spectronaut,constrained_v2,2,21.63
FragmentIon,F.FrgIon,F.FrgIon,1,TRUE,TRUE,FALSE,0.98,TRUE,1,deepseek-r1-14b,spectronaut,constrained_v2,2,21.63
ProductCharge,"",F.Charge,2,FALSE,FALSE,FALSE,0,TRUE,1,deepseek-r1-14b,spectronaut,constrained_v2,2,21.63
Run,R.FileName,R.FileName,1,TRUE,TRUE,FALSE,0.98,TRUE,1,deepseek-r1-14b,spectronaut,constrained_v2,2,21.63
Intensity,F.NormalizedPeakArea,F.PeakArea,4,FALSE,TRUE,FALSE,0.98,TRUE,1,deepseek-r1-14b,spectronaut,constrained_v2,2,21.63
Qvalue,PG.Qvalue,EG.Qvalue,2,FALSE,TRUE,FALSE,0.98,TRUE,1,deepseek-r1-14b,spectronaut,constrained_v2,2,21.63
ProteinName,PG.ProteinAccessions,PG.ProteinGroups,2,FALSE,TRUE,FALSE,0.98,TRUE,1,deepseek-r1-14b,spectronaut,constrained_v2,3,23.68
PeptideSequence,EG.ModifiedSequence,EG.ModifiedSequence,1,TRUE,TRUE,FALSE,0.98,TRUE,1,deepseek-r1-14b,spectronaut,constrained_v2,3,23.68
PrecursorCharge,FG.Charge,FG.Charge,1,TRUE,TRUE,FALSE,0.98,TRUE,1,deepseek-r1-14b,spectronaut,constrained_v2,3,23.68
FragmentIon,F.FrgIon,F.FrgIon,1,TRUE,TRUE,FALSE,0.98,TRUE,1,deepseek-r1-14b,spectronaut,constrained_v2,3,23.68
ProductCharge,"",F.Charge,2,FALSE,FALSE,FALSE,0,TRUE,1,deepseek-r1-14b,spectronaut,constrained_v2,3,23.68
Run,R.FileName,R.FileName,1,TRUE,TRUE,FALSE,0.98,TRUE,1,deepseek-r1-14b,spectronaut,constrained_v2,3,23.68
Intensity,F.NormalizedPeakArea,F.PeakArea,4,FALSE,TRUE,FALSE,0.98,TRUE,1,deepseek-r1-14b,spectronaut,constrained_v2,3,23.68
Qvalue,PG.Qvalue,EG.Qvalue,2,FALSE,TRUE,FALSE,0.98,TRUE,1,deepseek-r1-14b,spectronaut,constrained_v2,3,23.68
ProteinName,PG.ProteinAccessions,PG.ProteinGroups,2,FALSE,TRUE,FALSE,0.98,TRUE,1,deepseek-r1-14b,spectronaut,constrained_filter_v2,1,29.22
PeptideSequence,EG.ModifiedSequence,EG.ModifiedSequence,1,TRUE,TRUE,FALSE,0.98,TRUE,1,deepseek-r1-14b,spectronaut,constrained_filter_v2,1,29.22
PrecursorCharge,FG.Charge,FG.Charge,1,TRUE,TRUE,FALSE,0.98,TRUE,1,deepseek-r1-14b,spectronaut,constrained_filter_v2,1,29.22
FragmentIon,F.FrgIon,F.FrgIon,1,TRUE,TRUE,FALSE,0.98,TRUE,1,deepseek-r1-14b,spectronaut,constrained_filter_v2,1,29.22
ProductCharge,F.Charge,F.Charge,2,TRUE,TRUE,FALSE,0.8,TRUE,1,deepseek-r1-14b,spectronaut,constrained_filter_v2,1,29.22
Run,R.FileName,R.FileName,1,TRUE,TRUE,FALSE,0.98,TRUE,1,deepseek-r1-14b,spectronaut,constrained_filter_v2,1,29.22
Intensity,F.NormalizedPeakArea,F.PeakArea,4,FALSE,TRUE,FALSE,0.98,TRUE,1,deepseek-r1-14b,spectronaut,constrained_filter_v2,1,29.22
Qvalue,PG.Qvalue,EG.Qvalue,2,FALSE,TRUE,FALSE,0.98,TRUE,1,deepseek-r1-14b,spectronaut,constrained_filter_v2,1,29.22
ProteinName,PG.ProteinAccessions,PG.ProteinGroups,2,FALSE,TRUE,FALSE,0.98,TRUE,1,deepseek-r1-14b,spectronaut,constrained_filter_v2,2,28.84
PeptideSequence,EG.ModifiedSequence,EG.ModifiedSequence,1,TRUE,TRUE,FALSE,0.98,TRUE,1,deepseek-r1-14b,spectronaut,constrained_filter_v2,2,28.84
PrecursorCharge,FG.Charge,FG.Charge,1,TRUE,TRUE,FALSE,0.98,TRUE,1,deepseek-r1-14b,spectronaut,constrained_filter_v2,2,28.84
FragmentIon,F.FrgIon,F.FrgIon,1,TRUE,TRUE,FALSE,0.98,TRUE,1,deepseek-r1-14b,spectronaut,constrained_filter_v2,2,28.84
ProductCharge,F.Charge,F.Charge,2,TRUE,TRUE,FALSE,0.8,TRUE,1,deepseek-r1-14b,spectronaut,constrained_filter_v2,2,28.84
Run,R.FileName,R.FileName,1,TRUE,TRUE,FALSE,0.98,TRUE,1,deepseek-r1-14b,spectronaut,constrained_filter_v2,2,28.84
Intensity,F.NormalizedPeakArea,F.PeakArea,4,FALSE,TRUE,FALSE,0.98,TRUE,1,deepseek-r1-14b,spectronaut,constrained_filter_v2,2,28.84
Qvalue,PG.Qvalue,EG.Qvalue,2,FALSE,TRUE,FALSE,0.98,TRUE,1,deepseek-r1-14b,spectronaut,constrained_filter_v2,2,28.84
ProteinName,PG.ProteinAccessions,PG.ProteinGroups,2,FALSE,TRUE,FALSE,0.98,TRUE,1,deepseek-r1-14b,spectronaut,constrained_filter_v2,3,28.17
PeptideSequence,EG.ModifiedSequence,EG.ModifiedSequence,1,TRUE,TRUE,FALSE,0.98,TRUE,1,deepseek-r1-14b,spectronaut,constrained_filter_v2,3,28.17
PrecursorCharge,FG.Charge,FG.Charge,1,TRUE,TRUE,FALSE,0.98,TRUE,1,deepseek-r1-14b,spectronaut,constrained_filter_v2,3,28.17
FragmentIon,F.FrgIon,F.FrgIon,1,TRUE,TRUE,FALSE,0.98,TRUE,1,deepseek-r1-14b,spectronaut,constrained_filter_v2,3,28.17
ProductCharge,F.Charge,F.Charge,2,TRUE,TRUE,FALSE,0.8,TRUE,1,deepseek-r1-14b,spectronaut,constrained_filter_v2,3,28.17
Run,R.FileName,R.FileName,1,TRUE,TRUE,FALSE,0.98,TRUE,1,deepseek-r1-14b,spectronaut,constrained_filter_v2,3,28.17
Intensity,F.NormalizedPeakArea,F.PeakArea,4,FALSE,TRUE,FALSE,0.98,TRUE,1,deepseek-r1-14b,spectronaut,constrained_filter_v2,3,28.17
Qvalue,PG.Qvalue,EG.Qvalue,2,FALSE,TRUE,FALSE,0.98,TRUE,1,deepseek-r1-14b,spectronaut,constrained_filter_v2,3,28.17
ProteinName,Protein.Group.Accessions,Protein.Group.Accessions,1,TRUE,TRUE,FALSE,1,TRUE,1,deepseek-r1-14b,proteome_discoverer,lean,1,24.38
PeptideSequence,Sequence,Sequence,1,TRUE,TRUE,FALSE,1,TRUE,1,deepseek-r1-14b,proteome_discoverer,lean,1,24.38
PrecursorCharge,Charge,Charge,1,TRUE,TRUE,FALSE,1,TRUE,1,deepseek-r1-14b,proteome_discoverer,lean,1,24.38
FragmentIon,"","",0,TRUE,TRUE,FALSE,0,TRUE,1,deepseek-r1-14b,proteome_discoverer,lean,1,24.38
ProductCharge,"","",0,TRUE,TRUE,FALSE,0,TRUE,1,deepseek-r1-14b,proteome_discoverer,lean,1,24.38
Run,Spectrum.File,Spectrum.File,1,TRUE,TRUE,FALSE,1,TRUE,1,deepseek-r1-14b,proteome_discoverer,lean,1,24.38
Intensity,Precursor.Area,Precursor.Area,3,TRUE,TRUE,FALSE,1,TRUE,1,deepseek-r1-14b,proteome_discoverer,lean,1,24.38
Qvalue,Exp.Value,"",0,FALSE,FALSE,FALSE,0.8,TRUE,1,deepseek-r1-14b,proteome_discoverer,lean,1,24.38
ProteinName,Protein.Group.Accessions,Protein.Group.Accessions,1,TRUE,TRUE,FALSE,1,TRUE,1,deepseek-r1-14b,proteome_discoverer,lean,2,24.44
PeptideSequence,Sequence,Sequence,1,TRUE,TRUE,FALSE,1,TRUE,1,deepseek-r1-14b,proteome_discoverer,lean,2,24.44
PrecursorCharge,Charge,Charge,1,TRUE,TRUE,FALSE,1,TRUE,1,deepseek-r1-14b,proteome_discoverer,lean,2,24.44
FragmentIon,"","",0,TRUE,TRUE,FALSE,0,TRUE,1,deepseek-r1-14b,proteome_discoverer,lean,2,24.44
ProductCharge,"","",0,TRUE,TRUE,FALSE,0,TRUE,1,deepseek-r1-14b,proteome_discoverer,lean,2,24.44
Run,Spectrum.File,Spectrum.File,1,TRUE,TRUE,FALSE,1,TRUE,1,deepseek-r1-14b,proteome_discoverer,lean,2,24.44
Intensity,Precursor.Area,Precursor.Area,3,TRUE,TRUE,FALSE,1,TRUE,1,deepseek-r1-14b,proteome_discoverer,lean,2,24.44
Qvalue,Exp.Value,"",0,FALSE,FALSE,FALSE,0.8,TRUE,1,deepseek-r1-14b,proteome_discoverer,lean,2,24.44
ProteinName,Protein.Group.Accessions,Protein.Group.Accessions,1,TRUE,TRUE,FALSE,1,TRUE,1,deepseek-r1-14b,proteome_discoverer,lean,3,29.72
PeptideSequence,Sequence,Sequence,1,TRUE,TRUE,FALSE,1,TRUE,1,deepseek-r1-14b,proteome_discoverer,lean,3,29.72
PrecursorCharge,Charge,Charge,1,TRUE,TRUE,FALSE,1,TRUE,1,deepseek-r1-14b,proteome_discoverer,lean,3,29.72
FragmentIon,"","",0,TRUE,TRUE,FALSE,0,TRUE,1,deepseek-r1-14b,proteome_discoverer,lean,3,29.72
ProductCharge,"","",0,TRUE,TRUE,FALSE,0,TRUE,1,deepseek-r1-14b,proteome_discoverer,lean,3,29.72
Run,Spectrum.File,Spectrum.File,1,TRUE,TRUE,FALSE,1,TRUE,1,deepseek-r1-14b,proteome_discoverer,lean,3,29.72
Intensity,Precursor.Area,Precursor.Area,3,TRUE,TRUE,FALSE,1,TRUE,1,deepseek-r1-14b,proteome_discoverer,lean,3,29.72
Qvalue,Exp.Value,"",0,FALSE,FALSE,FALSE,0.8,TRUE,1,deepseek-r1-14b,proteome_discoverer,lean,3,29.72
ProteinName,Protein.Group.Accessions,Protein.Group.Accessions,1,TRUE,TRUE,FALSE,0.98,TRUE,1,deepseek-r1-14b,proteome_discoverer,constrained,1,20.75
PeptideSequence,Sequence,Sequence,1,TRUE,TRUE,FALSE,0.98,TRUE,1,deepseek-r1-14b,proteome_discoverer,constrained,1,20.75
PrecursorCharge,Charge,Charge,1,TRUE,TRUE,FALSE,0.98,TRUE,1,deepseek-r1-14b,proteome_discoverer,constrained,1,20.75
FragmentIon,"","",0,TRUE,TRUE,FALSE,0,TRUE,1,deepseek-r1-14b,proteome_discoverer,constrained,1,20.75
ProductCharge,"","",0,TRUE,TRUE,FALSE,0,TRUE,1,deepseek-r1-14b,proteome_discoverer,constrained,1,20.75
Run,Spectrum.File,Spectrum.File,1,TRUE,TRUE,FALSE,0.98,TRUE,1,deepseek-r1-14b,proteome_discoverer,constrained,1,20.75
Intensity,Intensity,Precursor.Area,3,FALSE,TRUE,FALSE,0.98,TRUE,1,deepseek-r1-14b,proteome_discoverer,constrained,1,20.75
Qvalue,Exp.Value,"",0,FALSE,FALSE,FALSE,0.92,TRUE,1,deepseek-r1-14b,proteome_discoverer,constrained,1,20.75
ProteinName,Protein.Group.Accessions,Protein.Group.Accessions,1,TRUE,TRUE,FALSE,0.98,TRUE,1,deepseek-r1-14b,proteome_discoverer,constrained,2,20.3
PeptideSequence,Sequence,Sequence,1,TRUE,TRUE,FALSE,0.98,TRUE,1,deepseek-r1-14b,proteome_discoverer,constrained,2,20.3
PrecursorCharge,Charge,Charge,1,TRUE,TRUE,FALSE,0.98,TRUE,1,deepseek-r1-14b,proteome_discoverer,constrained,2,20.3
FragmentIon,"","",0,TRUE,TRUE,FALSE,0,TRUE,1,deepseek-r1-14b,proteome_discoverer,constrained,2,20.3
ProductCharge,"","",0,TRUE,TRUE,FALSE,0,TRUE,1,deepseek-r1-14b,proteome_discoverer,constrained,2,20.3
Run,Spectrum.File,Spectrum.File,1,TRUE,TRUE,FALSE,0.98,TRUE,1,deepseek-r1-14b,proteome_discoverer,constrained,2,20.3
Intensity,Intensity,Precursor.Area,3,FALSE,TRUE,FALSE,0.98,TRUE,1,deepseek-r1-14b,proteome_discoverer,constrained,2,20.3
Qvalue,Exp.Value,"",0,FALSE,FALSE,FALSE,0.92,TRUE,1,deepseek-r1-14b,proteome_discoverer,constrained,2,20.3
ProteinName,Protein.Group.Accessions,Protein.Group.Accessions,1,TRUE,TRUE,FALSE,0.98,TRUE,1,deepseek-r1-14b,proteome_discoverer,constrained,3,20.24
PeptideSequence,Sequence,Sequence,1,TRUE,TRUE,FALSE,0.98,TRUE,1,deepseek-r1-14b,proteome_discoverer,constrained,3,20.24
PrecursorCharge,Charge,Charge,1,TRUE,TRUE,FALSE,0.98,TRUE,1,deepseek-r1-14b,proteome_discoverer,constrained,3,20.24
FragmentIon,"","",0,TRUE,TRUE,FALSE,0,TRUE,1,deepseek-r1-14b,proteome_discoverer,constrained,3,20.24
ProductCharge,"","",0,TRUE,TRUE,FALSE,0,TRUE,1,deepseek-r1-14b,proteome_discoverer,constrained,3,20.24
Run,Spectrum.File,Spectrum.File,1,TRUE,TRUE,FALSE,0.98,TRUE,1,deepseek-r1-14b,proteome_discoverer,constrained,3,20.24
Intensity,Intensity,Precursor.Area,3,FALSE,TRUE,FALSE,0.98,TRUE,1,deepseek-r1-14b,proteome_discoverer,constrained,3,20.24
Qvalue,Exp.Value,"",0,FALSE,FALSE,FALSE,0.92,TRUE,1,deepseek-r1-14b,proteome_discoverer,constrained,3,20.24
ProteinName,Protein.Group.Accessions,Protein.Group.Accessions,1,TRUE,TRUE,FALSE,0.95,TRUE,1,deepseek-r1-14b,proteome_discoverer,filter_aware,1,28.17
PeptideSequence,Sequence,Sequence,1,TRUE,TRUE,FALSE,0.95,TRUE,1,deepseek-r1-14b,proteome_discoverer,filter_aware,1,28.17
PrecursorCharge,Charge,Charge,1,TRUE,TRUE,FALSE,0.95,TRUE,1,deepseek-r1-14b,proteome_discoverer,filter_aware,1,28.17
FragmentIon,"","",0,TRUE,TRUE,FALSE,0,TRUE,1,deepseek-r1-14b,proteome_discoverer,filter_aware,1,28.17
ProductCharge,"","",0,TRUE,TRUE,FALSE,0,TRUE,1,deepseek-r1-14b,proteome_discoverer,filter_aware,1,28.17
Run,Spectrum.File,Spectrum.File,1,TRUE,TRUE,FALSE,0.95,TRUE,1,deepseek-r1-14b,proteome_discoverer,filter_aware,1,28.17
Intensity,Precursor.Area,Precursor.Area,3,TRUE,TRUE,FALSE,0.95,TRUE,1,deepseek-r1-14b,proteome_discoverer,filter_aware,1,28.17
Qvalue,"","",0,TRUE,TRUE,FALSE,0,TRUE,1,deepseek-r1-14b,proteome_discoverer,filter_aware,1,28.17
ProteinName,Protein.Group.Accessions,Protein.Group.Accessions,1,TRUE,TRUE,FALSE,0.95,TRUE,1,deepseek-r1-14b,proteome_discoverer,filter_aware,2,27.37
PeptideSequence,Sequence,Sequence,1,TRUE,TRUE,FALSE,0.95,TRUE,1,deepseek-r1-14b,proteome_discoverer,filter_aware,2,27.37
PrecursorCharge,Charge,Charge,1,TRUE,TRUE,FALSE,0.95,TRUE,1,deepseek-r1-14b,proteome_discoverer,filter_aware,2,27.37
FragmentIon,"","",0,TRUE,TRUE,FALSE,0,TRUE,1,deepseek-r1-14b,proteome_discoverer,filter_aware,2,27.37
ProductCharge,"","",0,TRUE,TRUE,FALSE,0,TRUE,1,deepseek-r1-14b,proteome_discoverer,filter_aware,2,27.37
Run,Spectrum.File,Spectrum.File,1,TRUE,TRUE,FALSE,0.95,TRUE,1,deepseek-r1-14b,proteome_discoverer,filter_aware,2,27.37
Intensity,Precursor.Area,Precursor.Area,3,TRUE,TRUE,FALSE,0.95,TRUE,1,deepseek-r1-14b,proteome_discoverer,filter_aware,2,27.37
Qvalue,"","",0,TRUE,TRUE,FALSE,0,TRUE,1,deepseek-r1-14b,proteome_discoverer,filter_aware,2,27.37
ProteinName,Protein.Group.Accessions,Protein.Group.Accessions,1,TRUE,TRUE,FALSE,0.95,TRUE,1,deepseek-r1-14b,proteome_discoverer,filter_aware,3,28.46
PeptideSequence,Sequence,Sequence,1,TRUE,TRUE,FALSE,0.95,TRUE,1,deepseek-r1-14b,proteome_discoverer,filter_aware,3,28.46
PrecursorCharge,Charge,Charge,1,TRUE,TRUE,FALSE,0.95,TRUE,1,deepseek-r1-14b,proteome_discoverer,filter_aware,3,28.46
FragmentIon,"","",0,TRUE,TRUE,FALSE,0,TRUE,1,deepseek-r1-14b,proteome_discoverer,filter_aware,3,28.46
ProductCharge,"","",0,TRUE,TRUE,FALSE,0,TRUE,1,deepseek-r1-14b,proteome_discoverer,filter_aware,3,28.46
Run,Spectrum.File,Spectrum.File,1,TRUE,TRUE,FALSE,0.95,TRUE,1,deepseek-r1-14b,proteome_discoverer,filter_aware,3,28.46
Intensity,Precursor.Area,Precursor.Area,3,TRUE,TRUE,FALSE,0.95,TRUE,1,deepseek-r1-14b,proteome_discoverer,filter_aware,3,28.46
Qvalue,"","",0,TRUE,TRUE,FALSE,0,TRUE,1,deepseek-r1-14b,proteome_discoverer,filter_aware,3,28.46
ProteinName,Protein.Group.Accessions,Protein.Group.Accessions,1,TRUE,TRUE,FALSE,0.98,TRUE,1,deepseek-r1-14b,proteome_discoverer,constrained_filter,1,37.32
PeptideSequence,Sequence,Sequence,1,TRUE,TRUE,FALSE,0.98,TRUE,1,deepseek-r1-14b,proteome_discoverer,constrained_filter,1,37.32
PrecursorCharge,Charge,Charge,1,TRUE,TRUE,FALSE,0.98,TRUE,1,deepseek-r1-14b,proteome_discoverer,constrained_filter,1,37.32
FragmentIon,"","",0,TRUE,TRUE,FALSE,0,TRUE,1,deepseek-r1-14b,proteome_discoverer,constrained_filter,1,37.32
ProductCharge,"","",0,TRUE,TRUE,FALSE,0,TRUE,1,deepseek-r1-14b,proteome_discoverer,constrained_filter,1,37.32
Run,Spectrum.File,Spectrum.File,1,TRUE,TRUE,FALSE,0.98,TRUE,1,deepseek-r1-14b,proteome_discoverer,constrained_filter,1,37.32
Intensity,Intensity,Precursor.Area,3,FALSE,TRUE,FALSE,0.98,TRUE,1,deepseek-r1-14b,proteome_discoverer,constrained_filter,1,37.32
Qvalue,"","",0,TRUE,TRUE,FALSE,0,TRUE,1,deepseek-r1-14b,proteome_discoverer,constrained_filter,1,37.32
ProteinName,Protein.Group.Accessions,Protein.Group.Accessions,1,TRUE,TRUE,FALSE,0.98,TRUE,1,deepseek-r1-14b,proteome_discoverer,constrained_filter,2,37.56
PeptideSequence,Sequence,Sequence,1,TRUE,TRUE,FALSE,0.98,TRUE,1,deepseek-r1-14b,proteome_discoverer,constrained_filter,2,37.56
PrecursorCharge,Charge,Charge,1,TRUE,TRUE,FALSE,0.98,TRUE,1,deepseek-r1-14b,proteome_discoverer,constrained_filter,2,37.56
FragmentIon,"","",0,TRUE,TRUE,FALSE,0,TRUE,1,deepseek-r1-14b,proteome_discoverer,constrained_filter,2,37.56
ProductCharge,"","",0,TRUE,TRUE,FALSE,0,TRUE,1,deepseek-r1-14b,proteome_discoverer,constrained_filter,2,37.56
Run,Spectrum.File,Spectrum.File,1,TRUE,TRUE,FALSE,0.98,TRUE,1,deepseek-r1-14b,proteome_discoverer,constrained_filter,2,37.56
Intensity,Intensity,Precursor.Area,3,FALSE,TRUE,FALSE,0.98,TRUE,1,deepseek-r1-14b,proteome_discoverer,constrained_filter,2,37.56
Qvalue,"","",0,TRUE,TRUE,FALSE,0,TRUE,1,deepseek-r1-14b,proteome_discoverer,constrained_filter,2,37.56
ProteinName,Protein.Group.Accessions,Protein.Group.Accessions,1,TRUE,TRUE,FALSE,0.98,TRUE,1,deepseek-r1-14b,proteome_discoverer,constrained_filter,3,36.77
PeptideSequence,Sequence,Sequence,1,TRUE,TRUE,FALSE,0.98,TRUE,1,deepseek-r1-14b,proteome_discoverer,constrained_filter,3,36.77
PrecursorCharge,Charge,Charge,1,TRUE,TRUE,FALSE,0.98,TRUE,1,deepseek-r1-14b,proteome_discoverer,constrained_filter,3,36.77
FragmentIon,"","",0,TRUE,TRUE,FALSE,0,TRUE,1,deepseek-r1-14b,proteome_discoverer,constrained_filter,3,36.77
ProductCharge,"","",0,TRUE,TRUE,FALSE,0,TRUE,1,deepseek-r1-14b,proteome_discoverer,constrained_filter,3,36.77
Run,Spectrum.File,Spectrum.File,1,TRUE,TRUE,FALSE,0.98,TRUE,1,deepseek-r1-14b,proteome_discoverer,constrained_filter,3,36.77
Intensity,Intensity,Precursor.Area,3,FALSE,TRUE,FALSE,0.98,TRUE,1,deepseek-r1-14b,proteome_discoverer,constrained_filter,3,36.77
Qvalue,"","",0,TRUE,TRUE,FALSE,0,TRUE,1,deepseek-r1-14b,proteome_discoverer,constrained_filter,3,36.77
ProteinName,Protein.Group.Accessions,Protein.Group.Accessions,1,TRUE,TRUE,FALSE,0.98,TRUE,1,deepseek-r1-14b,proteome_discoverer,constrained_v2,1,27.01
PeptideSequence,Sequence,Sequence,1,TRUE,TRUE,FALSE,0.98,TRUE,1,deepseek-r1-14b,proteome_discoverer,constrained_v2,1,27.01
PrecursorCharge,Charge,Charge,1,TRUE,TRUE,FALSE,0.98,TRUE,1,deepseek-r1-14b,proteome_discoverer,constrained_v2,1,27.01
FragmentIon,"","",0,TRUE,TRUE,FALSE,0,TRUE,1,deepseek-r1-14b,proteome_discoverer,constrained_v2,1,27.01
ProductCharge,"","",0,TRUE,TRUE,FALSE,0,TRUE,1,deepseek-r1-14b,proteome_discoverer,constrained_v2,1,27.01
Run,Spectrum.File,Spectrum.File,1,TRUE,TRUE,FALSE,0.98,TRUE,1,deepseek-r1-14b,proteome_discoverer,constrained_v2,1,27.01
Intensity,Intensity,Precursor.Area,3,FALSE,TRUE,FALSE,0.98,TRUE,1,deepseek-r1-14b,proteome_discoverer,constrained_v2,1,27.01
Qvalue,"","",0,TRUE,TRUE,FALSE,0,TRUE,1,deepseek-r1-14b,proteome_discoverer,constrained_v2,1,27.01
ProteinName,Protein.Group.Accessions,Protein.Group.Accessions,1,TRUE,TRUE,FALSE,0.98,TRUE,1,deepseek-r1-14b,proteome_discoverer,constrained_v2,2,26.5
PeptideSequence,Sequence,Sequence,1,TRUE,TRUE,FALSE,0.98,TRUE,1,deepseek-r1-14b,proteome_discoverer,constrained_v2,2,26.5
PrecursorCharge,Charge,Charge,1,TRUE,TRUE,FALSE,0.98,TRUE,1,deepseek-r1-14b,proteome_discoverer,constrained_v2,2,26.5
FragmentIon,"","",0,TRUE,TRUE,FALSE,0,TRUE,1,deepseek-r1-14b,proteome_discoverer,constrained_v2,2,26.5
ProductCharge,"","",0,TRUE,TRUE,FALSE,0,TRUE,1,deepseek-r1-14b,proteome_discoverer,constrained_v2,2,26.5
Run,Spectrum.File,Spectrum.File,1,TRUE,TRUE,FALSE,0.98,TRUE,1,deepseek-r1-14b,proteome_discoverer,constrained_v2,2,26.5
Intensity,Intensity,Precursor.Area,3,FALSE,TRUE,FALSE,0.98,TRUE,1,deepseek-r1-14b,proteome_discoverer,constrained_v2,2,26.5
Qvalue,"","",0,TRUE,TRUE,FALSE,0,TRUE,1,deepseek-r1-14b,proteome_discoverer,constrained_v2,2,26.5
ProteinName,Protein.Group.Accessions,Protein.Group.Accessions,1,TRUE,TRUE,FALSE,0.98,TRUE,1,deepseek-r1-14b,proteome_discoverer,constrained_v2,3,25.51
PeptideSequence,Sequence,Sequence,1,TRUE,TRUE,FALSE,0.98,TRUE,1,deepseek-r1-14b,proteome_discoverer,constrained_v2,3,25.51
PrecursorCharge,Charge,Charge,1,TRUE,TRUE,FALSE,0.98,TRUE,1,deepseek-r1-14b,proteome_discoverer,constrained_v2,3,25.51
FragmentIon,"","",0,TRUE,TRUE,FALSE,0,TRUE,1,deepseek-r1-14b,proteome_discoverer,constrained_v2,3,25.51
ProductCharge,"","",0,TRUE,TRUE,FALSE,0,TRUE,1,deepseek-r1-14b,proteome_discoverer,constrained_v2,3,25.51
Run,Spectrum.File,Spectrum.File,1,TRUE,TRUE,FALSE,0.98,TRUE,1,deepseek-r1-14b,proteome_discoverer,constrained_v2,3,25.51
Intensity,Intensity,Precursor.Area,3,FALSE,TRUE,FALSE,0.98,TRUE,1,deepseek-r1-14b,proteome_discoverer,constrained_v2,3,25.51
Qvalue,"","",0,TRUE,TRUE,FALSE,0,TRUE,1,deepseek-r1-14b,proteome_discoverer,constrained_v2,3,25.51
ProteinName,Protein.Group.Accessions,Protein.Group.Accessions,1,TRUE,TRUE,FALSE,0.98,TRUE,1,deepseek-r1-14b,proteome_discoverer,constrained_filter_v2,1,43.77
PeptideSequence,Sequence,Sequence,1,TRUE,TRUE,FALSE,0.98,TRUE,1,deepseek-r1-14b,proteome_discoverer,constrained_filter_v2,1,43.77
PrecursorCharge,Charge,Charge,1,TRUE,TRUE,FALSE,0.98,TRUE,1,deepseek-r1-14b,proteome_discoverer,constrained_filter_v2,1,43.77
FragmentIon,"","",0,TRUE,TRUE,FALSE,0,TRUE,1,deepseek-r1-14b,proteome_discoverer,constrained_filter_v2,1,43.77
ProductCharge,"","",0,TRUE,TRUE,FALSE,0,TRUE,1,deepseek-r1-14b,proteome_discoverer,constrained_filter_v2,1,43.77
Run,Spectrum.File,Spectrum.File,1,TRUE,TRUE,FALSE,0.98,TRUE,1,deepseek-r1-14b,proteome_discoverer,constrained_filter_v2,1,43.77
Intensity,Intensity,Precursor.Area,3,FALSE,TRUE,FALSE,0.98,TRUE,1,deepseek-r1-14b,proteome_discoverer,constrained_filter_v2,1,43.77
Qvalue,"","",0,TRUE,TRUE,FALSE,0,TRUE,1,deepseek-r1-14b,proteome_discoverer,constrained_filter_v2,1,43.77
ProteinName,Protein.Group.Accessions,Protein.Group.Accessions,1,TRUE,TRUE,FALSE,0.98,TRUE,1,deepseek-r1-14b,proteome_discoverer,constrained_filter_v2,2,41.29
PeptideSequence,Sequence,Sequence,1,TRUE,TRUE,FALSE,0.98,TRUE,1,deepseek-r1-14b,proteome_discoverer,constrained_filter_v2,2,41.29
PrecursorCharge,Charge,Charge,1,TRUE,TRUE,FALSE,0.98,TRUE,1,deepseek-r1-14b,proteome_discoverer,constrained_filter_v2,2,41.29
FragmentIon,"","",0,TRUE,TRUE,FALSE,0,TRUE,1,deepseek-r1-14b,proteome_discoverer,constrained_filter_v2,2,41.29
ProductCharge,"","",0,TRUE,TRUE,FALSE,0,TRUE,1,deepseek-r1-14b,proteome_discoverer,constrained_filter_v2,2,41.29
Run,Spectrum.File,Spectrum.File,1,TRUE,TRUE,FALSE,0.98,TRUE,1,deepseek-r1-14b,proteome_discoverer,constrained_filter_v2,2,41.29
Intensity,Intensity,Precursor.Area,3,FALSE,TRUE,FALSE,0.98,TRUE,1,deepseek-r1-14b,proteome_discoverer,constrained_filter_v2,2,41.29
Qvalue,"","",0,TRUE,TRUE,FALSE,0,TRUE,1,deepseek-r1-14b,proteome_discoverer,constrained_filter_v2,2,41.29
ProteinName,Protein.Group.Accessions,Protein.Group.Accessions,1,TRUE,TRUE,FALSE,0.98,TRUE,1,deepseek-r1-14b,proteome_discoverer,constrained_filter_v2,3,44.37
PeptideSequence,Sequence,Sequence,1,TRUE,TRUE,FALSE,0.98,TRUE,1,deepseek-r1-14b,proteome_discoverer,constrained_filter_v2,3,44.37
PrecursorCharge,Charge,Charge,1,TRUE,TRUE,FALSE,0.98,TRUE,1,deepseek-r1-14b,proteome_discoverer,constrained_filter_v2,3,44.37
FragmentIon,"","",0,TRUE,TRUE,FALSE,0,TRUE,1,deepseek-r1-14b,proteome_discoverer,constrained_filter_v2,3,44.37
ProductCharge,"","",0,TRUE,TRUE,FALSE,0,TRUE,1,deepseek-r1-14b,proteome_discoverer,constrained_filter_v2,3,44.37
Run,Spectrum.File,Spectrum.File,1,TRUE,TRUE,FALSE,0.98,TRUE,1,deepseek-r1-14b,proteome_discoverer,constrained_filter_v2,3,44.37
Intensity,Intensity,Precursor.Area,3,FALSE,TRUE,FALSE,0.98,TRUE,1,deepseek-r1-14b,proteome_discoverer,constrained_filter_v2,3,44.37
Qvalue,"","",0,TRUE,TRUE,FALSE,0,TRUE,1,deepseek-r1-14b,proteome_discoverer,constrained_filter_v2,3,44.37
ProteinName,Protein.Group,Protein.Group,1,TRUE,TRUE,FALSE,1,TRUE,1,deepseek-r1-14b,metamorpheus,lean,1,16.31
PeptideSequence,Base.Sequence,Full.Sequence,1,FALSE,FALSE,FALSE,1,TRUE,1,deepseek-r1-14b,metamorpheus,lean,1,16.31
PrecursorCharge,Precursor.Charge,Precursor.Charge,1,TRUE,TRUE,FALSE,1,TRUE,1,deepseek-r1-14b,metamorpheus,lean,1,16.31
FragmentIon,"","",0,TRUE,TRUE,FALSE,0,TRUE,1,deepseek-r1-14b,metamorpheus,lean,1,16.31
ProductCharge,"","",0,TRUE,TRUE,FALSE,0,TRUE,1,deepseek-r1-14b,metamorpheus,lean,1,16.31
Run,File.Name,File.Name,1,TRUE,TRUE,FALSE,1,TRUE,1,deepseek-r1-14b,metamorpheus,lean,1,16.31
Intensity,Peak.intensity,Peak.intensity,1,TRUE,TRUE,FALSE,1,TRUE,1,deepseek-r1-14b,metamorpheus,lean,1,16.31
Qvalue,PIP.Q.Value,PIP.Q.Value,1,TRUE,TRUE,FALSE,0.5,TRUE,1,deepseek-r1-14b,metamorpheus,lean,1,16.31
ProteinName,Protein.Group,Protein.Group,1,TRUE,TRUE,FALSE,1,TRUE,1,deepseek-r1-14b,metamorpheus,lean,2,16.43
PeptideSequence,Base.Sequence,Full.Sequence,1,FALSE,FALSE,FALSE,1,TRUE,1,deepseek-r1-14b,metamorpheus,lean,2,16.43
PrecursorCharge,Precursor.Charge,Precursor.Charge,1,TRUE,TRUE,FALSE,1,TRUE,1,deepseek-r1-14b,metamorpheus,lean,2,16.43
FragmentIon,"","",0,TRUE,TRUE,FALSE,0,TRUE,1,deepseek-r1-14b,metamorpheus,lean,2,16.43
ProductCharge,"","",0,TRUE,TRUE,FALSE,0,TRUE,1,deepseek-r1-14b,metamorpheus,lean,2,16.43
Run,File.Name,File.Name,1,TRUE,TRUE,FALSE,1,TRUE,1,deepseek-r1-14b,metamorpheus,lean,2,16.43
Intensity,Peak.intensity,Peak.intensity,1,TRUE,TRUE,FALSE,1,TRUE,1,deepseek-r1-14b,metamorpheus,lean,2,16.43
Qvalue,PIP.Q.Value,PIP.Q.Value,1,TRUE,TRUE,FALSE,0.5,TRUE,1,deepseek-r1-14b,metamorpheus,lean,2,16.43
ProteinName,Protein.Group,Protein.Group,1,TRUE,TRUE,FALSE,1,TRUE,1,deepseek-r1-14b,metamorpheus,lean,3,17.29
PeptideSequence,Base.Sequence,Full.Sequence,1,FALSE,FALSE,FALSE,1,TRUE,1,deepseek-r1-14b,metamorpheus,lean,3,17.29
PrecursorCharge,Precursor.Charge,Precursor.Charge,1,TRUE,TRUE,FALSE,1,TRUE,1,deepseek-r1-14b,metamorpheus,lean,3,17.29
FragmentIon,"","",0,TRUE,TRUE,FALSE,0,TRUE,1,deepseek-r1-14b,metamorpheus,lean,3,17.29
ProductCharge,"","",0,TRUE,TRUE,FALSE,0,TRUE,1,deepseek-r1-14b,metamorpheus,lean,3,17.29
Run,File.Name,File.Name,1,TRUE,TRUE,FALSE,1,TRUE,1,deepseek-r1-14b,metamorpheus,lean,3,17.29
Intensity,Peak.intensity,Peak.intensity,1,TRUE,TRUE,FALSE,1,TRUE,1,deepseek-r1-14b,metamorpheus,lean,3,17.29
Qvalue,PIP.Q.Value,PIP.Q.Value,1,TRUE,TRUE,FALSE,0.5,TRUE,1,deepseek-r1-14b,metamorpheus,lean,3,17.29
ProteinName,Protein.Group,Protein.Group,1,TRUE,TRUE,FALSE,0.98,TRUE,1,deepseek-r1-14b,metamorpheus,constrained,1,17.45
PeptideSequence,Base.Sequence,Full.Sequence,1,FALSE,FALSE,FALSE,0.98,TRUE,1,deepseek-r1-14b,metamorpheus,constrained,1,17.45
PrecursorCharge,Precursor.Charge,Precursor.Charge,1,TRUE,TRUE,FALSE,0.98,TRUE,1,deepseek-r1-14b,metamorpheus,constrained,1,17.45
FragmentIon,"","",0,TRUE,TRUE,FALSE,0,TRUE,1,deepseek-r1-14b,metamorpheus,constrained,1,17.45
ProductCharge,"","",0,TRUE,TRUE,FALSE,0,TRUE,1,deepseek-r1-14b,metamorpheus,constrained,1,17.45
Run,File.Name,File.Name,1,TRUE,TRUE,FALSE,0.98,TRUE,1,deepseek-r1-14b,metamorpheus,constrained,1,17.45
Intensity,Peak.intensity,Peak.intensity,1,TRUE,TRUE,FALSE,0.98,TRUE,1,deepseek-r1-14b,metamorpheus,constrained,1,17.45
Qvalue,PIP.Q.Value,PIP.Q.Value,1,TRUE,TRUE,FALSE,0.98,TRUE,1,deepseek-r1-14b,metamorpheus,constrained,1,17.45
ProteinName,Protein.Group,Protein.Group,1,TRUE,TRUE,FALSE,0.98,TRUE,1,deepseek-r1-14b,metamorpheus,constrained,2,16.06
PeptideSequence,Base.Sequence,Full.Sequence,1,FALSE,FALSE,FALSE,0.98,TRUE,1,deepseek-r1-14b,metamorpheus,constrained,2,16.06
PrecursorCharge,Precursor.Charge,Precursor.Charge,1,TRUE,TRUE,FALSE,0.98,TRUE,1,deepseek-r1-14b,metamorpheus,constrained,2,16.06
FragmentIon,"","",0,TRUE,TRUE,FALSE,0,TRUE,1,deepseek-r1-14b,metamorpheus,constrained,2,16.06
ProductCharge,"","",0,TRUE,TRUE,FALSE,0,TRUE,1,deepseek-r1-14b,metamorpheus,constrained,2,16.06
Run,File.Name,File.Name,1,TRUE,TRUE,FALSE,0.98,TRUE,1,deepseek-r1-14b,metamorpheus,constrained,2,16.06
Intensity,Peak.intensity,Peak.intensity,1,TRUE,TRUE,FALSE,0.98,TRUE,1,deepseek-r1-14b,metamorpheus,constrained,2,16.06
Qvalue,PIP.Q.Value,PIP.Q.Value,1,TRUE,TRUE,FALSE,0.98,TRUE,1,deepseek-r1-14b,metamorpheus,constrained,2,16.06
ProteinName,Protein.Group,Protein.Group,1,TRUE,TRUE,FALSE,0.98,TRUE,1,deepseek-r1-14b,metamorpheus,constrained,3,16.15
PeptideSequence,Base.Sequence,Full.Sequence,1,FALSE,FALSE,FALSE,0.98,TRUE,1,deepseek-r1-14b,metamorpheus,constrained,3,16.15
PrecursorCharge,Precursor.Charge,Precursor.Charge,1,TRUE,TRUE,FALSE,0.98,TRUE,1,deepseek-r1-14b,metamorpheus,constrained,3,16.15
FragmentIon,"","",0,TRUE,TRUE,FALSE,0,TRUE,1,deepseek-r1-14b,metamorpheus,constrained,3,16.15
ProductCharge,"","",0,TRUE,TRUE,FALSE,0,TRUE,1,deepseek-r1-14b,metamorpheus,constrained,3,16.15
Run,File.Name,File.Name,1,TRUE,TRUE,FALSE,0.98,TRUE,1,deepseek-r1-14b,metamorpheus,constrained,3,16.15
Intensity,Peak.intensity,Peak.intensity,1,TRUE,TRUE,FALSE,0.98,TRUE,1,deepseek-r1-14b,metamorpheus,constrained,3,16.15
Qvalue,PIP.Q.Value,PIP.Q.Value,1,TRUE,TRUE,FALSE,0.98,TRUE,1,deepseek-r1-14b,metamorpheus,constrained,3,16.15
ProteinName,Protein.Group,Protein.Group,1,TRUE,TRUE,FALSE,0.95,TRUE,1,deepseek-r1-14b,metamorpheus,filter_aware,1,21.67
PeptideSequence,Full.Sequence,Full.Sequence,1,TRUE,TRUE,FALSE,0.95,TRUE,1,deepseek-r1-14b,metamorpheus,filter_aware,1,21.67
PrecursorCharge,Precursor.Charge,Precursor.Charge,1,TRUE,TRUE,FALSE,0.95,TRUE,1,deepseek-r1-14b,metamorpheus,filter_aware,1,21.67
FragmentIon,"","",0,TRUE,TRUE,FALSE,0,TRUE,1,deepseek-r1-14b,metamorpheus,filter_aware,1,21.67
ProductCharge,"","",0,TRUE,TRUE,FALSE,0,TRUE,1,deepseek-r1-14b,metamorpheus,filter_aware,1,21.67
Run,File.Name,File.Name,1,TRUE,TRUE,FALSE,0.95,TRUE,1,deepseek-r1-14b,metamorpheus,filter_aware,1,21.67
Intensity,Peak.intensity,Peak.intensity,1,TRUE,TRUE,FALSE,0.95,TRUE,1,deepseek-r1-14b,metamorpheus,filter_aware,1,21.67
Qvalue,PIP.Q.Value,PIP.Q.Value,1,TRUE,TRUE,FALSE,0.95,TRUE,1,deepseek-r1-14b,metamorpheus,filter_aware,1,21.67
ProteinName,Protein.Group,Protein.Group,1,TRUE,TRUE,FALSE,0.95,TRUE,1,deepseek-r1-14b,metamorpheus,filter_aware,2,22.19
PeptideSequence,Full.Sequence,Full.Sequence,1,TRUE,TRUE,FALSE,0.95,TRUE,1,deepseek-r1-14b,metamorpheus,filter_aware,2,22.19
PrecursorCharge,Precursor.Charge,Precursor.Charge,1,TRUE,TRUE,FALSE,0.95,TRUE,1,deepseek-r1-14b,metamorpheus,filter_aware,2,22.19
FragmentIon,"","",0,TRUE,TRUE,FALSE,0,TRUE,1,deepseek-r1-14b,metamorpheus,filter_aware,2,22.19
ProductCharge,"","",0,TRUE,TRUE,FALSE,0,TRUE,1,deepseek-r1-14b,metamorpheus,filter_aware,2,22.19
Run,File.Name,File.Name,1,TRUE,TRUE,FALSE,0.95,TRUE,1,deepseek-r1-14b,metamorpheus,filter_aware,2,22.19
Intensity,Peak.intensity,Peak.intensity,1,TRUE,TRUE,FALSE,0.95,TRUE,1,deepseek-r1-14b,metamorpheus,filter_aware,2,22.19
Qvalue,PIP.Q.Value,PIP.Q.Value,1,TRUE,TRUE,FALSE,0.95,TRUE,1,deepseek-r1-14b,metamorpheus,filter_aware,2,22.19
ProteinName,Protein.Group,Protein.Group,1,TRUE,TRUE,FALSE,0.95,TRUE,1,deepseek-r1-14b,metamorpheus,filter_aware,3,22.23
PeptideSequence,Full.Sequence,Full.Sequence,1,TRUE,TRUE,FALSE,0.95,TRUE,1,deepseek-r1-14b,metamorpheus,filter_aware,3,22.23
PrecursorCharge,Precursor.Charge,Precursor.Charge,1,TRUE,TRUE,FALSE,0.95,TRUE,1,deepseek-r1-14b,metamorpheus,filter_aware,3,22.23
FragmentIon,"","",0,TRUE,TRUE,FALSE,0,TRUE,1,deepseek-r1-14b,metamorpheus,filter_aware,3,22.23
ProductCharge,"","",0,TRUE,TRUE,FALSE,0,TRUE,1,deepseek-r1-14b,metamorpheus,filter_aware,3,22.23
Run,File.Name,File.Name,1,TRUE,TRUE,FALSE,0.95,TRUE,1,deepseek-r1-14b,metamorpheus,filter_aware,3,22.23
Intensity,Peak.intensity,Peak.intensity,1,TRUE,TRUE,FALSE,0.95,TRUE,1,deepseek-r1-14b,metamorpheus,filter_aware,3,22.23
Qvalue,PIP.Q.Value,PIP.Q.Value,1,TRUE,TRUE,FALSE,0.95,TRUE,1,deepseek-r1-14b,metamorpheus,filter_aware,3,22.23
ProteinName,Protein.Group,Protein.Group,1,TRUE,TRUE,FALSE,0.98,TRUE,1,deepseek-r1-14b,metamorpheus,constrained_filter,1,27.18
PeptideSequence,Base.Sequence,Full.Sequence,1,FALSE,FALSE,FALSE,0.92,TRUE,1,deepseek-r1-14b,metamorpheus,constrained_filter,1,27.18
PrecursorCharge,Precursor.Charge,Precursor.Charge,1,TRUE,TRUE,FALSE,0.98,TRUE,1,deepseek-r1-14b,metamorpheus,constrained_filter,1,27.18
FragmentIon,"","",0,TRUE,TRUE,FALSE,0,TRUE,1,deepseek-r1-14b,metamorpheus,constrained_filter,1,27.18
ProductCharge,"","",0,TRUE,TRUE,FALSE,0,TRUE,1,deepseek-r1-14b,metamorpheus,constrained_filter,1,27.18
Run,File.Name,File.Name,1,TRUE,TRUE,FALSE,0.98,TRUE,1,deepseek-r1-14b,metamorpheus,constrained_filter,1,27.18
Intensity,Peak.intensity,Peak.intensity,1,TRUE,TRUE,FALSE,0.98,TRUE,1,deepseek-r1-14b,metamorpheus,constrained_filter,1,27.18
Qvalue,PIP.Q.Value,PIP.Q.Value,1,TRUE,TRUE,FALSE,0.92,TRUE,1,deepseek-r1-14b,metamorpheus,constrained_filter,1,27.18
ProteinName,Protein.Group,Protein.Group,1,TRUE,TRUE,FALSE,0.98,TRUE,1,deepseek-r1-14b,metamorpheus,constrained_filter,2,30.27
PeptideSequence,Base.Sequence,Full.Sequence,1,FALSE,FALSE,FALSE,0.92,TRUE,1,deepseek-r1-14b,metamorpheus,constrained_filter,2,30.27
PrecursorCharge,Precursor.Charge,Precursor.Charge,1,TRUE,TRUE,FALSE,0.98,TRUE,1,deepseek-r1-14b,metamorpheus,constrained_filter,2,30.27
FragmentIon,"","",0,TRUE,TRUE,FALSE,0,TRUE,1,deepseek-r1-14b,metamorpheus,constrained_filter,2,30.27
ProductCharge,"","",0,TRUE,TRUE,FALSE,0,TRUE,1,deepseek-r1-14b,metamorpheus,constrained_filter,2,30.27
Run,File.Name,File.Name,1,TRUE,TRUE,FALSE,0.98,TRUE,1,deepseek-r1-14b,metamorpheus,constrained_filter,2,30.27
Intensity,Peak.intensity,Peak.intensity,1,TRUE,TRUE,FALSE,0.98,TRUE,1,deepseek-r1-14b,metamorpheus,constrained_filter,2,30.27
Qvalue,PIP.Q.Value,PIP.Q.Value,1,TRUE,TRUE,FALSE,0.92,TRUE,1,deepseek-r1-14b,metamorpheus,constrained_filter,2,30.27
ProteinName,Protein.Group,Protein.Group,1,TRUE,TRUE,FALSE,0.98,TRUE,1,deepseek-r1-14b,metamorpheus,constrained_filter,3,27.47
PeptideSequence,Base.Sequence,Full.Sequence,1,FALSE,FALSE,FALSE,0.92,TRUE,1,deepseek-r1-14b,metamorpheus,constrained_filter,3,27.47
PrecursorCharge,Precursor.Charge,Precursor.Charge,1,TRUE,TRUE,FALSE,0.98,TRUE,1,deepseek-r1-14b,metamorpheus,constrained_filter,3,27.47
FragmentIon,"","",0,TRUE,TRUE,FALSE,0,TRUE,1,deepseek-r1-14b,metamorpheus,constrained_filter,3,27.47
ProductCharge,"","",0,TRUE,TRUE,FALSE,0,TRUE,1,deepseek-r1-14b,metamorpheus,constrained_filter,3,27.47
Run,File.Name,File.Name,1,TRUE,TRUE,FALSE,0.98,TRUE,1,deepseek-r1-14b,metamorpheus,constrained_filter,3,27.47
Intensity,Peak.intensity,Peak.intensity,1,TRUE,TRUE,FALSE,0.98,TRUE,1,deepseek-r1-14b,metamorpheus,constrained_filter,3,27.47
Qvalue,PIP.Q.Value,PIP.Q.Value,1,TRUE,TRUE,FALSE,0.92,TRUE,1,deepseek-r1-14b,metamorpheus,constrained_filter,3,27.47
ProteinName,Protein.Group,Protein.Group,1,TRUE,TRUE,FALSE,0.98,TRUE,1,deepseek-r1-14b,metamorpheus,constrained_v2,1,15.06
PeptideSequence,Full.Sequence,Full.Sequence,1,TRUE,TRUE,FALSE,0.92,TRUE,1,deepseek-r1-14b,metamorpheus,constrained_v2,1,15.06
PrecursorCharge,Precursor.Charge,Precursor.Charge,1,TRUE,TRUE,FALSE,0.98,TRUE,1,deepseek-r1-14b,metamorpheus,constrained_v2,1,15.06
FragmentIon,"","",0,TRUE,TRUE,FALSE,0,TRUE,1,deepseek-r1-14b,metamorpheus,constrained_v2,1,15.06
ProductCharge,"","",0,TRUE,TRUE,FALSE,0,TRUE,1,deepseek-r1-14b,metamorpheus,constrained_v2,1,15.06
Run,File.Name,File.Name,1,TRUE,TRUE,FALSE,0.8,TRUE,1,deepseek-r1-14b,metamorpheus,constrained_v2,1,15.06
Intensity,Peak.intensity,Peak.intensity,1,TRUE,TRUE,FALSE,0.98,TRUE,1,deepseek-r1-14b,metamorpheus,constrained_v2,1,15.06
Qvalue,PIP.Q.Value,PIP.Q.Value,1,TRUE,TRUE,FALSE,0.92,TRUE,1,deepseek-r1-14b,metamorpheus,constrained_v2,1,15.06
ProteinName,Protein.Group,Protein.Group,1,TRUE,TRUE,FALSE,0.98,TRUE,1,deepseek-r1-14b,metamorpheus,constrained_v2,2,15.56
PeptideSequence,Full.Sequence,Full.Sequence,1,TRUE,TRUE,FALSE,0.92,TRUE,1,deepseek-r1-14b,metamorpheus,constrained_v2,2,15.56
PrecursorCharge,Precursor.Charge,Precursor.Charge,1,TRUE,TRUE,FALSE,0.98,TRUE,1,deepseek-r1-14b,metamorpheus,constrained_v2,2,15.56
FragmentIon,"","",0,TRUE,TRUE,FALSE,0,TRUE,1,deepseek-r1-14b,metamorpheus,constrained_v2,2,15.56
ProductCharge,"","",0,TRUE,TRUE,FALSE,0,TRUE,1,deepseek-r1-14b,metamorpheus,constrained_v2,2,15.56
Run,File.Name,File.Name,1,TRUE,TRUE,FALSE,0.8,TRUE,1,deepseek-r1-14b,metamorpheus,constrained_v2,2,15.56
Intensity,Peak.intensity,Peak.intensity,1,TRUE,TRUE,FALSE,0.98,TRUE,1,deepseek-r1-14b,metamorpheus,constrained_v2,2,15.56
Qvalue,PIP.Q.Value,PIP.Q.Value,1,TRUE,TRUE,FALSE,0.92,TRUE,1,deepseek-r1-14b,metamorpheus,constrained_v2,2,15.56
ProteinName,Protein.Group,Protein.Group,1,TRUE,TRUE,FALSE,0.98,TRUE,1,deepseek-r1-14b,metamorpheus,constrained_v2,3,14.8
PeptideSequence,Full.Sequence,Full.Sequence,1,TRUE,TRUE,FALSE,0.92,TRUE,1,deepseek-r1-14b,metamorpheus,constrained_v2,3,14.8
PrecursorCharge,Precursor.Charge,Precursor.Charge,1,TRUE,TRUE,FALSE,0.98,TRUE,1,deepseek-r1-14b,metamorpheus,constrained_v2,3,14.8
FragmentIon,"","",0,TRUE,TRUE,FALSE,0,TRUE,1,deepseek-r1-14b,metamorpheus,constrained_v2,3,14.8
ProductCharge,"","",0,TRUE,TRUE,FALSE,0,TRUE,1,deepseek-r1-14b,metamorpheus,constrained_v2,3,14.8
Run,File.Name,File.Name,1,TRUE,TRUE,FALSE,0.8,TRUE,1,deepseek-r1-14b,metamorpheus,constrained_v2,3,14.8
Intensity,Peak.intensity,Peak.intensity,1,TRUE,TRUE,FALSE,0.98,TRUE,1,deepseek-r1-14b,metamorpheus,constrained_v2,3,14.8
Qvalue,PIP.Q.Value,PIP.Q.Value,1,TRUE,TRUE,FALSE,0.92,TRUE,1,deepseek-r1-14b,metamorpheus,constrained_v2,3,14.8
ProteinName,Protein.Group,Protein.Group,1,TRUE,TRUE,FALSE,0.98,TRUE,1,deepseek-r1-14b,metamorpheus,constrained_filter_v2,1,26.03
PeptideSequence,Full.Sequence,Full.Sequence,1,TRUE,TRUE,FALSE,0.98,TRUE,1,deepseek-r1-14b,metamorpheus,constrained_filter_v2,1,26.03
PrecursorCharge,Precursor.Charge,Precursor.Charge,1,TRUE,TRUE,FALSE,0.98,TRUE,1,deepseek-r1-14b,metamorpheus,constrained_filter_v2,1,26.03
FragmentIon,"","",0,TRUE,TRUE,FALSE,0,TRUE,1,deepseek-r1-14b,metamorpheus,constrained_filter_v2,1,26.03
ProductCharge,"","",0,TRUE,TRUE,FALSE,0,TRUE,1,deepseek-r1-14b,metamorpheus,constrained_filter_v2,1,26.03
Run,File.Name,File.Name,1,TRUE,TRUE,FALSE,0.98,TRUE,1,deepseek-r1-14b,metamorpheus,constrained_filter_v2,1,26.03
Intensity,Peak.intensity,Peak.intensity,1,TRUE,TRUE,FALSE,0.98,TRUE,1,deepseek-r1-14b,metamorpheus,constrained_filter_v2,1,26.03
Qvalue,PIP.Q.Value,PIP.Q.Value,1,TRUE,TRUE,FALSE,0.98,TRUE,1,deepseek-r1-14b,metamorpheus,constrained_filter_v2,1,26.03
ProteinName,Protein.Group,Protein.Group,1,TRUE,TRUE,FALSE,0.98,TRUE,1,deepseek-r1-14b,metamorpheus,constrained_filter_v2,2,25.32
PeptideSequence,Full.Sequence,Full.Sequence,1,TRUE,TRUE,FALSE,0.98,TRUE,1,deepseek-r1-14b,metamorpheus,constrained_filter_v2,2,25.32
PrecursorCharge,Precursor.Charge,Precursor.Charge,1,TRUE,TRUE,FALSE,0.98,TRUE,1,deepseek-r1-14b,metamorpheus,constrained_filter_v2,2,25.32
FragmentIon,"","",0,TRUE,TRUE,FALSE,0,TRUE,1,deepseek-r1-14b,metamorpheus,constrained_filter_v2,2,25.32
ProductCharge,"","",0,TRUE,TRUE,FALSE,0,TRUE,1,deepseek-r1-14b,metamorpheus,constrained_filter_v2,2,25.32
Run,File.Name,File.Name,1,TRUE,TRUE,FALSE,0.98,TRUE,1,deepseek-r1-14b,metamorpheus,constrained_filter_v2,2,25.32
Intensity,Peak.intensity,Peak.intensity,1,TRUE,TRUE,FALSE,0.98,TRUE,1,deepseek-r1-14b,metamorpheus,constrained_filter_v2,2,25.32
Qvalue,PIP.Q.Value,PIP.Q.Value,1,TRUE,TRUE,FALSE,0.98,TRUE,1,deepseek-r1-14b,metamorpheus,constrained_filter_v2,2,25.32
ProteinName,Protein.Group,Protein.Group,1,TRUE,TRUE,FALSE,0.98,TRUE,1,deepseek-r1-14b,metamorpheus,constrained_filter_v2,3,23
PeptideSequence,Full.Sequence,Full.Sequence,1,TRUE,TRUE,FALSE,0.98,TRUE,1,deepseek-r1-14b,metamorpheus,constrained_filter_v2,3,23
PrecursorCharge,Precursor.Charge,Precursor.Charge,1,TRUE,TRUE,FALSE,0.98,TRUE,1,deepseek-r1-14b,metamorpheus,constrained_filter_v2,3,23
FragmentIon,"","",0,TRUE,TRUE,FALSE,0,TRUE,1,deepseek-r1-14b,metamorpheus,constrained_filter_v2,3,23
ProductCharge,"","",0,TRUE,TRUE,FALSE,0,TRUE,1,deepseek-r1-14b,metamorpheus,constrained_filter_v2,3,23
Run,File.Name,File.Name,1,TRUE,TRUE,FALSE,0.98,TRUE,1,deepseek-r1-14b,metamorpheus,constrained_filter_v2,3,23
Intensity,Peak.intensity,Peak.intensity,1,TRUE,TRUE,FALSE,0.98,TRUE,1,deepseek-r1-14b,metamorpheus,constrained_filter_v2,3,23
Qvalue,PIP.Q.Value,PIP.Q.Value,1,TRUE,TRUE,FALSE,0.98,TRUE,1,deepseek-r1-14b,metamorpheus,constrained_filter_v2,3,23
