field,predicted,expected,n_acceptable,exact_match,acceptable_match,candidate_hit,confidence,has_candidates,n_candidates,model,tool,prompt,rep,source,elapsed_sec
ProteinName,PG.ProteinNames,PG.ProteinGroups,2,FALSE,FALSE,FALSE,1,TRUE,1,llama3.2-3b,spectronaut,lean,1,benchmark,5.74
PeptideSequence,PEP.StrippedSequence,EG.ModifiedSequence,1,FALSE,FALSE,FALSE,1,TRUE,1,llama3.2-3b,spectronaut,lean,1,benchmark,5.74
PrecursorCharge,FG.Charge,FG.Charge,1,TRUE,TRUE,FALSE,1,TRUE,1,llama3.2-3b,spectronaut,lean,1,benchmark,5.74
FragmentIon,F.FrgIon,F.FrgIon,1,TRUE,TRUE,FALSE,1,TRUE,1,llama3.2-3b,spectronaut,lean,1,benchmark,5.74
ProductCharge,FG.Charge,F.Charge,2,FALSE,FALSE,FALSE,1,TRUE,1,llama3.2-3b,spectronaut,lean,1,benchmark,5.74
Run,R.FileName,R.FileName,1,TRUE,TRUE,FALSE,1,TRUE,1,llama3.2-3b,spectronaut,lean,1,benchmark,5.74
Intensity,F.PeakArea,F.PeakArea,4,TRUE,TRUE,FALSE,1,TRUE,1,llama3.2-3b,spectronaut,lean,1,benchmark,5.74
Qvalue,PG.Qvalue,EG.Qvalue,1,FALSE,FALSE,FALSE,1,TRUE,1,llama3.2-3b,spectronaut,lean,1,benchmark,5.74
ProteinName,PG.ProteinNames,PG.ProteinGroups,2,FALSE,FALSE,FALSE,1,TRUE,1,llama3.2-3b,spectronaut,lean,2,benchmark,4.88
PeptideSequence,PEP.StrippedSequence,EG.ModifiedSequence,1,FALSE,FALSE,FALSE,1,TRUE,1,llama3.2-3b,spectronaut,lean,2,benchmark,4.88
PrecursorCharge,FG.Charge,FG.Charge,1,TRUE,TRUE,FALSE,1,TRUE,1,llama3.2-3b,spectronaut,lean,2,benchmark,4.88
FragmentIon,F.FrgIon,F.FrgIon,1,TRUE,TRUE,FALSE,1,TRUE,1,llama3.2-3b,spectronaut,lean,2,benchmark,4.88
ProductCharge,FG.Charge,F.Charge,2,FALSE,FALSE,FALSE,1,TRUE,1,llama3.2-3b,spectronaut,lean,2,benchmark,4.88
Run,R.FileName,R.FileName,1,TRUE,TRUE,FALSE,1,TRUE,1,llama3.2-3b,spectronaut,lean,2,benchmark,4.88
Intensity,F.PeakArea,F.PeakArea,4,TRUE,TRUE,FALSE,1,TRUE,1,llama3.2-3b,spectronaut,lean,2,benchmark,4.88
Qvalue,PG.Qvalue,EG.Qvalue,1,FALSE,FALSE,FALSE,1,TRUE,1,llama3.2-3b,spectronaut,lean,2,benchmark,4.88
ProteinName,PG.ProteinNames,PG.ProteinGroups,2,FALSE,FALSE,FALSE,1,TRUE,1,llama3.2-3b,spectronaut,lean,3,benchmark,5.48
PeptideSequence,PEP.StrippedSequence,EG.ModifiedSequence,1,FALSE,FALSE,FALSE,1,TRUE,1,llama3.2-3b,spectronaut,lean,3,benchmark,5.48
PrecursorCharge,FG.Charge,FG.Charge,1,TRUE,TRUE,FALSE,1,TRUE,1,llama3.2-3b,spectronaut,lean,3,benchmark,5.48
FragmentIon,F.FrgIon,F.FrgIon,1,TRUE,TRUE,FALSE,1,TRUE,1,llama3.2-3b,spectronaut,lean,3,benchmark,5.48
ProductCharge,FG.Charge,F.Charge,2,FALSE,FALSE,FALSE,1,TRUE,1,llama3.2-3b,spectronaut,lean,3,benchmark,5.48
Run,R.FileName,R.FileName,1,TRUE,TRUE,FALSE,1,TRUE,1,llama3.2-3b,spectronaut,lean,3,benchmark,5.48
Intensity,F.PeakArea,F.PeakArea,4,TRUE,TRUE,FALSE,1,TRUE,1,llama3.2-3b,spectronaut,lean,3,benchmark,5.48
Qvalue,PG.Qvalue,EG.Qvalue,1,FALSE,FALSE,FALSE,1,TRUE,1,llama3.2-3b,spectronaut,lean,3,benchmark,5.48
ProteinName,PG.ProteinNames,PG.ProteinGroups,2,FALSE,FALSE,TRUE,0.98,TRUE,1,llama3.2-3b,spectronaut,constrained,1,benchmark,6.74
PeptideSequence,PEP.StrippedSequence,EG.ModifiedSequence,1,FALSE,FALSE,FALSE,0.98,TRUE,1,llama3.2-3b,spectronaut,constrained,1,benchmark,6.74
PrecursorCharge,FG.Charge,FG.Charge,1,TRUE,TRUE,FALSE,0.98,TRUE,1,llama3.2-3b,spectronaut,constrained,1,benchmark,6.74
FragmentIon,F.FrgIon,F.FrgIon,1,TRUE,TRUE,FALSE,0.98,TRUE,1,llama3.2-3b,spectronaut,constrained,1,benchmark,6.74
ProductCharge,FG.Charge,F.Charge,2,FALSE,FALSE,FALSE,0.98,TRUE,1,llama3.2-3b,spectronaut,constrained,1,benchmark,6.74
Run,R.FileName,R.FileName,1,TRUE,TRUE,FALSE,0.92,TRUE,1,llama3.2-3b,spectronaut,constrained,1,benchmark,6.74
Intensity,F.NormalizedPeakArea,F.PeakArea,4,FALSE,TRUE,FALSE,0.92,TRUE,1,llama3.2-3b,spectronaut,constrained,1,benchmark,6.74
Qvalue,PG.Qvalue,EG.Qvalue,1,FALSE,FALSE,FALSE,0.98,TRUE,1,llama3.2-3b,spectronaut,constrained,1,benchmark,6.74
ProteinName,PG.ProteinNames,PG.ProteinGroups,2,FALSE,FALSE,TRUE,0.98,TRUE,1,llama3.2-3b,spectronaut,constrained,2,benchmark,8.26
PeptideSequence,PEP.StrippedSequence,EG.ModifiedSequence,1,FALSE,FALSE,FALSE,0.98,TRUE,1,llama3.2-3b,spectronaut,constrained,2,benchmark,8.26
PrecursorCharge,FG.Charge,FG.Charge,1,TRUE,TRUE,FALSE,0.98,TRUE,1,llama3.2-3b,spectronaut,constrained,2,benchmark,8.26
FragmentIon,F.FrgIon,F.FrgIon,1,TRUE,TRUE,FALSE,0.98,TRUE,1,llama3.2-3b,spectronaut,constrained,2,benchmark,8.26
ProductCharge,FG.Charge,F.Charge,2,FALSE,FALSE,FALSE,0.98,TRUE,1,llama3.2-3b,spectronaut,constrained,2,benchmark,8.26
Run,R.FileName,R.FileName,1,TRUE,TRUE,FALSE,0.92,TRUE,1,llama3.2-3b,spectronaut,constrained,2,benchmark,8.26
Intensity,F.NormalizedPeakArea,F.PeakArea,4,FALSE,TRUE,FALSE,0.92,TRUE,1,llama3.2-3b,spectronaut,constrained,2,benchmark,8.26
Qvalue,PG.Qvalue,EG.Qvalue,1,FALSE,FALSE,FALSE,0.98,TRUE,1,llama3.2-3b,spectronaut,constrained,2,benchmark,8.26
ProteinName,PG.ProteinNames,PG.ProteinGroups,2,FALSE,FALSE,TRUE,0.98,TRUE,1,llama3.2-3b,spectronaut,constrained,3,benchmark,8.82
PeptideSequence,PEP.StrippedSequence,EG.ModifiedSequence,1,FALSE,FALSE,FALSE,0.98,TRUE,1,llama3.2-3b,spectronaut,constrained,3,benchmark,8.82
PrecursorCharge,FG.Charge,FG.Charge,1,TRUE,TRUE,FALSE,0.98,TRUE,1,llama3.2-3b,spectronaut,constrained,3,benchmark,8.82
FragmentIon,F.FrgIon,F.FrgIon,1,TRUE,TRUE,FALSE,0.98,TRUE,1,llama3.2-3b,spectronaut,constrained,3,benchmark,8.82
ProductCharge,FG.Charge,F.Charge,2,FALSE,FALSE,FALSE,0.98,TRUE,1,llama3.2-3b,spectronaut,constrained,3,benchmark,8.82
Run,R.FileName,R.FileName,1,TRUE,TRUE,FALSE,0.92,TRUE,1,llama3.2-3b,spectronaut,constrained,3,benchmark,8.82
Intensity,F.NormalizedPeakArea,F.PeakArea,4,FALSE,TRUE,FALSE,0.92,TRUE,1,llama3.2-3b,spectronaut,constrained,3,benchmark,8.82
Qvalue,PG.Qvalue,EG.Qvalue,1,FALSE,FALSE,FALSE,0.98,TRUE,1,llama3.2-3b,spectronaut,constrained,3,benchmark,8.82
ProteinName,PG.ProteinNames,PG.ProteinGroups,2,FALSE,FALSE,FALSE,1,TRUE,1,llama3.2-3b,spectronaut,filter_aware,1,benchmark,9.87
PeptideSequence,PEP.StrippedSequence,EG.ModifiedSequence,1,FALSE,FALSE,FALSE,1,TRUE,1,llama3.2-3b,spectronaut,filter_aware,1,benchmark,9.87
PrecursorCharge,FG.Charge,FG.Charge,1,TRUE,TRUE,FALSE,1,TRUE,1,llama3.2-3b,spectronaut,filter_aware,1,benchmark,9.87
FragmentIon,F.FrgIon,F.FrgIon,1,TRUE,TRUE,FALSE,1,TRUE,1,llama3.2-3b,spectronaut,filter_aware,1,benchmark,9.87
ProductCharge,FG.Charge,F.Charge,2,FALSE,FALSE,FALSE,1,TRUE,1,llama3.2-3b,spectronaut,filter_aware,1,benchmark,9.87
Run,R.FileName,R.FileName,1,TRUE,TRUE,FALSE,1,TRUE,1,llama3.2-3b,spectronaut,filter_aware,1,benchmark,9.87
Intensity,F.PeakArea,F.PeakArea,4,TRUE,TRUE,FALSE,1,TRUE,1,llama3.2-3b,spectronaut,filter_aware,1,benchmark,9.87
Qvalue,PG.Qvalue,EG.Qvalue,1,FALSE,FALSE,FALSE,1,TRUE,1,llama3.2-3b,spectronaut,filter_aware,1,benchmark,9.87
ProteinName,PG.ProteinNames,PG.ProteinGroups,2,FALSE,FALSE,FALSE,1,TRUE,1,llama3.2-3b,spectronaut,filter_aware,2,benchmark,9.75
PeptideSequence,PEP.StrippedSequence,EG.ModifiedSequence,1,FALSE,FALSE,FALSE,1,TRUE,1,llama3.2-3b,spectronaut,filter_aware,2,benchmark,9.75
PrecursorCharge,FG.Charge,FG.Charge,1,TRUE,TRUE,FALSE,1,TRUE,1,llama3.2-3b,spectronaut,filter_aware,2,benchmark,9.75
FragmentIon,F.FrgIon,F.FrgIon,1,TRUE,TRUE,FALSE,1,TRUE,1,llama3.2-3b,spectronaut,filter_aware,2,benchmark,9.75
ProductCharge,FG.Charge,F.Charge,2,FALSE,FALSE,FALSE,1,TRUE,1,llama3.2-3b,spectronaut,filter_aware,2,benchmark,9.75
Run,R.FileName,R.FileName,1,TRUE,TRUE,FALSE,1,TRUE,1,llama3.2-3b,spectronaut,filter_aware,2,benchmark,9.75
Intensity,F.PeakArea,F.PeakArea,4,TRUE,TRUE,FALSE,1,TRUE,1,llama3.2-3b,spectronaut,filter_aware,2,benchmark,9.75
Qvalue,PG.Qvalue,EG.Qvalue,1,FALSE,FALSE,FALSE,1,TRUE,1,llama3.2-3b,spectronaut,filter_aware,2,benchmark,9.75
ProteinName,PG.ProteinNames,PG.ProteinGroups,2,FALSE,FALSE,FALSE,1,TRUE,1,llama3.2-3b,spectronaut,filter_aware,3,benchmark,9.9
PeptideSequence,PEP.StrippedSequence,EG.ModifiedSequence,1,FALSE,FALSE,FALSE,1,TRUE,1,llama3.2-3b,spectronaut,filter_aware,3,benchmark,9.9
PrecursorCharge,FG.Charge,FG.Charge,1,TRUE,TRUE,FALSE,1,TRUE,1,llama3.2-3b,spectronaut,filter_aware,3,benchmark,9.9
FragmentIon,F.FrgIon,F.FrgIon,1,TRUE,TRUE,FALSE,1,TRUE,1,llama3.2-3b,spectronaut,filter_aware,3,benchmark,9.9
ProductCharge,FG.Charge,F.Charge,2,FALSE,FALSE,FALSE,1,TRUE,1,llama3.2-3b,spectronaut,filter_aware,3,benchmark,9.9
Run,R.FileName,R.FileName,1,TRUE,TRUE,FALSE,1,TRUE,1,llama3.2-3b,spectronaut,filter_aware,3,benchmark,9.9
Intensity,F.PeakArea,F.PeakArea,4,TRUE,TRUE,FALSE,1,TRUE,1,llama3.2-3b,spectronaut,filter_aware,3,benchmark,9.9
Qvalue,PG.Qvalue,EG.Qvalue,1,FALSE,FALSE,FALSE,1,TRUE,1,llama3.2-3b,spectronaut,filter_aware,3,benchmark,9.9
ProteinName,PG.ProteinNames,PG.ProteinGroups,2,FALSE,FALSE,TRUE,0.98,TRUE,1,llama3.2-3b,spectronaut,constrained_filter,1,benchmark,14.49
PeptideSequence,PEP.StrippedSequence,EG.ModifiedSequence,1,FALSE,FALSE,FALSE,0.98,TRUE,1,llama3.2-3b,spectronaut,constrained_filter,1,benchmark,14.49
PrecursorCharge,FG.Charge,FG.Charge,1,TRUE,TRUE,FALSE,0.98,TRUE,1,llama3.2-3b,spectronaut,constrained_filter,1,benchmark,14.49
FragmentIon,F.FrgIon,F.FrgIon,1,TRUE,TRUE,FALSE,0.92,TRUE,1,llama3.2-3b,spectronaut,constrained_filter,1,benchmark,14.49
ProductCharge,FG.Charge,F.Charge,2,FALSE,FALSE,FALSE,0.92,TRUE,1,llama3.2-3b,spectronaut,constrained_filter,1,benchmark,14.49
Run,R.FileName,R.FileName,1,TRUE,TRUE,FALSE,0.98,TRUE,1,llama3.2-3b,spectronaut,constrained_filter,1,benchmark,14.49
Intensity,F.NormalizedPeakArea,F.PeakArea,4,FALSE,TRUE,FALSE,0.92,TRUE,1,llama3.2-3b,spectronaut,constrained_filter,1,benchmark,14.49
Qvalue,PG.Qvalue,EG.Qvalue,1,FALSE,FALSE,FALSE,0.98,TRUE,1,llama3.2-3b,spectronaut,constrained_filter,1,benchmark,14.49
ProteinName,PG.ProteinNames,PG.ProteinGroups,2,FALSE,FALSE,TRUE,0.98,TRUE,1,llama3.2-3b,spectronaut,constrained_filter,2,benchmark,14.12
PeptideSequence,PEP.StrippedSequence,EG.ModifiedSequence,1,FALSE,FALSE,FALSE,0.98,TRUE,1,llama3.2-3b,spectronaut,constrained_filter,2,benchmark,14.12
PrecursorCharge,FG.Charge,FG.Charge,1,TRUE,TRUE,FALSE,0.98,TRUE,1,llama3.2-3b,spectronaut,constrained_filter,2,benchmark,14.12
FragmentIon,F.FrgIon,F.FrgIon,1,TRUE,TRUE,FALSE,0.92,TRUE,1,llama3.2-3b,spectronaut,constrained_filter,2,benchmark,14.12
ProductCharge,FG.Charge,F.Charge,2,FALSE,FALSE,FALSE,0.92,TRUE,1,llama3.2-3b,spectronaut,constrained_filter,2,benchmark,14.12
Run,R.FileName,R.FileName,1,TRUE,TRUE,FALSE,0.98,TRUE,1,llama3.2-3b,spectronaut,constrained_filter,2,benchmark,14.12
Intensity,F.NormalizedPeakArea,F.PeakArea,4,FALSE,TRUE,FALSE,0.92,TRUE,1,llama3.2-3b,spectronaut,constrained_filter,2,benchmark,14.12
Qvalue,PG.Qvalue,EG.Qvalue,1,FALSE,FALSE,FALSE,0.98,TRUE,1,llama3.2-3b,spectronaut,constrained_filter,2,benchmark,14.12
ProteinName,PG.ProteinNames,PG.ProteinGroups,2,FALSE,FALSE,TRUE,0.98,TRUE,1,llama3.2-3b,spectronaut,constrained_filter,3,benchmark,14.09
PeptideSequence,PEP.StrippedSequence,EG.ModifiedSequence,1,FALSE,FALSE,FALSE,0.98,TRUE,1,llama3.2-3b,spectronaut,constrained_filter,3,benchmark,14.09
PrecursorCharge,FG.Charge,FG.Charge,1,TRUE,TRUE,FALSE,0.98,TRUE,1,llama3.2-3b,spectronaut,constrained_filter,3,benchmark,14.09
FragmentIon,F.FrgIon,F.FrgIon,1,TRUE,TRUE,FALSE,0.92,TRUE,1,llama3.2-3b,spectronaut,constrained_filter,3,benchmark,14.09
ProductCharge,FG.Charge,F.Charge,2,FALSE,FALSE,FALSE,0.92,TRUE,1,llama3.2-3b,spectronaut,constrained_filter,3,benchmark,14.09
Run,R.FileName,R.FileName,1,TRUE,TRUE,FALSE,0.98,TRUE,1,llama3.2-3b,spectronaut,constrained_filter,3,benchmark,14.09
Intensity,F.NormalizedPeakArea,F.PeakArea,4,FALSE,TRUE,FALSE,0.92,TRUE,1,llama3.2-3b,spectronaut,constrained_filter,3,benchmark,14.09
Qvalue,PG.Qvalue,EG.Qvalue,1,FALSE,FALSE,FALSE,0.98,TRUE,1,llama3.2-3b,spectronaut,constrained_filter,3,benchmark,14.09
ProteinName,PG.ProteinNames,PG.ProteinGroups,2,FALSE,FALSE,FALSE,0.98,TRUE,1,llama3.2-3b,spectronaut,constrained_v2,1,benchmark,5.13
PeptideSequence,EG.ModifiedSequence,EG.ModifiedSequence,1,TRUE,TRUE,FALSE,0.98,TRUE,1,llama3.2-3b,spectronaut,constrained_v2,1,benchmark,5.13
PrecursorCharge,FG.Charge,FG.Charge,1,TRUE,TRUE,FALSE,0.98,TRUE,1,llama3.2-3b,spectronaut,constrained_v2,1,benchmark,5.13
FragmentIon,F.FrgIon,F.FrgIon,1,TRUE,TRUE,FALSE,0.92,TRUE,1,llama3.2-3b,spectronaut,constrained_v2,1,benchmark,5.13
ProductCharge,FG.Charge,F.Charge,2,FALSE,FALSE,FALSE,0.92,TRUE,1,llama3.2-3b,spectronaut,constrained_v2,1,benchmark,5.13
Run,R.FileName,R.FileName,1,TRUE,TRUE,FALSE,0.92,TRUE,1,llama3.2-3b,spectronaut,constrained_v2,1,benchmark,5.13
Intensity,F.NormalizedPeakArea,F.PeakArea,4,FALSE,TRUE,FALSE,0.92,TRUE,1,llama3.2-3b,spectronaut,constrained_v2,1,benchmark,5.13
Qvalue,PG.Qvalue,EG.Qvalue,1,FALSE,FALSE,FALSE,0.8,TRUE,1,llama3.2-3b,spectronaut,constrained_v2,1,benchmark,5.13
ProteinName,PG.ProteinNames,PG.ProteinGroups,2,FALSE,FALSE,FALSE,0.98,TRUE,1,llama3.2-3b,spectronaut,constrained_v2,2,benchmark,4.6
PeptideSequence,EG.ModifiedSequence,EG.ModifiedSequence,1,TRUE,TRUE,FALSE,0.98,TRUE,1,llama3.2-3b,spectronaut,constrained_v2,2,benchmark,4.6
PrecursorCharge,FG.Charge,FG.Charge,1,TRUE,TRUE,FALSE,0.98,TRUE,1,llama3.2-3b,spectronaut,constrained_v2,2,benchmark,4.6
FragmentIon,F.FrgIon,F.FrgIon,1,TRUE,TRUE,FALSE,0.92,TRUE,1,llama3.2-3b,spectronaut,constrained_v2,2,benchmark,4.6
ProductCharge,FG.Charge,F.Charge,2,FALSE,FALSE,FALSE,0.92,TRUE,1,llama3.2-3b,spectronaut,constrained_v2,2,benchmark,4.6
Run,R.FileName,R.FileName,1,TRUE,TRUE,FALSE,0.92,TRUE,1,llama3.2-3b,spectronaut,constrained_v2,2,benchmark,4.6
Intensity,F.NormalizedPeakArea,F.PeakArea,4,FALSE,TRUE,FALSE,0.92,TRUE,1,llama3.2-3b,spectronaut,constrained_v2,2,benchmark,4.6
Qvalue,PG.Qvalue,EG.Qvalue,1,FALSE,FALSE,FALSE,0.8,TRUE,1,llama3.2-3b,spectronaut,constrained_v2,2,benchmark,4.6
ProteinName,PG.ProteinNames,PG.ProteinGroups,2,FALSE,FALSE,FALSE,0.98,TRUE,1,llama3.2-3b,spectronaut,constrained_v2,3,benchmark,5.19
PeptideSequence,EG.ModifiedSequence,EG.ModifiedSequence,1,TRUE,TRUE,FALSE,0.98,TRUE,1,llama3.2-3b,spectronaut,constrained_v2,3,benchmark,5.19
PrecursorCharge,FG.Charge,FG.Charge,1,TRUE,TRUE,FALSE,0.98,TRUE,1,llama3.2-3b,spectronaut,constrained_v2,3,benchmark,5.19
FragmentIon,F.FrgIon,F.FrgIon,1,TRUE,TRUE,FALSE,0.92,TRUE,1,llama3.2-3b,spectronaut,constrained_v2,3,benchmark,5.19
ProductCharge,FG.Charge,F.Charge,2,FALSE,FALSE,FALSE,0.92,TRUE,1,llama3.2-3b,spectronaut,constrained_v2,3,benchmark,5.19
Run,R.FileName,R.FileName,1,TRUE,TRUE,FALSE,0.92,TRUE,1,llama3.2-3b,spectronaut,constrained_v2,3,benchmark,5.19
Intensity,F.NormalizedPeakArea,F.PeakArea,4,FALSE,TRUE,FALSE,0.92,TRUE,1,llama3.2-3b,spectronaut,constrained_v2,3,benchmark,5.19
Qvalue,PG.Qvalue,EG.Qvalue,1,FALSE,FALSE,FALSE,0.8,TRUE,1,llama3.2-3b,spectronaut,constrained_v2,3,benchmark,5.19
ProteinName,PG.ProteinNames,PG.ProteinGroups,2,FALSE,FALSE,TRUE,0.98,TRUE,1,llama3.2-3b,spectronaut,constrained_filter_v2,1,benchmark,7.44
PeptideSequence,EG.ModifiedSequence,EG.ModifiedSequence,1,TRUE,TRUE,FALSE,0.98,TRUE,1,llama3.2-3b,spectronaut,constrained_filter_v2,1,benchmark,7.44
PrecursorCharge,FG.Charge,FG.Charge,1,TRUE,TRUE,FALSE,0.98,TRUE,1,llama3.2-3b,spectronaut,constrained_filter_v2,1,benchmark,7.44
FragmentIon,F.FrgIon,F.FrgIon,1,TRUE,TRUE,FALSE,0.98,TRUE,1,llama3.2-3b,spectronaut,constrained_filter_v2,1,benchmark,7.44
ProductCharge,FG.Charge,F.Charge,2,FALSE,FALSE,FALSE,0.98,TRUE,1,llama3.2-3b,spectronaut,constrained_filter_v2,1,benchmark,7.44
Run,R.FileName,R.FileName,1,TRUE,TRUE,FALSE,0.98,TRUE,1,llama3.2-3b,spectronaut,constrained_filter_v2,1,benchmark,7.44
Intensity,F.NormalizedPeakArea,F.PeakArea,4,FALSE,TRUE,FALSE,0.98,TRUE,1,llama3.2-3b,spectronaut,constrained_filter_v2,1,benchmark,7.44
Qvalue,PG.Qvalue,EG.Qvalue,1,FALSE,FALSE,FALSE,0.98,TRUE,1,llama3.2-3b,spectronaut,constrained_filter_v2,1,benchmark,7.44
ProteinName,PG.ProteinNames,PG.ProteinGroups,2,FALSE,FALSE,TRUE,0.98,TRUE,1,llama3.2-3b,spectronaut,constrained_filter_v2,2,benchmark,8.1
PeptideSequence,EG.ModifiedSequence,EG.ModifiedSequence,1,TRUE,TRUE,FALSE,0.98,TRUE,1,llama3.2-3b,spectronaut,constrained_filter_v2,2,benchmark,8.1
PrecursorCharge,FG.Charge,FG.Charge,1,TRUE,TRUE,FALSE,0.98,TRUE,1,llama3.2-3b,spectronaut,constrained_filter_v2,2,benchmark,8.1
FragmentIon,F.FrgIon,F.FrgIon,1,TRUE,TRUE,FALSE,0.98,TRUE,1,llama3.2-3b,spectronaut,constrained_filter_v2,2,benchmark,8.1
ProductCharge,FG.Charge,F.Charge,2,FALSE,FALSE,FALSE,0.98,TRUE,1,llama3.2-3b,spectronaut,constrained_filter_v2,2,benchmark,8.1
Run,R.FileName,R.FileName,1,TRUE,TRUE,FALSE,0.98,TRUE,1,llama3.2-3b,spectronaut,constrained_filter_v2,2,benchmark,8.1
Intensity,F.NormalizedPeakArea,F.PeakArea,4,FALSE,TRUE,FALSE,0.98,TRUE,1,llama3.2-3b,spectronaut,constrained_filter_v2,2,benchmark,8.1
Qvalue,PG.Qvalue,EG.Qvalue,1,FALSE,FALSE,FALSE,0.98,TRUE,1,llama3.2-3b,spectronaut,constrained_filter_v2,2,benchmark,8.1
ProteinName,PG.ProteinNames,PG.ProteinGroups,2,FALSE,FALSE,TRUE,0.98,TRUE,1,llama3.2-3b,spectronaut,constrained_filter_v2,3,benchmark,7.91
PeptideSequence,EG.ModifiedSequence,EG.ModifiedSequence,1,TRUE,TRUE,FALSE,0.98,TRUE,1,llama3.2-3b,spectronaut,constrained_filter_v2,3,benchmark,7.91
PrecursorCharge,FG.Charge,FG.Charge,1,TRUE,TRUE,FALSE,0.98,TRUE,1,llama3.2-3b,spectronaut,constrained_filter_v2,3,benchmark,7.91
FragmentIon,F.FrgIon,F.FrgIon,1,TRUE,TRUE,FALSE,0.98,TRUE,1,llama3.2-3b,spectronaut,constrained_filter_v2,3,benchmark,7.91
ProductCharge,FG.Charge,F.Charge,2,FALSE,FALSE,FALSE,0.98,TRUE,1,llama3.2-3b,spectronaut,constrained_filter_v2,3,benchmark,7.91
Run,R.FileName,R.FileName,1,TRUE,TRUE,FALSE,0.98,TRUE,1,llama3.2-3b,spectronaut,constrained_filter_v2,3,benchmark,7.91
Intensity,F.NormalizedPeakArea,F.PeakArea,4,FALSE,TRUE,FALSE,0.98,TRUE,1,llama3.2-3b,spectronaut,constrained_filter_v2,3,benchmark,7.91
Qvalue,PG.Qvalue,EG.Qvalue,1,FALSE,FALSE,FALSE,0.98,TRUE,1,llama3.2-3b,spectronaut,constrained_filter_v2,3,benchmark,7.91
ProteinName,PG.ProteinNames,PG.ProteinGroups,2,FALSE,FALSE,FALSE,0.98,TRUE,1,llama3.2-3b,spectronaut,constrained_v3,1,benchmark,5.12
PeptideSequence,EG.ModifiedSequence,EG.ModifiedSequence,1,TRUE,TRUE,FALSE,0.98,TRUE,1,llama3.2-3b,spectronaut,constrained_v3,1,benchmark,5.12
PrecursorCharge,FG.Charge,FG.Charge,1,TRUE,TRUE,FALSE,0.98,TRUE,1,llama3.2-3b,spectronaut,constrained_v3,1,benchmark,5.12
FragmentIon,F.FrgIon,F.FrgIon,1,TRUE,TRUE,FALSE,0.92,TRUE,1,llama3.2-3b,spectronaut,constrained_v3,1,benchmark,5.12
ProductCharge,FG.Charge,F.Charge,2,FALSE,FALSE,FALSE,0.92,TRUE,1,llama3.2-3b,spectronaut,constrained_v3,1,benchmark,5.12
Run,R.FileName,R.FileName,1,TRUE,TRUE,FALSE,0.92,TRUE,1,llama3.2-3b,spectronaut,constrained_v3,1,benchmark,5.12
Intensity,F.NormalizedPeakArea,F.PeakArea,4,FALSE,TRUE,FALSE,0.92,TRUE,1,llama3.2-3b,spectronaut,constrained_v3,1,benchmark,5.12
Qvalue,PG.Qvalue,EG.Qvalue,1,FALSE,FALSE,FALSE,0.8,TRUE,1,llama3.2-3b,spectronaut,constrained_v3,1,benchmark,5.12
ProteinName,PG.ProteinNames,PG.ProteinGroups,2,FALSE,FALSE,FALSE,0.98,TRUE,1,llama3.2-3b,spectronaut,constrained_v3,2,benchmark,5.3
PeptideSequence,EG.ModifiedSequence,EG.ModifiedSequence,1,TRUE,TRUE,FALSE,0.98,TRUE,1,llama3.2-3b,spectronaut,constrained_v3,2,benchmark,5.3
PrecursorCharge,FG.Charge,FG.Charge,1,TRUE,TRUE,FALSE,0.98,TRUE,1,llama3.2-3b,spectronaut,constrained_v3,2,benchmark,5.3
FragmentIon,F.FrgIon,F.FrgIon,1,TRUE,TRUE,FALSE,0.92,TRUE,1,llama3.2-3b,spectronaut,constrained_v3,2,benchmark,5.3
ProductCharge,FG.Charge,F.Charge,2,FALSE,FALSE,FALSE,0.92,TRUE,1,llama3.2-3b,spectronaut,constrained_v3,2,benchmark,5.3
Run,R.FileName,R.FileName,1,TRUE,TRUE,FALSE,0.92,TRUE,1,llama3.2-3b,spectronaut,constrained_v3,2,benchmark,5.3
Intensity,F.NormalizedPeakArea,F.PeakArea,4,FALSE,TRUE,FALSE,0.92,TRUE,1,llama3.2-3b,spectronaut,constrained_v3,2,benchmark,5.3
Qvalue,PG.Qvalue,EG.Qvalue,1,FALSE,FALSE,FALSE,0.8,TRUE,1,llama3.2-3b,spectronaut,constrained_v3,2,benchmark,5.3
ProteinName,PG.ProteinNames,PG.ProteinGroups,2,FALSE,FALSE,FALSE,0.98,TRUE,1,llama3.2-3b,spectronaut,constrained_v3,3,benchmark,5.07
PeptideSequence,EG.ModifiedSequence,EG.ModifiedSequence,1,TRUE,TRUE,FALSE,0.98,TRUE,1,llama3.2-3b,spectronaut,constrained_v3,3,benchmark,5.07
PrecursorCharge,FG.Charge,FG.Charge,1,TRUE,TRUE,FALSE,0.98,TRUE,1,llama3.2-3b,spectronaut,constrained_v3,3,benchmark,5.07
FragmentIon,F.FrgIon,F.FrgIon,1,TRUE,TRUE,FALSE,0.92,TRUE,1,llama3.2-3b,spectronaut,constrained_v3,3,benchmark,5.07
ProductCharge,FG.Charge,F.Charge,2,FALSE,FALSE,FALSE,0.92,TRUE,1,llama3.2-3b,spectronaut,constrained_v3,3,benchmark,5.07
Run,R.FileName,R.FileName,1,TRUE,TRUE,FALSE,0.92,TRUE,1,llama3.2-3b,spectronaut,constrained_v3,3,benchmark,5.07
Intensity,F.NormalizedPeakArea,F.PeakArea,4,FALSE,TRUE,FALSE,0.92,TRUE,1,llama3.2-3b,spectronaut,constrained_v3,3,benchmark,5.07
Qvalue,PG.Qvalue,EG.Qvalue,1,FALSE,FALSE,FALSE,0.8,TRUE,1,llama3.2-3b,spectronaut,constrained_v3,3,benchmark,5.07
ProteinName,PG.ProteinNames,PG.ProteinGroups,2,FALSE,FALSE,TRUE,0.98,TRUE,1,llama3.2-3b,spectronaut,constrained_filter_v3,1,benchmark,8.33
PeptideSequence,PEP.StrippedSequence,EG.ModifiedSequence,1,FALSE,FALSE,TRUE,0.98,TRUE,1,llama3.2-3b,spectronaut,constrained_filter_v3,1,benchmark,8.33
PrecursorCharge,FG.Charge,FG.Charge,1,TRUE,TRUE,FALSE,0.98,TRUE,1,llama3.2-3b,spectronaut,constrained_filter_v3,1,benchmark,8.33
FragmentIon,F.FrgIon,F.FrgIon,1,TRUE,TRUE,FALSE,0.98,TRUE,1,llama3.2-3b,spectronaut,constrained_filter_v3,1,benchmark,8.33
ProductCharge,FG.Charge,F.Charge,2,FALSE,FALSE,FALSE,0.98,TRUE,1,llama3.2-3b,spectronaut,constrained_filter_v3,1,benchmark,8.33
Run,R.FileName,R.FileName,1,TRUE,TRUE,FALSE,0.92,TRUE,1,llama3.2-3b,spectronaut,constrained_filter_v3,1,benchmark,8.33
Intensity,F.NormalizedPeakArea,F.PeakArea,4,FALSE,TRUE,FALSE,0.92,TRUE,1,llama3.2-3b,spectronaut,constrained_filter_v3,1,benchmark,8.33
Qvalue,PG.Qvalue,EG.Qvalue,1,FALSE,FALSE,TRUE,0.98,TRUE,1,llama3.2-3b,spectronaut,constrained_filter_v3,1,benchmark,8.33
ProteinName,PG.ProteinNames,PG.ProteinGroups,2,FALSE,FALSE,TRUE,0.98,TRUE,1,llama3.2-3b,spectronaut,constrained_filter_v3,2,benchmark,8.62
PeptideSequence,PEP.StrippedSequence,EG.ModifiedSequence,1,FALSE,FALSE,TRUE,0.98,TRUE,1,llama3.2-3b,spectronaut,constrained_filter_v3,2,benchmark,8.62
PrecursorCharge,FG.Charge,FG.Charge,1,TRUE,TRUE,FALSE,0.98,TRUE,1,llama3.2-3b,spectronaut,constrained_filter_v3,2,benchmark,8.62
FragmentIon,F.FrgIon,F.FrgIon,1,TRUE,TRUE,FALSE,0.98,TRUE,1,llama3.2-3b,spectronaut,constrained_filter_v3,2,benchmark,8.62
ProductCharge,FG.Charge,F.Charge,2,FALSE,FALSE,FALSE,0.98,TRUE,1,llama3.2-3b,spectronaut,constrained_filter_v3,2,benchmark,8.62
Run,R.FileName,R.FileName,1,TRUE,TRUE,FALSE,0.92,TRUE,1,llama3.2-3b,spectronaut,constrained_filter_v3,2,benchmark,8.62
Intensity,F.NormalizedPeakArea,F.PeakArea,4,FALSE,TRUE,FALSE,0.92,TRUE,1,llama3.2-3b,spectronaut,constrained_filter_v3,2,benchmark,8.62
Qvalue,PG.Qvalue,EG.Qvalue,1,FALSE,FALSE,TRUE,0.98,TRUE,1,llama3.2-3b,spectronaut,constrained_filter_v3,2,benchmark,8.62
ProteinName,PG.ProteinNames,PG.ProteinGroups,2,FALSE,FALSE,TRUE,0.98,TRUE,1,llama3.2-3b,spectronaut,constrained_filter_v3,3,benchmark,9.09
PeptideSequence,PEP.StrippedSequence,EG.ModifiedSequence,1,FALSE,FALSE,TRUE,0.98,TRUE,1,llama3.2-3b,spectronaut,constrained_filter_v3,3,benchmark,9.09
PrecursorCharge,FG.Charge,FG.Charge,1,TRUE,TRUE,FALSE,0.98,TRUE,1,llama3.2-3b,spectronaut,constrained_filter_v3,3,benchmark,9.09
FragmentIon,F.FrgIon,F.FrgIon,1,TRUE,TRUE,FALSE,0.98,TRUE,1,llama3.2-3b,spectronaut,constrained_filter_v3,3,benchmark,9.09
ProductCharge,FG.Charge,F.Charge,2,FALSE,FALSE,FALSE,0.98,TRUE,1,llama3.2-3b,spectronaut,constrained_filter_v3,3,benchmark,9.09
Run,R.FileName,R.FileName,1,TRUE,TRUE,FALSE,0.92,TRUE,1,llama3.2-3b,spectronaut,constrained_filter_v3,3,benchmark,9.09
Intensity,F.NormalizedPeakArea,F.PeakArea,4,FALSE,TRUE,FALSE,0.92,TRUE,1,llama3.2-3b,spectronaut,constrained_filter_v3,3,benchmark,9.09
Qvalue,PG.Qvalue,EG.Qvalue,1,FALSE,FALSE,TRUE,0.98,TRUE,1,llama3.2-3b,spectronaut,constrained_filter_v3,3,benchmark,9.09
ProteinName,Protein.Group.Accessions,Protein.Group.Accessions,1,TRUE,TRUE,FALSE,1,TRUE,1,llama3.2-3b,proteome_discoverer,lean,1,benchmark,5.76
PeptideSequence,Sequence,Sequence,1,TRUE,TRUE,FALSE,1,TRUE,1,llama3.2-3b,proteome_discoverer,lean,1,benchmark,5.76
PrecursorCharge,Charge,Charge,1,TRUE,TRUE,FALSE,1,TRUE,1,llama3.2-3b,proteome_discoverer,lean,1,benchmark,5.76
FragmentIon,,,0,TRUE,TRUE,FALSE,,FALSE,0,llama3.2-3b,proteome_discoverer,lean,1,benchmark,5.76
ProductCharge,,,0,TRUE,TRUE,FALSE,,FALSE,0,llama3.2-3b,proteome_discoverer,lean,1,benchmark,5.76
Run,Spectrum.File,Spectrum.File,1,TRUE,TRUE,FALSE,1,TRUE,1,llama3.2-3b,proteome_discoverer,lean,1,benchmark,5.76
Intensity,Intensity,Precursor.Area,3,FALSE,TRUE,FALSE,1,TRUE,1,llama3.2-3b,proteome_discoverer,lean,1,benchmark,5.76
Qvalue,,,0,TRUE,TRUE,FALSE,1,TRUE,1,llama3.2-3b,proteome_discoverer,lean,1,benchmark,5.76
ProteinName,Protein.Group.Accessions,Protein.Group.Accessions,1,TRUE,TRUE,FALSE,1,TRUE,1,llama3.2-3b,proteome_discoverer,lean,2,benchmark,4.94
PeptideSequence,Sequence,Sequence,1,TRUE,TRUE,FALSE,1,TRUE,1,llama3.2-3b,proteome_discoverer,lean,2,benchmark,4.94
PrecursorCharge,Charge,Charge,1,TRUE,TRUE,FALSE,1,TRUE,1,llama3.2-3b,proteome_discoverer,lean,2,benchmark,4.94
FragmentIon,,,0,TRUE,TRUE,FALSE,,FALSE,0,llama3.2-3b,proteome_discoverer,lean,2,benchmark,4.94
ProductCharge,,,0,TRUE,TRUE,FALSE,,FALSE,0,llama3.2-3b,proteome_discoverer,lean,2,benchmark,4.94
Run,Spectrum.File,Spectrum.File,1,TRUE,TRUE,FALSE,1,TRUE,1,llama3.2-3b,proteome_discoverer,lean,2,benchmark,4.94
Intensity,Intensity,Precursor.Area,3,FALSE,TRUE,FALSE,1,TRUE,1,llama3.2-3b,proteome_discoverer,lean,2,benchmark,4.94
Qvalue,,,0,TRUE,TRUE,FALSE,1,TRUE,1,llama3.2-3b,proteome_discoverer,lean,2,benchmark,4.94
ProteinName,Protein.Group.Accessions,Protein.Group.Accessions,1,TRUE,TRUE,FALSE,1,TRUE,1,llama3.2-3b,proteome_discoverer,lean,3,benchmark,4.41
PeptideSequence,Sequence,Sequence,1,TRUE,TRUE,FALSE,1,TRUE,1,llama3.2-3b,proteome_discoverer,lean,3,benchmark,4.41
PrecursorCharge,Charge,Charge,1,TRUE,TRUE,FALSE,1,TRUE,1,llama3.2-3b,proteome_discoverer,lean,3,benchmark,4.41
FragmentIon,,,0,TRUE,TRUE,FALSE,,FALSE,0,llama3.2-3b,proteome_discoverer,lean,3,benchmark,4.41
ProductCharge,,,0,TRUE,TRUE,FALSE,,FALSE,0,llama3.2-3b,proteome_discoverer,lean,3,benchmark,4.41
Run,Spectrum.File,Spectrum.File,1,TRUE,TRUE,FALSE,1,TRUE,1,llama3.2-3b,proteome_discoverer,lean,3,benchmark,4.41
Intensity,Intensity,Precursor.Area,3,FALSE,TRUE,FALSE,1,TRUE,1,llama3.2-3b,proteome_discoverer,lean,3,benchmark,4.41
Qvalue,,,0,TRUE,TRUE,FALSE,1,TRUE,1,llama3.2-3b,proteome_discoverer,lean,3,benchmark,4.41
ProteinName,Protein.Descriptions,Protein.Group.Accessions,1,FALSE,FALSE,FALSE,0.98,TRUE,1,llama3.2-3b,proteome_discoverer,constrained,1,benchmark,4.18
PeptideSequence,Sequence,Sequence,1,TRUE,TRUE,FALSE,0.92,TRUE,1,llama3.2-3b,proteome_discoverer,constrained,1,benchmark,4.18
PrecursorCharge,Charge,Charge,1,TRUE,TRUE,FALSE,0.98,TRUE,1,llama3.2-3b,proteome_discoverer,constrained,1,benchmark,4.18
FragmentIon,,,0,TRUE,TRUE,FALSE,,FALSE,0,llama3.2-3b,proteome_discoverer,constrained,1,benchmark,4.18
ProductCharge,,,0,TRUE,TRUE,FALSE,,FALSE,0,llama3.2-3b,proteome_discoverer,constrained,1,benchmark,4.18
Run,Spectrum.File,Spectrum.File,1,TRUE,TRUE,FALSE,0.92,TRUE,1,llama3.2-3b,proteome_discoverer,constrained,1,benchmark,4.18
Intensity,Intensity,Precursor.Area,3,FALSE,TRUE,FALSE,0.92,TRUE,1,llama3.2-3b,proteome_discoverer,constrained,1,benchmark,4.18
Qvalue,DeltaScore,,0,FALSE,FALSE,FALSE,0.8,TRUE,1,llama3.2-3b,proteome_discoverer,constrained,1,benchmark,4.18
ProteinName,Protein.Descriptions,Protein.Group.Accessions,1,FALSE,FALSE,FALSE,0.98,TRUE,1,llama3.2-3b,proteome_discoverer,constrained,2,benchmark,3.99
PeptideSequence,Sequence,Sequence,1,TRUE,TRUE,FALSE,0.92,TRUE,1,llama3.2-3b,proteome_discoverer,constrained,2,benchmark,3.99
PrecursorCharge,Charge,Charge,1,TRUE,TRUE,FALSE,0.98,TRUE,1,llama3.2-3b,proteome_discoverer,constrained,2,benchmark,3.99
FragmentIon,,,0,TRUE,TRUE,FALSE,,FALSE,0,llama3.2-3b,proteome_discoverer,constrained,2,benchmark,3.99
ProductCharge,,,0,TRUE,TRUE,FALSE,,FALSE,0,llama3.2-3b,proteome_discoverer,constrained,2,benchmark,3.99
Run,Spectrum.File,Spectrum.File,1,TRUE,TRUE,FALSE,0.92,TRUE,1,llama3.2-3b,proteome_discoverer,constrained,2,benchmark,3.99
Intensity,Intensity,Precursor.Area,3,FALSE,TRUE,FALSE,0.92,TRUE,1,llama3.2-3b,proteome_discoverer,constrained,2,benchmark,3.99
Qvalue,DeltaScore,,0,FALSE,FALSE,FALSE,0.8,TRUE,1,llama3.2-3b,proteome_discoverer,constrained,2,benchmark,3.99
ProteinName,Protein.Descriptions,Protein.Group.Accessions,1,FALSE,FALSE,FALSE,0.98,TRUE,1,llama3.2-3b,proteome_discoverer,constrained,3,benchmark,4.13
PeptideSequence,Sequence,Sequence,1,TRUE,TRUE,FALSE,0.92,TRUE,1,llama3.2-3b,proteome_discoverer,constrained,3,benchmark,4.13
PrecursorCharge,Charge,Charge,1,TRUE,TRUE,FALSE,0.98,TRUE,1,llama3.2-3b,proteome_discoverer,constrained,3,benchmark,4.13
FragmentIon,,,0,TRUE,TRUE,FALSE,,FALSE,0,llama3.2-3b,proteome_discoverer,constrained,3,benchmark,4.13
ProductCharge,,,0,TRUE,TRUE,FALSE,,FALSE,0,llama3.2-3b,proteome_discoverer,constrained,3,benchmark,4.13
Run,Spectrum.File,Spectrum.File,1,TRUE,TRUE,FALSE,0.92,TRUE,1,llama3.2-3b,proteome_discoverer,constrained,3,benchmark,4.13
Intensity,Intensity,Precursor.Area,3,FALSE,TRUE,FALSE,0.92,TRUE,1,llama3.2-3b,proteome_discoverer,constrained,3,benchmark,4.13
Qvalue,DeltaScore,,0,FALSE,FALSE,FALSE,0.8,TRUE,1,llama3.2-3b,proteome_discoverer,constrained,3,benchmark,4.13
ProteinName,Protein.Group.Accessions,Protein.Group.Accessions,1,TRUE,TRUE,FALSE,0,TRUE,1,llama3.2-3b,proteome_discoverer,filter_aware,1,benchmark,13.32
PeptideSequence,Sequence,Sequence,1,TRUE,TRUE,FALSE,0,TRUE,1,llama3.2-3b,proteome_discoverer,filter_aware,1,benchmark,13.32
PrecursorCharge,,Charge,1,FALSE,FALSE,FALSE,0,TRUE,1,llama3.2-3b,proteome_discoverer,filter_aware,1,benchmark,13.32
FragmentIon,,,0,TRUE,TRUE,FALSE,0,TRUE,1,llama3.2-3b,proteome_discoverer,filter_aware,1,benchmark,13.32
ProductCharge,,,0,TRUE,TRUE,FALSE,0,TRUE,1,llama3.2-3b,proteome_discoverer,filter_aware,1,benchmark,13.32
Run,Spectrum.File,Spectrum.File,1,TRUE,TRUE,FALSE,0,TRUE,1,llama3.2-3b,proteome_discoverer,filter_aware,1,benchmark,13.32
Intensity,Intensity,Precursor.Area,3,FALSE,TRUE,FALSE,0,TRUE,1,llama3.2-3b,proteome_discoverer,filter_aware,1,benchmark,13.32
Qvalue,,,0,TRUE,TRUE,FALSE,0,TRUE,1,llama3.2-3b,proteome_discoverer,filter_aware,1,benchmark,13.32
ProteinName,Protein.Group.Accessions,Protein.Group.Accessions,1,TRUE,TRUE,FALSE,0,TRUE,1,llama3.2-3b,proteome_discoverer,filter_aware,2,benchmark,12.99
PeptideSequence,Sequence,Sequence,1,TRUE,TRUE,FALSE,0,TRUE,1,llama3.2-3b,proteome_discoverer,filter_aware,2,benchmark,12.99
PrecursorCharge,,Charge,1,FALSE,FALSE,FALSE,0,TRUE,1,llama3.2-3b,proteome_discoverer,filter_aware,2,benchmark,12.99
FragmentIon,,,0,TRUE,TRUE,FALSE,0,TRUE,1,llama3.2-3b,proteome_discoverer,filter_aware,2,benchmark,12.99
ProductCharge,,,0,TRUE,TRUE,FALSE,0,TRUE,1,llama3.2-3b,proteome_discoverer,filter_aware,2,benchmark,12.99
Run,Spectrum.File,Spectrum.File,1,TRUE,TRUE,FALSE,0,TRUE,1,llama3.2-3b,proteome_discoverer,filter_aware,2,benchmark,12.99
Intensity,Intensity,Precursor.Area,3,FALSE,TRUE,FALSE,0,TRUE,1,llama3.2-3b,proteome_discoverer,filter_aware,2,benchmark,12.99
Qvalue,,,0,TRUE,TRUE,FALSE,0,TRUE,1,llama3.2-3b,proteome_discoverer,filter_aware,2,benchmark,12.99
ProteinName,Protein.Group.Accessions,Protein.Group.Accessions,1,TRUE,TRUE,FALSE,0,TRUE,1,llama3.2-3b,proteome_discoverer,filter_aware,3,benchmark,13.46
PeptideSequence,Sequence,Sequence,1,TRUE,TRUE,FALSE,0,TRUE,1,llama3.2-3b,proteome_discoverer,filter_aware,3,benchmark,13.46
PrecursorCharge,,Charge,1,FALSE,FALSE,FALSE,0,TRUE,1,llama3.2-3b,proteome_discoverer,filter_aware,3,benchmark,13.46
FragmentIon,,,0,TRUE,TRUE,FALSE,0,TRUE,1,llama3.2-3b,proteome_discoverer,filter_aware,3,benchmark,13.46
ProductCharge,,,0,TRUE,TRUE,FALSE,0,TRUE,1,llama3.2-3b,proteome_discoverer,filter_aware,3,benchmark,13.46
Run,Spectrum.File,Spectrum.File,1,TRUE,TRUE,FALSE,0,TRUE,1,llama3.2-3b,proteome_discoverer,filter_aware,3,benchmark,13.46
Intensity,Intensity,Precursor.Area,3,FALSE,TRUE,FALSE,0,TRUE,1,llama3.2-3b,proteome_discoverer,filter_aware,3,benchmark,13.46
Qvalue,,,0,TRUE,TRUE,FALSE,0,TRUE,1,llama3.2-3b,proteome_discoverer,filter_aware,3,benchmark,13.46
ProteinName,Protein.Descriptions,Protein.Group.Accessions,1,FALSE,FALSE,FALSE,0.98,TRUE,1,llama3.2-3b,proteome_discoverer,constrained_filter,1,benchmark,11.75
PeptideSequence,Sequence,Sequence,1,TRUE,TRUE,FALSE,0.92,TRUE,1,llama3.2-3b,proteome_discoverer,constrained_filter,1,benchmark,11.75
PrecursorCharge,Charge,Charge,1,TRUE,TRUE,FALSE,0,TRUE,1,llama3.2-3b,proteome_discoverer,constrained_filter,1,benchmark,11.75
FragmentIon,,,0,TRUE,TRUE,FALSE,0,TRUE,1,llama3.2-3b,proteome_discoverer,constrained_filter,1,benchmark,11.75
ProductCharge,,,0,TRUE,TRUE,FALSE,0,TRUE,1,llama3.2-3b,proteome_discoverer,constrained_filter,1,benchmark,11.75
Run,Spectrum.File,Spectrum.File,1,TRUE,TRUE,FALSE,0.92,TRUE,1,llama3.2-3b,proteome_discoverer,constrained_filter,1,benchmark,11.75
Intensity,Intensity,Precursor.Area,3,FALSE,TRUE,FALSE,0.92,TRUE,1,llama3.2-3b,proteome_discoverer,constrained_filter,1,benchmark,11.75
Qvalue,,,0,TRUE,TRUE,FALSE,0,TRUE,1,llama3.2-3b,proteome_discoverer,constrained_filter,1,benchmark,11.75
ProteinName,Protein.Descriptions,Protein.Group.Accessions,1,FALSE,FALSE,FALSE,0.98,TRUE,1,llama3.2-3b,proteome_discoverer,constrained_filter,2,benchmark,11.64
PeptideSequence,Sequence,Sequence,1,TRUE,TRUE,FALSE,0.92,TRUE,1,llama3.2-3b,proteome_discoverer,constrained_filter,2,benchmark,11.64
PrecursorCharge,Charge,Charge,1,TRUE,TRUE,FALSE,0,TRUE,1,llama3.2-3b,proteome_discoverer,constrained_filter,2,benchmark,11.64
FragmentIon,,,0,TRUE,TRUE,FALSE,0,TRUE,1,llama3.2-3b,proteome_discoverer,constrained_filter,2,benchmark,11.64
ProductCharge,,,0,TRUE,TRUE,FALSE,0,TRUE,1,llama3.2-3b,proteome_discoverer,constrained_filter,2,benchmark,11.64
Run,Spectrum.File,Spectrum.File,1,TRUE,TRUE,FALSE,0.92,TRUE,1,llama3.2-3b,proteome_discoverer,constrained_filter,2,benchmark,11.64
Intensity,Intensity,Precursor.Area,3,FALSE,TRUE,FALSE,0.92,TRUE,1,llama3.2-3b,proteome_discoverer,constrained_filter,2,benchmark,11.64
Qvalue,,,0,TRUE,TRUE,FALSE,0,TRUE,1,llama3.2-3b,proteome_discoverer,constrained_filter,2,benchmark,11.64
ProteinName,Protein.Descriptions,Protein.Group.Accessions,1,FALSE,FALSE,FALSE,0.98,TRUE,1,llama3.2-3b,proteome_discoverer,constrained_filter,3,benchmark,15.08
PeptideSequence,Sequence,Sequence,1,TRUE,TRUE,FALSE,0.92,TRUE,1,llama3.2-3b,proteome_discoverer,constrained_filter,3,benchmark,15.08
PrecursorCharge,Charge,Charge,1,TRUE,TRUE,FALSE,0,TRUE,1,llama3.2-3b,proteome_discoverer,constrained_filter,3,benchmark,15.08
FragmentIon,,,0,TRUE,TRUE,FALSE,0,TRUE,1,llama3.2-3b,proteome_discoverer,constrained_filter,3,benchmark,15.08
ProductCharge,,,0,TRUE,TRUE,FALSE,0,TRUE,1,llama3.2-3b,proteome_discoverer,constrained_filter,3,benchmark,15.08
Run,Spectrum.File,Spectrum.File,1,TRUE,TRUE,FALSE,0.92,TRUE,1,llama3.2-3b,proteome_discoverer,constrained_filter,3,benchmark,15.08
Intensity,Intensity,Precursor.Area,3,FALSE,TRUE,FALSE,0.92,TRUE,1,llama3.2-3b,proteome_discoverer,constrained_filter,3,benchmark,15.08
Qvalue,,,0,TRUE,TRUE,FALSE,0,TRUE,1,llama3.2-3b,proteome_discoverer,constrained_filter,3,benchmark,15.08
ProteinName,Protein.Descriptions,Protein.Group.Accessions,1,FALSE,FALSE,FALSE,0.98,TRUE,1,llama3.2-3b,proteome_discoverer,constrained_v2,1,benchmark,5.05
PeptideSequence,Sequence,Sequence,1,TRUE,TRUE,FALSE,0.98,TRUE,1,llama3.2-3b,proteome_discoverer,constrained_v2,1,benchmark,5.05
PrecursorCharge,Charge,Charge,1,TRUE,TRUE,FALSE,0.98,TRUE,1,llama3.2-3b,proteome_discoverer,constrained_v2,1,benchmark,5.05
FragmentIon,,,0,TRUE,TRUE,FALSE,0,TRUE,1,llama3.2-3b,proteome_discoverer,constrained_v2,1,benchmark,5.05
ProductCharge,,,0,TRUE,TRUE,FALSE,0,TRUE,1,llama3.2-3b,proteome_discoverer,constrained_v2,1,benchmark,5.05
Run,Spectrum.File,Spectrum.File,1,TRUE,TRUE,FALSE,0.92,TRUE,1,llama3.2-3b,proteome_discoverer,constrained_v2,1,benchmark,5.05
Intensity,Intensity,Precursor.Area,3,FALSE,TRUE,FALSE,0.92,TRUE,1,llama3.2-3b,proteome_discoverer,constrained_v2,1,benchmark,5.05
Qvalue,,,0,TRUE,TRUE,FALSE,0,TRUE,1,llama3.2-3b,proteome_discoverer,constrained_v2,1,benchmark,5.05
ProteinName,Protein.Descriptions,Protein.Group.Accessions,1,FALSE,FALSE,FALSE,0.98,TRUE,1,llama3.2-3b,proteome_discoverer,constrained_v2,2,benchmark,4.52
PeptideSequence,Sequence,Sequence,1,TRUE,TRUE,FALSE,0.98,TRUE,1,llama3.2-3b,proteome_discoverer,constrained_v2,2,benchmark,4.52
PrecursorCharge,Charge,Charge,1,TRUE,TRUE,FALSE,0.98,TRUE,1,llama3.2-3b,proteome_discoverer,constrained_v2,2,benchmark,4.52
FragmentIon,,,0,TRUE,TRUE,FALSE,0,TRUE,1,llama3.2-3b,proteome_discoverer,constrained_v2,2,benchmark,4.52
ProductCharge,,,0,TRUE,TRUE,FALSE,0,TRUE,1,llama3.2-3b,proteome_discoverer,constrained_v2,2,benchmark,4.52
Run,Spectrum.File,Spectrum.File,1,TRUE,TRUE,FALSE,0.92,TRUE,1,llama3.2-3b,proteome_discoverer,constrained_v2,2,benchmark,4.52
Intensity,Intensity,Precursor.Area,3,FALSE,TRUE,FALSE,0.92,TRUE,1,llama3.2-3b,proteome_discoverer,constrained_v2,2,benchmark,4.52
Qvalue,,,0,TRUE,TRUE,FALSE,0,TRUE,1,llama3.2-3b,proteome_discoverer,constrained_v2,2,benchmark,4.52
ProteinName,Protein.Descriptions,Protein.Group.Accessions,1,FALSE,FALSE,FALSE,0.98,TRUE,1,llama3.2-3b,proteome_discoverer,constrained_v2,3,benchmark,4.72
PeptideSequence,Sequence,Sequence,1,TRUE,TRUE,FALSE,0.98,TRUE,1,llama3.2-3b,proteome_discoverer,constrained_v2,3,benchmark,4.72
PrecursorCharge,Charge,Charge,1,TRUE,TRUE,FALSE,0.98,TRUE,1,llama3.2-3b,proteome_discoverer,constrained_v2,3,benchmark,4.72
FragmentIon,,,0,TRUE,TRUE,FALSE,0,TRUE,1,llama3.2-3b,proteome_discoverer,constrained_v2,3,benchmark,4.72
ProductCharge,,,0,TRUE,TRUE,FALSE,0,TRUE,1,llama3.2-3b,proteome_discoverer,constrained_v2,3,benchmark,4.72
Run,Spectrum.File,Spectrum.File,1,TRUE,TRUE,FALSE,0.92,TRUE,1,llama3.2-3b,proteome_discoverer,constrained_v2,3,benchmark,4.72
Intensity,Intensity,Precursor.Area,3,FALSE,TRUE,FALSE,0.92,TRUE,1,llama3.2-3b,proteome_discoverer,constrained_v2,3,benchmark,4.72
Qvalue,,,0,TRUE,TRUE,FALSE,0,TRUE,1,llama3.2-3b,proteome_discoverer,constrained_v2,3,benchmark,4.72
ProteinName,Protein.Group.Accessions,Protein.Group.Accessions,1,TRUE,TRUE,FALSE,0.98,TRUE,1,llama3.2-3b,proteome_discoverer,constrained_filter_v2,1,benchmark,4.64
PeptideSequence,Sequence,Sequence,1,TRUE,TRUE,FALSE,0.98,TRUE,1,llama3.2-3b,proteome_discoverer,constrained_filter_v2,1,benchmark,4.64
PrecursorCharge,,Charge,1,FALSE,FALSE,FALSE,0,TRUE,1,llama3.2-3b,proteome_discoverer,constrained_filter_v2,1,benchmark,4.64
FragmentIon,,,0,TRUE,TRUE,FALSE,0,TRUE,1,llama3.2-3b,proteome_discoverer,constrained_filter_v2,1,benchmark,4.64
ProductCharge,,,0,TRUE,TRUE,FALSE,0,TRUE,1,llama3.2-3b,proteome_discoverer,constrained_filter_v2,1,benchmark,4.64
Run,Spectrum.File,Spectrum.File,1,TRUE,TRUE,FALSE,0.92,TRUE,1,llama3.2-3b,proteome_discoverer,constrained_filter_v2,1,benchmark,4.64
Intensity,Intensity,Precursor.Area,3,FALSE,TRUE,FALSE,0.92,TRUE,1,llama3.2-3b,proteome_discoverer,constrained_filter_v2,1,benchmark,4.64
Qvalue,,,0,TRUE,TRUE,FALSE,0,TRUE,1,llama3.2-3b,proteome_discoverer,constrained_filter_v2,1,benchmark,4.64
ProteinName,Protein.Group.Accessions,Protein.Group.Accessions,1,TRUE,TRUE,FALSE,0.98,TRUE,1,llama3.2-3b,proteome_discoverer,constrained_filter_v2,2,benchmark,5
PeptideSequence,Sequence,Sequence,1,TRUE,TRUE,FALSE,0.98,TRUE,1,llama3.2-3b,proteome_discoverer,constrained_filter_v2,2,benchmark,5
PrecursorCharge,,Charge,1,FALSE,FALSE,FALSE,0,TRUE,1,llama3.2-3b,proteome_discoverer,constrained_filter_v2,2,benchmark,5
FragmentIon,,,0,TRUE,TRUE,FALSE,0,TRUE,1,llama3.2-3b,proteome_discoverer,constrained_filter_v2,2,benchmark,5
ProductCharge,,,0,TRUE,TRUE,FALSE,0,TRUE,1,llama3.2-3b,proteome_discoverer,constrained_filter_v2,2,benchmark,5
Run,Spectrum.File,Spectrum.File,1,TRUE,TRUE,FALSE,0.92,TRUE,1,llama3.2-3b,proteome_discoverer,constrained_filter_v2,2,benchmark,5
Intensity,Intensity,Precursor.Area,3,FALSE,TRUE,FALSE,0.92,TRUE,1,llama3.2-3b,proteome_discoverer,constrained_filter_v2,2,benchmark,5
Qvalue,,,0,TRUE,TRUE,FALSE,0,TRUE,1,llama3.2-3b,proteome_discoverer,constrained_filter_v2,2,benchmark,5
ProteinName,Protein.Group.Accessions,Protein.Group.Accessions,1,TRUE,TRUE,FALSE,0.98,TRUE,1,llama3.2-3b,proteome_discoverer,constrained_filter_v2,3,benchmark,5.19
PeptideSequence,Sequence,Sequence,1,TRUE,TRUE,FALSE,0.98,TRUE,1,llama3.2-3b,proteome_discoverer,constrained_filter_v2,3,benchmark,5.19
PrecursorCharge,,Charge,1,FALSE,FALSE,FALSE,0,TRUE,1,llama3.2-3b,proteome_discoverer,constrained_filter_v2,3,benchmark,5.19
FragmentIon,,,0,TRUE,TRUE,FALSE,0,TRUE,1,llama3.2-3b,proteome_discoverer,constrained_filter_v2,3,benchmark,5.19
ProductCharge,,,0,TRUE,TRUE,FALSE,0,TRUE,1,llama3.2-3b,proteome_discoverer,constrained_filter_v2,3,benchmark,5.19
Run,Spectrum.File,Spectrum.File,1,TRUE,TRUE,FALSE,0.92,TRUE,1,llama3.2-3b,proteome_discoverer,constrained_filter_v2,3,benchmark,5.19
Intensity,Intensity,Precursor.Area,3,FALSE,TRUE,FALSE,0.92,TRUE,1,llama3.2-3b,proteome_discoverer,constrained_filter_v2,3,benchmark,5.19
Qvalue,,,0,TRUE,TRUE,FALSE,0,TRUE,1,llama3.2-3b,proteome_discoverer,constrained_filter_v2,3,benchmark,5.19
ProteinName,Protein.Descriptions,Protein.Group.Accessions,1,FALSE,FALSE,FALSE,0.98,TRUE,1,llama3.2-3b,proteome_discoverer,constrained_v3,1,benchmark,4.22
PeptideSequence,Sequence,Sequence,1,TRUE,TRUE,FALSE,0.98,TRUE,1,llama3.2-3b,proteome_discoverer,constrained_v3,1,benchmark,4.22
PrecursorCharge,Charge,Charge,1,TRUE,TRUE,FALSE,0.98,TRUE,1,llama3.2-3b,proteome_discoverer,constrained_v3,1,benchmark,4.22
FragmentIon,,,0,TRUE,TRUE,FALSE,0,TRUE,1,llama3.2-3b,proteome_discoverer,constrained_v3,1,benchmark,4.22
ProductCharge,,,0,TRUE,TRUE,FALSE,0,TRUE,1,llama3.2-3b,proteome_discoverer,constrained_v3,1,benchmark,4.22
Run,Spectrum.File,Spectrum.File,1,TRUE,TRUE,FALSE,0.92,TRUE,1,llama3.2-3b,proteome_discoverer,constrained_v3,1,benchmark,4.22
Intensity,Intensity,Precursor.Area,3,FALSE,TRUE,FALSE,0.92,TRUE,1,llama3.2-3b,proteome_discoverer,constrained_v3,1,benchmark,4.22
Qvalue,,,0,TRUE,TRUE,FALSE,0,TRUE,1,llama3.2-3b,proteome_discoverer,constrained_v3,1,benchmark,4.22
ProteinName,Protein.Descriptions,Protein.Group.Accessions,1,FALSE,FALSE,FALSE,0.98,TRUE,1,llama3.2-3b,proteome_discoverer,constrained_v3,2,benchmark,4.41
PeptideSequence,Sequence,Sequence,1,TRUE,TRUE,FALSE,0.98,TRUE,1,llama3.2-3b,proteome_discoverer,constrained_v3,2,benchmark,4.41
PrecursorCharge,Charge,Charge,1,TRUE,TRUE,FALSE,0.98,TRUE,1,llama3.2-3b,proteome_discoverer,constrained_v3,2,benchmark,4.41
FragmentIon,,,0,TRUE,TRUE,FALSE,0,TRUE,1,llama3.2-3b,proteome_discoverer,constrained_v3,2,benchmark,4.41
ProductCharge,,,0,TRUE,TRUE,FALSE,0,TRUE,1,llama3.2-3b,proteome_discoverer,constrained_v3,2,benchmark,4.41
Run,Spectrum.File,Spectrum.File,1,TRUE,TRUE,FALSE,0.92,TRUE,1,llama3.2-3b,proteome_discoverer,constrained_v3,2,benchmark,4.41
Intensity,Intensity,Precursor.Area,3,FALSE,TRUE,FALSE,0.92,TRUE,1,llama3.2-3b,proteome_discoverer,constrained_v3,2,benchmark,4.41
Qvalue,,,0,TRUE,TRUE,FALSE,0,TRUE,1,llama3.2-3b,proteome_discoverer,constrained_v3,2,benchmark,4.41
ProteinName,Protein.Descriptions,Protein.Group.Accessions,1,FALSE,FALSE,FALSE,0.98,TRUE,1,llama3.2-3b,proteome_discoverer,constrained_v3,3,benchmark,4.04
PeptideSequence,Sequence,Sequence,1,TRUE,TRUE,FALSE,0.98,TRUE,1,llama3.2-3b,proteome_discoverer,constrained_v3,3,benchmark,4.04
PrecursorCharge,Charge,Charge,1,TRUE,TRUE,FALSE,0.98,TRUE,1,llama3.2-3b,proteome_discoverer,constrained_v3,3,benchmark,4.04
FragmentIon,,,0,TRUE,TRUE,FALSE,0,TRUE,1,llama3.2-3b,proteome_discoverer,constrained_v3,3,benchmark,4.04
ProductCharge,,,0,TRUE,TRUE,FALSE,0,TRUE,1,llama3.2-3b,proteome_discoverer,constrained_v3,3,benchmark,4.04
Run,Spectrum.File,Spectrum.File,1,TRUE,TRUE,FALSE,0.92,TRUE,1,llama3.2-3b,proteome_discoverer,constrained_v3,3,benchmark,4.04
Intensity,Intensity,Precursor.Area,3,FALSE,TRUE,FALSE,0.92,TRUE,1,llama3.2-3b,proteome_discoverer,constrained_v3,3,benchmark,4.04
Qvalue,,,0,TRUE,TRUE,FALSE,0,TRUE,1,llama3.2-3b,proteome_discoverer,constrained_v3,3,benchmark,4.04
ProteinName,Protein.Group.Accessions,Protein.Group.Accessions,1,TRUE,TRUE,FALSE,0.98,TRUE,1,llama3.2-3b,proteome_discoverer,constrained_filter_v3,1,benchmark,4.77
PeptideSequence,Sequence,Sequence,1,TRUE,TRUE,FALSE,0.98,TRUE,1,llama3.2-3b,proteome_discoverer,constrained_filter_v3,1,benchmark,4.77
PrecursorCharge,,Charge,1,FALSE,FALSE,FALSE,0,TRUE,1,llama3.2-3b,proteome_discoverer,constrained_filter_v3,1,benchmark,4.77
FragmentIon,,,0,TRUE,TRUE,FALSE,0,TRUE,1,llama3.2-3b,proteome_discoverer,constrained_filter_v3,1,benchmark,4.77
ProductCharge,,,0,TRUE,TRUE,FALSE,0,TRUE,1,llama3.2-3b,proteome_discoverer,constrained_filter_v3,1,benchmark,4.77
Run,Spectrum.File,Spectrum.File,1,TRUE,TRUE,FALSE,0.92,TRUE,1,llama3.2-3b,proteome_discoverer,constrained_filter_v3,1,benchmark,4.77
Intensity,Intensity,Precursor.Area,3,FALSE,TRUE,FALSE,0.92,TRUE,1,llama3.2-3b,proteome_discoverer,constrained_filter_v3,1,benchmark,4.77
Qvalue,,,0,TRUE,TRUE,FALSE,0,TRUE,1,llama3.2-3b,proteome_discoverer,constrained_filter_v3,1,benchmark,4.77
ProteinName,Protein.Group.Accessions,Protein.Group.Accessions,1,TRUE,TRUE,FALSE,0.98,TRUE,1,llama3.2-3b,proteome_discoverer,constrained_filter_v3,2,benchmark,4.21
PeptideSequence,Sequence,Sequence,1,TRUE,TRUE,FALSE,0.98,TRUE,1,llama3.2-3b,proteome_discoverer,constrained_filter_v3,2,benchmark,4.21
PrecursorCharge,,Charge,1,FALSE,FALSE,FALSE,0,TRUE,1,llama3.2-3b,proteome_discoverer,constrained_filter_v3,2,benchmark,4.21
FragmentIon,,,0,TRUE,TRUE,FALSE,0,TRUE,1,llama3.2-3b,proteome_discoverer,constrained_filter_v3,2,benchmark,4.21
ProductCharge,,,0,TRUE,TRUE,FALSE,0,TRUE,1,llama3.2-3b,proteome_discoverer,constrained_filter_v3,2,benchmark,4.21
Run,Spectrum.File,Spectrum.File,1,TRUE,TRUE,FALSE,0.92,TRUE,1,llama3.2-3b,proteome_discoverer,constrained_filter_v3,2,benchmark,4.21
Intensity,Intensity,Precursor.Area,3,FALSE,TRUE,FALSE,0.92,TRUE,1,llama3.2-3b,proteome_discoverer,constrained_filter_v3,2,benchmark,4.21
Qvalue,,,0,TRUE,TRUE,FALSE,0,TRUE,1,llama3.2-3b,proteome_discoverer,constrained_filter_v3,2,benchmark,4.21
ProteinName,Protein.Group.Accessions,Protein.Group.Accessions,1,TRUE,TRUE,FALSE,0.98,TRUE,1,llama3.2-3b,proteome_discoverer,constrained_filter_v3,3,benchmark,5.47
PeptideSequence,Sequence,Sequence,1,TRUE,TRUE,FALSE,0.98,TRUE,1,llama3.2-3b,proteome_discoverer,constrained_filter_v3,3,benchmark,5.47
PrecursorCharge,,Charge,1,FALSE,FALSE,FALSE,0,TRUE,1,llama3.2-3b,proteome_discoverer,constrained_filter_v3,3,benchmark,5.47
FragmentIon,,,0,TRUE,TRUE,FALSE,0,TRUE,1,llama3.2-3b,proteome_discoverer,constrained_filter_v3,3,benchmark,5.47
ProductCharge,,,0,TRUE,TRUE,FALSE,0,TRUE,1,llama3.2-3b,proteome_discoverer,constrained_filter_v3,3,benchmark,5.47
Run,Spectrum.File,Spectrum.File,1,TRUE,TRUE,FALSE,0.92,TRUE,1,llama3.2-3b,proteome_discoverer,constrained_filter_v3,3,benchmark,5.47
Intensity,Intensity,Precursor.Area,3,FALSE,TRUE,FALSE,0.92,TRUE,1,llama3.2-3b,proteome_discoverer,constrained_filter_v3,3,benchmark,5.47
Qvalue,,,0,TRUE,TRUE,FALSE,0,TRUE,1,llama3.2-3b,proteome_discoverer,constrained_filter_v3,3,benchmark,5.47
ProteinName,Protein.Group,Protein.Group,1,TRUE,TRUE,FALSE,1,TRUE,1,llama3.2-3b,metamorpheus,lean,1,benchmark,4.76
PeptideSequence,Base.Sequence,Full.Sequence,1,FALSE,FALSE,FALSE,1,TRUE,1,llama3.2-3b,metamorpheus,lean,1,benchmark,4.76
PrecursorCharge,Precursor.Charge,Precursor.Charge,1,TRUE,TRUE,FALSE,1,TRUE,1,llama3.2-3b,metamorpheus,lean,1,benchmark,4.76
FragmentIon,,,0,TRUE,TRUE,FALSE,0,TRUE,1,llama3.2-3b,metamorpheus,lean,1,benchmark,4.76
ProductCharge,,,0,TRUE,TRUE,FALSE,0,TRUE,1,llama3.2-3b,metamorpheus,lean,1,benchmark,4.76
Run,File.Name,File.Name,1,TRUE,TRUE,FALSE,1,TRUE,1,llama3.2-3b,metamorpheus,lean,1,benchmark,4.76
Intensity,Peak.intensity,Peak.intensity,1,TRUE,TRUE,FALSE,1,TRUE,1,llama3.2-3b,metamorpheus,lean,1,benchmark,4.76
Qvalue,PIP.Q.Value,PIP.Q.Value,1,TRUE,TRUE,FALSE,1,TRUE,1,llama3.2-3b,metamorpheus,lean,1,benchmark,4.76
ProteinName,Protein.Group,Protein.Group,1,TRUE,TRUE,FALSE,1,TRUE,1,llama3.2-3b,metamorpheus,lean,2,benchmark,3.62
PeptideSequence,Base.Sequence,Full.Sequence,1,FALSE,FALSE,FALSE,1,TRUE,1,llama3.2-3b,metamorpheus,lean,2,benchmark,3.62
PrecursorCharge,Precursor.Charge,Precursor.Charge,1,TRUE,TRUE,FALSE,1,TRUE,1,llama3.2-3b,metamorpheus,lean,2,benchmark,3.62
FragmentIon,,,0,TRUE,TRUE,FALSE,0,TRUE,1,llama3.2-3b,metamorpheus,lean,2,benchmark,3.62
ProductCharge,,,0,TRUE,TRUE,FALSE,0,TRUE,1,llama3.2-3b,metamorpheus,lean,2,benchmark,3.62
Run,File.Name,File.Name,1,TRUE,TRUE,FALSE,1,TRUE,1,llama3.2-3b,metamorpheus,lean,2,benchmark,3.62
Intensity,Peak.intensity,Peak.intensity,1,TRUE,TRUE,FALSE,1,TRUE,1,llama3.2-3b,metamorpheus,lean,2,benchmark,3.62
Qvalue,PIP.Q.Value,PIP.Q.Value,1,TRUE,TRUE,FALSE,1,TRUE,1,llama3.2-3b,metamorpheus,lean,2,benchmark,3.62
ProteinName,Protein.Group,Protein.Group,1,TRUE,TRUE,FALSE,1,TRUE,1,llama3.2-3b,metamorpheus,lean,3,benchmark,4.04
PeptideSequence,Base.Sequence,Full.Sequence,1,FALSE,FALSE,FALSE,1,TRUE,1,llama3.2-3b,metamorpheus,lean,3,benchmark,4.04
PrecursorCharge,Precursor.Charge,Precursor.Charge,1,TRUE,TRUE,FALSE,1,TRUE,1,llama3.2-3b,metamorpheus,lean,3,benchmark,4.04
FragmentIon,,,0,TRUE,TRUE,FALSE,0,TRUE,1,llama3.2-3b,metamorpheus,lean,3,benchmark,4.04
ProductCharge,,,0,TRUE,TRUE,FALSE,0,TRUE,1,llama3.2-3b,metamorpheus,lean,3,benchmark,4.04
Run,File.Name,File.Name,1,TRUE,TRUE,FALSE,1,TRUE,1,llama3.2-3b,metamorpheus,lean,3,benchmark,4.04
Intensity,Peak.intensity,Peak.intensity,1,TRUE,TRUE,FALSE,1,TRUE,1,llama3.2-3b,metamorpheus,lean,3,benchmark,4.04
Qvalue,PIP.Q.Value,PIP.Q.Value,1,TRUE,TRUE,FALSE,1,TRUE,1,llama3.2-3b,metamorpheus,lean,3,benchmark,4.04
ProteinName,Protein.Group,Protein.Group,1,TRUE,TRUE,FALSE,0.98,TRUE,1,llama3.2-3b,metamorpheus,constrained,1,benchmark,4.45
PeptideSequence,Base.Sequence,Full.Sequence,1,FALSE,FALSE,FALSE,0.98,TRUE,1,llama3.2-3b,metamorpheus,constrained,1,benchmark,4.45
PrecursorCharge,Precursor.Charge,Precursor.Charge,1,TRUE,TRUE,FALSE,0.98,TRUE,1,llama3.2-3b,metamorpheus,constrained,1,benchmark,4.45
FragmentIon,,,0,TRUE,TRUE,FALSE,,FALSE,0,llama3.2-3b,metamorpheus,constrained,1,benchmark,4.45
ProductCharge,,,0,TRUE,TRUE,FALSE,,FALSE,0,llama3.2-3b,metamorpheus,constrained,1,benchmark,4.45
Run,MS2.Retention.Time,File.Name,1,FALSE,FALSE,FALSE,0.92,TRUE,1,llama3.2-3b,metamorpheus,constrained,1,benchmark,4.45
Intensity,Peak.intensity,Peak.intensity,1,TRUE,TRUE,FALSE,0.92,TRUE,1,llama3.2-3b,metamorpheus,constrained,1,benchmark,4.45
Qvalue,PIP.Q.Value,PIP.Q.Value,1,TRUE,TRUE,FALSE,0,TRUE,1,llama3.2-3b,metamorpheus,constrained,1,benchmark,4.45
ProteinName,Protein.Group,Protein.Group,1,TRUE,TRUE,FALSE,0.98,TRUE,1,llama3.2-3b,metamorpheus,constrained,2,benchmark,2.95
PeptideSequence,Base.Sequence,Full.Sequence,1,FALSE,FALSE,FALSE,0.98,TRUE,1,llama3.2-3b,metamorpheus,constrained,2,benchmark,2.95
PrecursorCharge,Precursor.Charge,Precursor.Charge,1,TRUE,TRUE,FALSE,0.98,TRUE,1,llama3.2-3b,metamorpheus,constrained,2,benchmark,2.95
FragmentIon,,,0,TRUE,TRUE,FALSE,,FALSE,0,llama3.2-3b,metamorpheus,constrained,2,benchmark,2.95
ProductCharge,,,0,TRUE,TRUE,FALSE,,FALSE,0,llama3.2-3b,metamorpheus,constrained,2,benchmark,2.95
Run,MS2.Retention.Time,File.Name,1,FALSE,FALSE,FALSE,0.92,TRUE,1,llama3.2-3b,metamorpheus,constrained,2,benchmark,2.95
Intensity,Peak.intensity,Peak.intensity,1,TRUE,TRUE,FALSE,0.92,TRUE,1,llama3.2-3b,metamorpheus,constrained,2,benchmark,2.95
Qvalue,PIP.Q.Value,PIP.Q.Value,1,TRUE,TRUE,FALSE,0,TRUE,1,llama3.2-3b,metamorpheus,constrained,2,benchmark,2.95
ProteinName,Protein.Group,Protein.Group,1,TRUE,TRUE,FALSE,0.98,TRUE,1,llama3.2-3b,metamorpheus,constrained,3,benchmark,4.37
PeptideSequence,Base.Sequence,Full.Sequence,1,FALSE,FALSE,FALSE,0.98,TRUE,1,llama3.2-3b,metamorpheus,constrained,3,benchmark,4.37
PrecursorCharge,Precursor.Charge,Precursor.Charge,1,TRUE,TRUE,FALSE,0.98,TRUE,1,llama3.2-3b,metamorpheus,constrained,3,benchmark,4.37
FragmentIon,,,0,TRUE,TRUE,FALSE,,FALSE,0,llama3.2-3b,metamorpheus,constrained,3,benchmark,4.37
ProductCharge,,,0,TRUE,TRUE,FALSE,,FALSE,0,llama3.2-3b,metamorpheus,constrained,3,benchmark,4.37
Run,MS2.Retention.Time,File.Name,1,FALSE,FALSE,FALSE,0.92,TRUE,1,llama3.2-3b,metamorpheus,constrained,3,benchmark,4.37
Intensity,Peak.intensity,Peak.intensity,1,TRUE,TRUE,FALSE,0.92,TRUE,1,llama3.2-3b,metamorpheus,constrained,3,benchmark,4.37
Qvalue,PIP.Q.Value,PIP.Q.Value,1,TRUE,TRUE,FALSE,0,TRUE,1,llama3.2-3b,metamorpheus,constrained,3,benchmark,4.37
ProteinName,Protein.Group,Protein.Group,1,TRUE,TRUE,FALSE,0.8,TRUE,1,llama3.2-3b,metamorpheus,filter_aware,1,benchmark,7.82
PeptideSequence,Base.Sequence,Full.Sequence,1,FALSE,FALSE,FALSE,0.8,TRUE,1,llama3.2-3b,metamorpheus,filter_aware,1,benchmark,7.82
PrecursorCharge,Precursor.Charge,Precursor.Charge,1,TRUE,TRUE,FALSE,0.8,TRUE,1,llama3.2-3b,metamorpheus,filter_aware,1,benchmark,7.82
FragmentIon,,,0,TRUE,TRUE,FALSE,,FALSE,0,llama3.2-3b,metamorpheus,filter_aware,1,benchmark,7.82
ProductCharge,,,0,TRUE,TRUE,FALSE,,FALSE,0,llama3.2-3b,metamorpheus,filter_aware,1,benchmark,7.82
Run,File.Name,File.Name,1,TRUE,TRUE,FALSE,0.9,TRUE,1,llama3.2-3b,metamorpheus,filter_aware,1,benchmark,7.82
Intensity,Peak.intensity,Peak.intensity,1,TRUE,TRUE,FALSE,0.9,TRUE,1,llama3.2-3b,metamorpheus,filter_aware,1,benchmark,7.82
Qvalue,PIP.Q.Value,PIP.Q.Value,1,TRUE,TRUE,FALSE,0,TRUE,1,llama3.2-3b,metamorpheus,filter_aware,1,benchmark,7.82
ProteinName,Protein.Group,Protein.Group,1,TRUE,TRUE,FALSE,0.8,TRUE,1,llama3.2-3b,metamorpheus,filter_aware,2,benchmark,8.29
PeptideSequence,Base.Sequence,Full.Sequence,1,FALSE,FALSE,FALSE,0.8,TRUE,1,llama3.2-3b,metamorpheus,filter_aware,2,benchmark,8.29
PrecursorCharge,Precursor.Charge,Precursor.Charge,1,TRUE,TRUE,FALSE,0.8,TRUE,1,llama3.2-3b,metamorpheus,filter_aware,2,benchmark,8.29
FragmentIon,,,0,TRUE,TRUE,FALSE,,FALSE,0,llama3.2-3b,metamorpheus,filter_aware,2,benchmark,8.29
ProductCharge,,,0,TRUE,TRUE,FALSE,,FALSE,0,llama3.2-3b,metamorpheus,filter_aware,2,benchmark,8.29
Run,File.Name,File.Name,1,TRUE,TRUE,FALSE,0.9,TRUE,1,llama3.2-3b,metamorpheus,filter_aware,2,benchmark,8.29
Intensity,Peak.intensity,Peak.intensity,1,TRUE,TRUE,FALSE,0.9,TRUE,1,llama3.2-3b,metamorpheus,filter_aware,2,benchmark,8.29
Qvalue,PIP.Q.Value,PIP.Q.Value,1,TRUE,TRUE,FALSE,0,TRUE,1,llama3.2-3b,metamorpheus,filter_aware,2,benchmark,8.29
ProteinName,Protein.Group,Protein.Group,1,TRUE,TRUE,FALSE,0.8,TRUE,1,llama3.2-3b,metamorpheus,filter_aware,3,benchmark,8.4
PeptideSequence,Base.Sequence,Full.Sequence,1,FALSE,FALSE,FALSE,0.8,TRUE,1,llama3.2-3b,metamorpheus,filter_aware,3,benchmark,8.4
PrecursorCharge,Precursor.Charge,Precursor.Charge,1,TRUE,TRUE,FALSE,0.8,TRUE,1,llama3.2-3b,metamorpheus,filter_aware,3,benchmark,8.4
FragmentIon,,,0,TRUE,TRUE,FALSE,,FALSE,0,llama3.2-3b,metamorpheus,filter_aware,3,benchmark,8.4
ProductCharge,,,0,TRUE,TRUE,FALSE,,FALSE,0,llama3.2-3b,metamorpheus,filter_aware,3,benchmark,8.4
Run,File.Name,File.Name,1,TRUE,TRUE,FALSE,0.9,TRUE,1,llama3.2-3b,metamorpheus,filter_aware,3,benchmark,8.4
Intensity,Peak.intensity,Peak.intensity,1,TRUE,TRUE,FALSE,0.9,TRUE,1,llama3.2-3b,metamorpheus,filter_aware,3,benchmark,8.4
Qvalue,PIP.Q.Value,PIP.Q.Value,1,TRUE,TRUE,FALSE,0,TRUE,1,llama3.2-3b,metamorpheus,filter_aware,3,benchmark,8.4
ProteinName,Protein.Group,Protein.Group,1,TRUE,TRUE,FALSE,0.98,TRUE,1,llama3.2-3b,metamorpheus,constrained_filter,1,benchmark,12.02
PeptideSequence,Base.Sequence,Full.Sequence,1,FALSE,FALSE,TRUE,0.92,TRUE,1,llama3.2-3b,metamorpheus,constrained_filter,1,benchmark,12.02
PrecursorCharge,Precursor.Charge,Precursor.Charge,1,TRUE,TRUE,FALSE,0.8,TRUE,1,llama3.2-3b,metamorpheus,constrained_filter,1,benchmark,12.02
FragmentIon,,,0,TRUE,TRUE,FALSE,0,TRUE,1,llama3.2-3b,metamorpheus,constrained_filter,1,benchmark,12.02
ProductCharge,,,0,TRUE,TRUE,FALSE,0,TRUE,1,llama3.2-3b,metamorpheus,constrained_filter,1,benchmark,12.02
Run,MS2.Retention.Time,File.Name,1,FALSE,FALSE,FALSE,0.92,TRUE,1,llama3.2-3b,metamorpheus,constrained_filter,1,benchmark,12.02
Intensity,Peak.intensity,Peak.intensity,1,TRUE,TRUE,FALSE,0.92,TRUE,1,llama3.2-3b,metamorpheus,constrained_filter,1,benchmark,12.02
Qvalue,PIP.Q.Value,PIP.Q.Value,1,TRUE,TRUE,FALSE,0,TRUE,1,llama3.2-3b,metamorpheus,constrained_filter,1,benchmark,12.02
ProteinName,Protein.Group,Protein.Group,1,TRUE,TRUE,FALSE,0.98,TRUE,1,llama3.2-3b,metamorpheus,constrained_filter,2,benchmark,11.73
PeptideSequence,Base.Sequence,Full.Sequence,1,FALSE,FALSE,TRUE,0.92,TRUE,1,llama3.2-3b,metamorpheus,constrained_filter,2,benchmark,11.73
PrecursorCharge,Precursor.Charge,Precursor.Charge,1,TRUE,TRUE,FALSE,0.8,TRUE,1,llama3.2-3b,metamorpheus,constrained_filter,2,benchmark,11.73
FragmentIon,,,0,TRUE,TRUE,FALSE,0,TRUE,1,llama3.2-3b,metamorpheus,constrained_filter,2,benchmark,11.73
ProductCharge,,,0,TRUE,TRUE,FALSE,0,TRUE,1,llama3.2-3b,metamorpheus,constrained_filter,2,benchmark,11.73
Run,MS2.Retention.Time,File.Name,1,FALSE,FALSE,FALSE,0.92,TRUE,1,llama3.2-3b,metamorpheus,constrained_filter,2,benchmark,11.73
Intensity,Peak.intensity,Peak.intensity,1,TRUE,TRUE,FALSE,0.92,TRUE,1,llama3.2-3b,metamorpheus,constrained_filter,2,benchmark,11.73
Qvalue,PIP.Q.Value,PIP.Q.Value,1,TRUE,TRUE,FALSE,0,TRUE,1,llama3.2-3b,metamorpheus,constrained_filter,2,benchmark,11.73
ProteinName,Protein.Group,Protein.Group,1,TRUE,TRUE,FALSE,0.98,TRUE,1,llama3.2-3b,metamorpheus,constrained_filter,3,benchmark,11.38
PeptideSequence,Base.Sequence,Full.Sequence,1,FALSE,FALSE,TRUE,0.92,TRUE,1,llama3.2-3b,metamorpheus,constrained_filter,3,benchmark,11.38
PrecursorCharge,Precursor.Charge,Precursor.Charge,1,TRUE,TRUE,FALSE,0.8,TRUE,1,llama3.2-3b,metamorpheus,constrained_filter,3,benchmark,11.38
FragmentIon,,,0,TRUE,TRUE,FALSE,0,TRUE,1,llama3.2-3b,metamorpheus,constrained_filter,3,benchmark,11.38
ProductCharge,,,0,TRUE,TRUE,FALSE,0,TRUE,1,llama3.2-3b,metamorpheus,constrained_filter,3,benchmark,11.38
Run,MS2.Retention.Time,File.Name,1,FALSE,FALSE,FALSE,0.92,TRUE,1,llama3.2-3b,metamorpheus,constrained_filter,3,benchmark,11.38
Intensity,Peak.intensity,Peak.intensity,1,TRUE,TRUE,FALSE,0.92,TRUE,1,llama3.2-3b,metamorpheus,constrained_filter,3,benchmark,11.38
Qvalue,PIP.Q.Value,PIP.Q.Value,1,TRUE,TRUE,FALSE,0,TRUE,1,llama3.2-3b,metamorpheus,constrained_filter,3,benchmark,11.38
ProteinName,Protein.Group,Protein.Group,1,TRUE,TRUE,FALSE,0.98,TRUE,1,llama3.2-3b,metamorpheus,constrained_v2,1,benchmark,4.84
PeptideSequence,Base.Sequence,Full.Sequence,1,FALSE,FALSE,FALSE,0.98,TRUE,1,llama3.2-3b,metamorpheus,constrained_v2,1,benchmark,4.84
PrecursorCharge,Precursor.Charge,Precursor.Charge,1,TRUE,TRUE,FALSE,0.98,TRUE,1,llama3.2-3b,metamorpheus,constrained_v2,1,benchmark,4.84
FragmentIon,,,0,TRUE,TRUE,FALSE,,FALSE,0,llama3.2-3b,metamorpheus,constrained_v2,1,benchmark,4.84
ProductCharge,,,0,TRUE,TRUE,FALSE,,FALSE,0,llama3.2-3b,metamorpheus,constrained_v2,1,benchmark,4.84
Run,File.Name,File.Name,1,TRUE,TRUE,FALSE,0.92,TRUE,1,llama3.2-3b,metamorpheus,constrained_v2,1,benchmark,4.84
Intensity,Peak.intensity,Peak.intensity,1,TRUE,TRUE,FALSE,0.92,TRUE,1,llama3.2-3b,metamorpheus,constrained_v2,1,benchmark,4.84
Qvalue,PIP.Q.Value,PIP.Q.Value,1,TRUE,TRUE,FALSE,0.8,TRUE,1,llama3.2-3b,metamorpheus,constrained_v2,1,benchmark,4.84
ProteinName,Protein.Group,Protein.Group,1,TRUE,TRUE,FALSE,0.98,TRUE,1,llama3.2-3b,metamorpheus,constrained_v2,2,benchmark,4.51
PeptideSequence,Base.Sequence,Full.Sequence,1,FALSE,FALSE,FALSE,0.98,TRUE,1,llama3.2-3b,metamorpheus,constrained_v2,2,benchmark,4.51
PrecursorCharge,Precursor.Charge,Precursor.Charge,1,TRUE,TRUE,FALSE,0.98,TRUE,1,llama3.2-3b,metamorpheus,constrained_v2,2,benchmark,4.51
FragmentIon,,,0,TRUE,TRUE,FALSE,,FALSE,0,llama3.2-3b,metamorpheus,constrained_v2,2,benchmark,4.51
ProductCharge,,,0,TRUE,TRUE,FALSE,,FALSE,0,llama3.2-3b,metamorpheus,constrained_v2,2,benchmark,4.51
Run,File.Name,File.Name,1,TRUE,TRUE,FALSE,0.92,TRUE,1,llama3.2-3b,metamorpheus,constrained_v2,2,benchmark,4.51
Intensity,Peak.intensity,Peak.intensity,1,TRUE,TRUE,FALSE,0.92,TRUE,1,llama3.2-3b,metamorpheus,constrained_v2,2,benchmark,4.51
Qvalue,PIP.Q.Value,PIP.Q.Value,1,TRUE,TRUE,FALSE,0.8,TRUE,1,llama3.2-3b,metamorpheus,constrained_v2,2,benchmark,4.51
ProteinName,Protein.Group,Protein.Group,1,TRUE,TRUE,FALSE,0.98,TRUE,1,llama3.2-3b,metamorpheus,constrained_v2,3,benchmark,5.09
PeptideSequence,Base.Sequence,Full.Sequence,1,FALSE,FALSE,FALSE,0.98,TRUE,1,llama3.2-3b,metamorpheus,constrained_v2,3,benchmark,5.09
PrecursorCharge,Precursor.Charge,Precursor.Charge,1,TRUE,TRUE,FALSE,0.98,TRUE,1,llama3.2-3b,metamorpheus,constrained_v2,3,benchmark,5.09
FragmentIon,,,0,TRUE,TRUE,FALSE,,FALSE,0,llama3.2-3b,metamorpheus,constrained_v2,3,benchmark,5.09
ProductCharge,,,0,TRUE,TRUE,FALSE,,FALSE,0,llama3.2-3b,metamorpheus,constrained_v2,3,benchmark,5.09
Run,File.Name,File.Name,1,TRUE,TRUE,FALSE,0.92,TRUE,1,llama3.2-3b,metamorpheus,constrained_v2,3,benchmark,5.09
Intensity,Peak.intensity,Peak.intensity,1,TRUE,TRUE,FALSE,0.92,TRUE,1,llama3.2-3b,metamorpheus,constrained_v2,3,benchmark,5.09
Qvalue,PIP.Q.Value,PIP.Q.Value,1,TRUE,TRUE,FALSE,0.8,TRUE,1,llama3.2-3b,metamorpheus,constrained_v2,3,benchmark,5.09
ProteinName,Protein.Group,Protein.Group,1,TRUE,TRUE,FALSE,0.98,TRUE,1,llama3.2-3b,metamorpheus,constrained_filter_v2,1,benchmark,5.73
PeptideSequence,Base.Sequence,Full.Sequence,1,FALSE,FALSE,FALSE,0.98,TRUE,1,llama3.2-3b,metamorpheus,constrained_filter_v2,1,benchmark,5.73
PrecursorCharge,Precursor.Charge,Precursor.Charge,1,TRUE,TRUE,FALSE,0.98,TRUE,1,llama3.2-3b,metamorpheus,constrained_filter_v2,1,benchmark,5.73
FragmentIon,,,0,TRUE,TRUE,FALSE,,FALSE,0,llama3.2-3b,metamorpheus,constrained_filter_v2,1,benchmark,5.73
ProductCharge,,,0,TRUE,TRUE,FALSE,,FALSE,0,llama3.2-3b,metamorpheus,constrained_filter_v2,1,benchmark,5.73
Run,File.Name,File.Name,1,TRUE,TRUE,FALSE,0.92,TRUE,1,llama3.2-3b,metamorpheus,constrained_filter_v2,1,benchmark,5.73
Intensity,Peak.intensity,Peak.intensity,1,TRUE,TRUE,FALSE,0.92,TRUE,1,llama3.2-3b,metamorpheus,constrained_filter_v2,1,benchmark,5.73
Qvalue,PIP.Q.Value,PIP.Q.Value,1,TRUE,TRUE,FALSE,0,TRUE,1,llama3.2-3b,metamorpheus,constrained_filter_v2,1,benchmark,5.73
ProteinName,Protein.Group,Protein.Group,1,TRUE,TRUE,FALSE,0.98,TRUE,1,llama3.2-3b,metamorpheus,constrained_filter_v2,2,benchmark,5.48
PeptideSequence,Base.Sequence,Full.Sequence,1,FALSE,FALSE,FALSE,0.98,TRUE,1,llama3.2-3b,metamorpheus,constrained_filter_v2,2,benchmark,5.48
PrecursorCharge,Precursor.Charge,Precursor.Charge,1,TRUE,TRUE,FALSE,0.98,TRUE,1,llama3.2-3b,metamorpheus,constrained_filter_v2,2,benchmark,5.48
FragmentIon,,,0,TRUE,TRUE,FALSE,,FALSE,0,llama3.2-3b,metamorpheus,constrained_filter_v2,2,benchmark,5.48
ProductCharge,,,0,TRUE,TRUE,FALSE,,FALSE,0,llama3.2-3b,metamorpheus,constrained_filter_v2,2,benchmark,5.48
Run,File.Name,File.Name,1,TRUE,TRUE,FALSE,0.92,TRUE,1,llama3.2-3b,metamorpheus,constrained_filter_v2,2,benchmark,5.48
Intensity,Peak.intensity,Peak.intensity,1,TRUE,TRUE,FALSE,0.92,TRUE,1,llama3.2-3b,metamorpheus,constrained_filter_v2,2,benchmark,5.48
Qvalue,PIP.Q.Value,PIP.Q.Value,1,TRUE,TRUE,FALSE,0,TRUE,1,llama3.2-3b,metamorpheus,constrained_filter_v2,2,benchmark,5.48
ProteinName,Protein.Group,Protein.Group,1,TRUE,TRUE,FALSE,0.98,TRUE,1,llama3.2-3b,metamorpheus,constrained_filter_v2,3,benchmark,5.46
PeptideSequence,Base.Sequence,Full.Sequence,1,FALSE,FALSE,FALSE,0.98,TRUE,1,llama3.2-3b,metamorpheus,constrained_filter_v2,3,benchmark,5.46
PrecursorCharge,Precursor.Charge,Precursor.Charge,1,TRUE,TRUE,FALSE,0.98,TRUE,1,llama3.2-3b,metamorpheus,constrained_filter_v2,3,benchmark,5.46
FragmentIon,,,0,TRUE,TRUE,FALSE,,FALSE,0,llama3.2-3b,metamorpheus,constrained_filter_v2,3,benchmark,5.46
ProductCharge,,,0,TRUE,TRUE,FALSE,,FALSE,0,llama3.2-3b,metamorpheus,constrained_filter_v2,3,benchmark,5.46
Run,File.Name,File.Name,1,TRUE,TRUE,FALSE,0.92,TRUE,1,llama3.2-3b,metamorpheus,constrained_filter_v2,3,benchmark,5.46
Intensity,Peak.intensity,Peak.intensity,1,TRUE,TRUE,FALSE,0.92,TRUE,1,llama3.2-3b,metamorpheus,constrained_filter_v2,3,benchmark,5.46
Qvalue,PIP.Q.Value,PIP.Q.Value,1,TRUE,TRUE,FALSE,0,TRUE,1,llama3.2-3b,metamorpheus,constrained_filter_v2,3,benchmark,5.46
ProteinName,Protein.Group,Protein.Group,1,TRUE,TRUE,FALSE,0.98,TRUE,1,llama3.2-3b,metamorpheus,constrained_v3,1,benchmark,3.9
PeptideSequence,Full.Sequence,Full.Sequence,1,TRUE,TRUE,FALSE,0.98,TRUE,1,llama3.2-3b,metamorpheus,constrained_v3,1,benchmark,3.9
PrecursorCharge,Precursor.Charge,Precursor.Charge,1,TRUE,TRUE,FALSE,0.98,TRUE,1,llama3.2-3b,metamorpheus,constrained_v3,1,benchmark,3.9
FragmentIon,,,0,TRUE,TRUE,FALSE,0,TRUE,1,llama3.2-3b,metamorpheus,constrained_v3,1,benchmark,3.9
ProductCharge,,,0,TRUE,TRUE,FALSE,0,TRUE,1,llama3.2-3b,metamorpheus,constrained_v3,1,benchmark,3.9
Run,,File.Name,1,FALSE,FALSE,FALSE,0,TRUE,1,llama3.2-3b,metamorpheus,constrained_v3,1,benchmark,3.9
Intensity,Peak.intensity,Peak.intensity,1,TRUE,TRUE,FALSE,0.92,TRUE,1,llama3.2-3b,metamorpheus,constrained_v3,1,benchmark,3.9
Qvalue,PIP.Q.Value,PIP.Q.Value,1,TRUE,TRUE,FALSE,0,TRUE,1,llama3.2-3b,metamorpheus,constrained_v3,1,benchmark,3.9
ProteinName,Protein.Group,Protein.Group,1,TRUE,TRUE,FALSE,0.98,TRUE,1,llama3.2-3b,metamorpheus,constrained_v3,2,benchmark,4.46
PeptideSequence,Full.Sequence,Full.Sequence,1,TRUE,TRUE,FALSE,0.98,TRUE,1,llama3.2-3b,metamorpheus,constrained_v3,2,benchmark,4.46
PrecursorCharge,Precursor.Charge,Precursor.Charge,1,TRUE,TRUE,FALSE,0.98,TRUE,1,llama3.2-3b,metamorpheus,constrained_v3,2,benchmark,4.46
FragmentIon,,,0,TRUE,TRUE,FALSE,0,TRUE,1,llama3.2-3b,metamorpheus,constrained_v3,2,benchmark,4.46
ProductCharge,,,0,TRUE,TRUE,FALSE,0,TRUE,1,llama3.2-3b,metamorpheus,constrained_v3,2,benchmark,4.46
Run,,File.Name,1,FALSE,FALSE,FALSE,0,TRUE,1,llama3.2-3b,metamorpheus,constrained_v3,2,benchmark,4.46
Intensity,Peak.intensity,Peak.intensity,1,TRUE,TRUE,FALSE,0.92,TRUE,1,llama3.2-3b,metamorpheus,constrained_v3,2,benchmark,4.46
Qvalue,PIP.Q.Value,PIP.Q.Value,1,TRUE,TRUE,FALSE,0,TRUE,1,llama3.2-3b,metamorpheus,constrained_v3,2,benchmark,4.46
ProteinName,Protein.Group,Protein.Group,1,TRUE,TRUE,FALSE,0.98,TRUE,1,llama3.2-3b,metamorpheus,constrained_v3,3,benchmark,3.8
PeptideSequence,Full.Sequence,Full.Sequence,1,TRUE,TRUE,FALSE,0.98,TRUE,1,llama3.2-3b,metamorpheus,constrained_v3,3,benchmark,3.8
PrecursorCharge,Precursor.Charge,Precursor.Charge,1,TRUE,TRUE,FALSE,0.98,TRUE,1,llama3.2-3b,metamorpheus,constrained_v3,3,benchmark,3.8
FragmentIon,,,0,TRUE,TRUE,FALSE,0,TRUE,1,llama3.2-3b,metamorpheus,constrained_v3,3,benchmark,3.8
ProductCharge,,,0,TRUE,TRUE,FALSE,0,TRUE,1,llama3.2-3b,metamorpheus,constrained_v3,3,benchmark,3.8
Run,,File.Name,1,FALSE,FALSE,FALSE,0,TRUE,1,llama3.2-3b,metamorpheus,constrained_v3,3,benchmark,3.8
Intensity,Peak.intensity,Peak.intensity,1,TRUE,TRUE,FALSE,0.92,TRUE,1,llama3.2-3b,metamorpheus,constrained_v3,3,benchmark,3.8
Qvalue,PIP.Q.Value,PIP.Q.Value,1,TRUE,TRUE,FALSE,0,TRUE,1,llama3.2-3b,metamorpheus,constrained_v3,3,benchmark,3.8
ProteinName,Protein.Group,Protein.Group,1,TRUE,TRUE,FALSE,0.98,TRUE,1,llama3.2-3b,metamorpheus,constrained_filter_v3,1,benchmark,5.21
PeptideSequence,Base.Sequence,Full.Sequence,1,FALSE,FALSE,FALSE,0.98,TRUE,1,llama3.2-3b,metamorpheus,constrained_filter_v3,1,benchmark,5.21
PrecursorCharge,Precursor.Charge,Precursor.Charge,1,TRUE,TRUE,FALSE,0,TRUE,1,llama3.2-3b,metamorpheus,constrained_filter_v3,1,benchmark,5.21
FragmentIon,,,0,TRUE,TRUE,FALSE,0,TRUE,1,llama3.2-3b,metamorpheus,constrained_filter_v3,1,benchmark,5.21
ProductCharge,,,0,TRUE,TRUE,FALSE,0,TRUE,1,llama3.2-3b,metamorpheus,constrained_filter_v3,1,benchmark,5.21
Run,MS2.Retention.Time,File.Name,1,FALSE,FALSE,FALSE,0.92,TRUE,1,llama3.2-3b,metamorpheus,constrained_filter_v3,1,benchmark,5.21
Intensity,Peak.intensity,Peak.intensity,1,TRUE,TRUE,FALSE,0.92,TRUE,1,llama3.2-3b,metamorpheus,constrained_filter_v3,1,benchmark,5.21
Qvalue,PIP.Q.Value,PIP.Q.Value,1,TRUE,TRUE,FALSE,0,TRUE,1,llama3.2-3b,metamorpheus,constrained_filter_v3,1,benchmark,5.21
ProteinName,Protein.Group,Protein.Group,1,TRUE,TRUE,FALSE,0.98,TRUE,1,llama3.2-3b,metamorpheus,constrained_filter_v3,2,benchmark,5.85
PeptideSequence,Base.Sequence,Full.Sequence,1,FALSE,FALSE,FALSE,0.98,TRUE,1,llama3.2-3b,metamorpheus,constrained_filter_v3,2,benchmark,5.85
PrecursorCharge,Precursor.Charge,Precursor.Charge,1,TRUE,TRUE,FALSE,0,TRUE,1,llama3.2-3b,metamorpheus,constrained_filter_v3,2,benchmark,5.85
FragmentIon,,,0,TRUE,TRUE,FALSE,0,TRUE,1,llama3.2-3b,metamorpheus,constrained_filter_v3,2,benchmark,5.85
ProductCharge,,,0,TRUE,TRUE,FALSE,0,TRUE,1,llama3.2-3b,metamorpheus,constrained_filter_v3,2,benchmark,5.85
Run,MS2.Retention.Time,File.Name,1,FALSE,FALSE,FALSE,0.92,TRUE,1,llama3.2-3b,metamorpheus,constrained_filter_v3,2,benchmark,5.85
Intensity,Peak.intensity,Peak.intensity,1,TRUE,TRUE,FALSE,0.92,TRUE,1,llama3.2-3b,metamorpheus,constrained_filter_v3,2,benchmark,5.85
Qvalue,PIP.Q.Value,PIP.Q.Value,1,TRUE,TRUE,FALSE,0,TRUE,1,llama3.2-3b,metamorpheus,constrained_filter_v3,2,benchmark,5.85
ProteinName,Protein.Group,Protein.Group,1,TRUE,TRUE,FALSE,0.98,TRUE,1,llama3.2-3b,metamorpheus,constrained_filter_v3,3,benchmark,5.05
PeptideSequence,Base.Sequence,Full.Sequence,1,FALSE,FALSE,FALSE,0.98,TRUE,1,llama3.2-3b,metamorpheus,constrained_filter_v3,3,benchmark,5.05
PrecursorCharge,Precursor.Charge,Precursor.Charge,1,TRUE,TRUE,FALSE,0,TRUE,1,llama3.2-3b,metamorpheus,constrained_filter_v3,3,benchmark,5.05
FragmentIon,,,0,TRUE,TRUE,FALSE,0,TRUE,1,llama3.2-3b,metamorpheus,constrained_filter_v3,3,benchmark,5.05
ProductCharge,,,0,TRUE,TRUE,FALSE,0,TRUE,1,llama3.2-3b,metamorpheus,constrained_filter_v3,3,benchmark,5.05
Run,MS2.Retention.Time,File.Name,1,FALSE,FALSE,FALSE,0.92,TRUE,1,llama3.2-3b,metamorpheus,constrained_filter_v3,3,benchmark,5.05
Intensity,Peak.intensity,Peak.intensity,1,TRUE,TRUE,FALSE,0.92,TRUE,1,llama3.2-3b,metamorpheus,constrained_filter_v3,3,benchmark,5.05
Qvalue,PIP.Q.Value,PIP.Q.Value,1,TRUE,TRUE,FALSE,0,TRUE,1,llama3.2-3b,metamorpheus,constrained_filter_v3,3,benchmark,5.05
ProteinName,PG.ProteinNames,PG.ProteinGroups,2,FALSE,FALSE,FALSE,1,TRUE,1,llama3.1-8b,spectronaut,lean,1,benchmark,4.97
PeptideSequence,EG.ModifiedSequence,EG.ModifiedSequence,1,TRUE,TRUE,FALSE,0.9,TRUE,1,llama3.1-8b,spectronaut,lean,1,benchmark,4.97
PrecursorCharge,FG.Charge,FG.Charge,1,TRUE,TRUE,FALSE,1,TRUE,1,llama3.1-8b,spectronaut,lean,1,benchmark,4.97
FragmentIon,F.FrgIon,F.FrgIon,1,TRUE,TRUE,FALSE,1,TRUE,1,llama3.1-8b,spectronaut,lean,1,benchmark,4.97
ProductCharge,F.FrgNum,F.Charge,2,FALSE,FALSE,FALSE,0.8,TRUE,1,llama3.1-8b,spectronaut,lean,1,benchmark,4.97
Run,R.FileName,R.FileName,1,TRUE,TRUE,FALSE,1,TRUE,1,llama3.1-8b,spectronaut,lean,1,benchmark,4.97
Intensity,F.NormalizedPeakArea,F.PeakArea,4,FALSE,TRUE,FALSE,1,TRUE,1,llama3.1-8b,spectronaut,lean,1,benchmark,4.97
Qvalue,PG.Qvalue,EG.Qvalue,1,FALSE,FALSE,FALSE,1,TRUE,1,llama3.1-8b,spectronaut,lean,1,benchmark,4.97
ProteinName,PG.ProteinNames,PG.ProteinGroups,2,FALSE,FALSE,FALSE,1,TRUE,1,llama3.1-8b,spectronaut,lean,2,benchmark,4.78
PeptideSequence,EG.ModifiedSequence,EG.ModifiedSequence,1,TRUE,TRUE,FALSE,0.9,TRUE,1,llama3.1-8b,spectronaut,lean,2,benchmark,4.78
PrecursorCharge,FG.Charge,FG.Charge,1,TRUE,TRUE,FALSE,1,TRUE,1,llama3.1-8b,spectronaut,lean,2,benchmark,4.78
FragmentIon,F.FrgIon,F.FrgIon,1,TRUE,TRUE,FALSE,1,TRUE,1,llama3.1-8b,spectronaut,lean,2,benchmark,4.78
ProductCharge,F.FrgNum,F.Charge,2,FALSE,FALSE,FALSE,0.8,TRUE,1,llama3.1-8b,spectronaut,lean,2,benchmark,4.78
Run,R.FileName,R.FileName,1,TRUE,TRUE,FALSE,1,TRUE,1,llama3.1-8b,spectronaut,lean,2,benchmark,4.78
Intensity,F.NormalizedPeakArea,F.PeakArea,4,FALSE,TRUE,FALSE,1,TRUE,1,llama3.1-8b,spectronaut,lean,2,benchmark,4.78
Qvalue,PG.Qvalue,EG.Qvalue,1,FALSE,FALSE,FALSE,1,TRUE,1,llama3.1-8b,spectronaut,lean,2,benchmark,4.78
ProteinName,PG.ProteinNames,PG.ProteinGroups,2,FALSE,FALSE,FALSE,1,TRUE,1,llama3.1-8b,spectronaut,lean,3,benchmark,5.41
PeptideSequence,EG.ModifiedSequence,EG.ModifiedSequence,1,TRUE,TRUE,FALSE,0.9,TRUE,1,llama3.1-8b,spectronaut,lean,3,benchmark,5.41
PrecursorCharge,FG.Charge,FG.Charge,1,TRUE,TRUE,FALSE,1,TRUE,1,llama3.1-8b,spectronaut,lean,3,benchmark,5.41
FragmentIon,F.FrgIon,F.FrgIon,1,TRUE,TRUE,FALSE,1,TRUE,1,llama3.1-8b,spectronaut,lean,3,benchmark,5.41
ProductCharge,F.FrgNum,F.Charge,2,FALSE,FALSE,FALSE,0.8,TRUE,1,llama3.1-8b,spectronaut,lean,3,benchmark,5.41
Run,R.FileName,R.FileName,1,TRUE,TRUE,FALSE,1,TRUE,1,llama3.1-8b,spectronaut,lean,3,benchmark,5.41
Intensity,F.NormalizedPeakArea,F.PeakArea,4,FALSE,TRUE,FALSE,1,TRUE,1,llama3.1-8b,spectronaut,lean,3,benchmark,5.41
Qvalue,PG.Qvalue,EG.Qvalue,1,FALSE,FALSE,FALSE,1,TRUE,1,llama3.1-8b,spectronaut,lean,3,benchmark,5.41
ProteinName,PG.ProteinNames,PG.ProteinGroups,2,FALSE,FALSE,FALSE,0.98,TRUE,1,llama3.1-8b,spectronaut,constrained,1,benchmark,4.44
PeptideSequence,PEP.StrippedSequence,EG.ModifiedSequence,1,FALSE,FALSE,FALSE,0.98,TRUE,1,llama3.1-8b,spectronaut,constrained,1,benchmark,4.44
PrecursorCharge,FG.Charge,FG.Charge,1,TRUE,TRUE,FALSE,0.98,TRUE,1,llama3.1-8b,spectronaut,constrained,1,benchmark,4.44
FragmentIon,F.FrgIon,F.FrgIon,1,TRUE,TRUE,FALSE,0.98,TRUE,1,llama3.1-8b,spectronaut,constrained,1,benchmark,4.44
ProductCharge,FG.Charge,F.Charge,2,FALSE,FALSE,FALSE,0.98,TRUE,1,llama3.1-8b,spectronaut,constrained,1,benchmark,4.44
Run,R.FileName,R.FileName,1,TRUE,TRUE,FALSE,0.92,TRUE,1,llama3.1-8b,spectronaut,constrained,1,benchmark,4.44
Intensity,F.NormalizedPeakArea,F.PeakArea,4,FALSE,TRUE,FALSE,0.98,TRUE,1,llama3.1-8b,spectronaut,constrained,1,benchmark,4.44
Qvalue,EG.Qvalue,EG.Qvalue,1,TRUE,TRUE,FALSE,0.98,TRUE,1,llama3.1-8b,spectronaut,constrained,1,benchmark,4.44
ProteinName,PG.ProteinNames,PG.ProteinGroups,2,FALSE,FALSE,FALSE,0.98,TRUE,1,llama3.1-8b,spectronaut,constrained,2,benchmark,4.82
PeptideSequence,PEP.StrippedSequence,EG.ModifiedSequence,1,FALSE,FALSE,FALSE,0.98,TRUE,1,llama3.1-8b,spectronaut,constrained,2,benchmark,4.82
PrecursorCharge,FG.Charge,FG.Charge,1,TRUE,TRUE,FALSE,0.98,TRUE,1,llama3.1-8b,spectronaut,constrained,2,benchmark,4.82
FragmentIon,F.FrgIon,F.FrgIon,1,TRUE,TRUE,FALSE,0.98,TRUE,1,llama3.1-8b,spectronaut,constrained,2,benchmark,4.82
ProductCharge,FG.Charge,F.Charge,2,FALSE,FALSE,FALSE,0.98,TRUE,1,llama3.1-8b,spectronaut,constrained,2,benchmark,4.82
Run,R.FileName,R.FileName,1,TRUE,TRUE,FALSE,0.92,TRUE,1,llama3.1-8b,spectronaut,constrained,2,benchmark,4.82
Intensity,F.NormalizedPeakArea,F.PeakArea,4,FALSE,TRUE,FALSE,0.98,TRUE,1,llama3.1-8b,spectronaut,constrained,2,benchmark,4.82
Qvalue,EG.Qvalue,EG.Qvalue,1,TRUE,TRUE,FALSE,0.98,TRUE,1,llama3.1-8b,spectronaut,constrained,2,benchmark,4.82
ProteinName,PG.ProteinNames,PG.ProteinGroups,2,FALSE,FALSE,FALSE,0.98,TRUE,1,llama3.1-8b,spectronaut,constrained,3,benchmark,5.15
PeptideSequence,PEP.StrippedSequence,EG.ModifiedSequence,1,FALSE,FALSE,FALSE,0.98,TRUE,1,llama3.1-8b,spectronaut,constrained,3,benchmark,5.15
PrecursorCharge,FG.Charge,FG.Charge,1,TRUE,TRUE,FALSE,0.98,TRUE,1,llama3.1-8b,spectronaut,constrained,3,benchmark,5.15
FragmentIon,F.FrgIon,F.FrgIon,1,TRUE,TRUE,FALSE,0.98,TRUE,1,llama3.1-8b,spectronaut,constrained,3,benchmark,5.15
ProductCharge,FG.Charge,F.Charge,2,FALSE,FALSE,FALSE,0.98,TRUE,1,llama3.1-8b,spectronaut,constrained,3,benchmark,5.15
Run,R.FileName,R.FileName,1,TRUE,TRUE,FALSE,0.92,TRUE,1,llama3.1-8b,spectronaut,constrained,3,benchmark,5.15
Intensity,F.NormalizedPeakArea,F.PeakArea,4,FALSE,TRUE,FALSE,0.98,TRUE,1,llama3.1-8b,spectronaut,constrained,3,benchmark,5.15
Qvalue,EG.Qvalue,EG.Qvalue,1,TRUE,TRUE,FALSE,0.98,TRUE,1,llama3.1-8b,spectronaut,constrained,3,benchmark,5.15
ProteinName,PG.ProteinNames,PG.ProteinGroups,2,FALSE,FALSE,FALSE,1,TRUE,1,llama3.1-8b,spectronaut,filter_aware,1,benchmark,10.66
PeptideSequence,EG.ModifiedSequence,EG.ModifiedSequence,1,TRUE,TRUE,FALSE,0.9,TRUE,1,llama3.1-8b,spectronaut,filter_aware,1,benchmark,10.66
PrecursorCharge,FG.Charge,FG.Charge,1,TRUE,TRUE,FALSE,1,TRUE,1,llama3.1-8b,spectronaut,filter_aware,1,benchmark,10.66
FragmentIon,F.FrgIon,F.FrgIon,1,TRUE,TRUE,FALSE,1,TRUE,1,llama3.1-8b,spectronaut,filter_aware,1,benchmark,10.66
ProductCharge,FG.Charge,F.Charge,2,FALSE,FALSE,FALSE,1,TRUE,1,llama3.1-8b,spectronaut,filter_aware,1,benchmark,10.66
Run,R.FileName,R.FileName,1,TRUE,TRUE,FALSE,1,TRUE,1,llama3.1-8b,spectronaut,filter_aware,1,benchmark,10.66
Intensity,F.NormalizedPeakArea,F.PeakArea,4,FALSE,TRUE,FALSE,1,TRUE,1,llama3.1-8b,spectronaut,filter_aware,1,benchmark,10.66
Qvalue,PG.Qvalue,EG.Qvalue,1,FALSE,FALSE,FALSE,1,TRUE,1,llama3.1-8b,spectronaut,filter_aware,1,benchmark,10.66
ProteinName,PG.ProteinNames,PG.ProteinGroups,2,FALSE,FALSE,FALSE,1,TRUE,1,llama3.1-8b,spectronaut,filter_aware,2,benchmark,9.62
PeptideSequence,EG.ModifiedSequence,EG.ModifiedSequence,1,TRUE,TRUE,FALSE,0.9,TRUE,1,llama3.1-8b,spectronaut,filter_aware,2,benchmark,9.62
PrecursorCharge,FG.Charge,FG.Charge,1,TRUE,TRUE,FALSE,1,TRUE,1,llama3.1-8b,spectronaut,filter_aware,2,benchmark,9.62
FragmentIon,F.FrgIon,F.FrgIon,1,TRUE,TRUE,FALSE,1,TRUE,1,llama3.1-8b,spectronaut,filter_aware,2,benchmark,9.62
ProductCharge,FG.Charge,F.Charge,2,FALSE,FALSE,FALSE,1,TRUE,1,llama3.1-8b,spectronaut,filter_aware,2,benchmark,9.62
Run,R.FileName,R.FileName,1,TRUE,TRUE,FALSE,1,TRUE,1,llama3.1-8b,spectronaut,filter_aware,2,benchmark,9.62
Intensity,F.NormalizedPeakArea,F.PeakArea,4,FALSE,TRUE,FALSE,1,TRUE,1,llama3.1-8b,spectronaut,filter_aware,2,benchmark,9.62
Qvalue,PG.Qvalue,EG.Qvalue,1,FALSE,FALSE,FALSE,1,TRUE,1,llama3.1-8b,spectronaut,filter_aware,2,benchmark,9.62
ProteinName,PG.ProteinNames,PG.ProteinGroups,2,FALSE,FALSE,FALSE,1,TRUE,1,llama3.1-8b,spectronaut,filter_aware,3,benchmark,9.16
PeptideSequence,EG.ModifiedSequence,EG.ModifiedSequence,1,TRUE,TRUE,FALSE,0.9,TRUE,1,llama3.1-8b,spectronaut,filter_aware,3,benchmark,9.16
PrecursorCharge,FG.Charge,FG.Charge,1,TRUE,TRUE,FALSE,1,TRUE,1,llama3.1-8b,spectronaut,filter_aware,3,benchmark,9.16
FragmentIon,F.FrgIon,F.FrgIon,1,TRUE,TRUE,FALSE,1,TRUE,1,llama3.1-8b,spectronaut,filter_aware,3,benchmark,9.16
ProductCharge,FG.Charge,F.Charge,2,FALSE,FALSE,FALSE,1,TRUE,1,llama3.1-8b,spectronaut,filter_aware,3,benchmark,9.16
Run,R.FileName,R.FileName,1,TRUE,TRUE,FALSE,1,TRUE,1,llama3.1-8b,spectronaut,filter_aware,3,benchmark,9.16
Intensity,F.NormalizedPeakArea,F.PeakArea,4,FALSE,TRUE,FALSE,1,TRUE,1,llama3.1-8b,spectronaut,filter_aware,3,benchmark,9.16
Qvalue,PG.Qvalue,EG.Qvalue,1,FALSE,FALSE,FALSE,1,TRUE,1,llama3.1-8b,spectronaut,filter_aware,3,benchmark,9.16
ProteinName,PG.ProteinNames,PG.ProteinGroups,2,FALSE,FALSE,FALSE,0.98,TRUE,1,llama3.1-8b,spectronaut,constrained_filter,1,benchmark,9.3
PeptideSequence,PEP.StrippedSequence,EG.ModifiedSequence,1,FALSE,FALSE,FALSE,0.98,TRUE,1,llama3.1-8b,spectronaut,constrained_filter,1,benchmark,9.3
PrecursorCharge,FG.Charge,FG.Charge,1,TRUE,TRUE,FALSE,0.98,TRUE,1,llama3.1-8b,spectronaut,constrained_filter,1,benchmark,9.3
FragmentIon,F.FrgIon,F.FrgIon,1,TRUE,TRUE,FALSE,0.98,TRUE,1,llama3.1-8b,spectronaut,constrained_filter,1,benchmark,9.3
ProductCharge,FG.Charge,F.Charge,2,FALSE,FALSE,FALSE,0.98,TRUE,1,llama3.1-8b,spectronaut,constrained_filter,1,benchmark,9.3
Run,R.FileName,R.FileName,1,TRUE,TRUE,FALSE,0.92,TRUE,1,llama3.1-8b,spectronaut,constrained_filter,1,benchmark,9.3
Intensity,F.NormalizedPeakArea,F.PeakArea,4,FALSE,TRUE,FALSE,0.92,TRUE,1,llama3.1-8b,spectronaut,constrained_filter,1,benchmark,9.3
Qvalue,PG.Qvalue,EG.Qvalue,1,FALSE,FALSE,FALSE,0.98,TRUE,1,llama3.1-8b,spectronaut,constrained_filter,1,benchmark,9.3
ProteinName,PG.ProteinNames,PG.ProteinGroups,2,FALSE,FALSE,FALSE,0.98,TRUE,1,llama3.1-8b,spectronaut,constrained_filter,2,benchmark,9.45
PeptideSequence,PEP.StrippedSequence,EG.ModifiedSequence,1,FALSE,FALSE,FALSE,0.98,TRUE,1,llama3.1-8b,spectronaut,constrained_filter,2,benchmark,9.45
PrecursorCharge,FG.Charge,FG.Charge,1,TRUE,TRUE,FALSE,0.98,TRUE,1,llama3.1-8b,spectronaut,constrained_filter,2,benchmark,9.45
FragmentIon,F.FrgIon,F.FrgIon,1,TRUE,TRUE,FALSE,0.98,TRUE,1,llama3.1-8b,spectronaut,constrained_filter,2,benchmark,9.45
ProductCharge,FG.Charge,F.Charge,2,FALSE,FALSE,FALSE,0.98,TRUE,1,llama3.1-8b,spectronaut,constrained_filter,2,benchmark,9.45
Run,R.FileName,R.FileName,1,TRUE,TRUE,FALSE,0.92,TRUE,1,llama3.1-8b,spectronaut,constrained_filter,2,benchmark,9.45
Intensity,F.NormalizedPeakArea,F.PeakArea,4,FALSE,TRUE,FALSE,0.92,TRUE,1,llama3.1-8b,spectronaut,constrained_filter,2,benchmark,9.45
Qvalue,PG.Qvalue,EG.Qvalue,1,FALSE,FALSE,FALSE,0.98,TRUE,1,llama3.1-8b,spectronaut,constrained_filter,2,benchmark,9.45
ProteinName,PG.ProteinNames,PG.ProteinGroups,2,FALSE,FALSE,FALSE,0.98,TRUE,1,llama3.1-8b,spectronaut,constrained_filter,3,benchmark,9.97
PeptideSequence,PEP.StrippedSequence,EG.ModifiedSequence,1,FALSE,FALSE,FALSE,0.98,TRUE,1,llama3.1-8b,spectronaut,constrained_filter,3,benchmark,9.97
PrecursorCharge,FG.Charge,FG.Charge,1,TRUE,TRUE,FALSE,0.98,TRUE,1,llama3.1-8b,spectronaut,constrained_filter,3,benchmark,9.97
FragmentIon,F.FrgIon,F.FrgIon,1,TRUE,TRUE,FALSE,0.98,TRUE,1,llama3.1-8b,spectronaut,constrained_filter,3,benchmark,9.97
ProductCharge,FG.Charge,F.Charge,2,FALSE,FALSE,FALSE,0.98,TRUE,1,llama3.1-8b,spectronaut,constrained_filter,3,benchmark,9.97
Run,R.FileName,R.FileName,1,TRUE,TRUE,FALSE,0.92,TRUE,1,llama3.1-8b,spectronaut,constrained_filter,3,benchmark,9.97
Intensity,F.NormalizedPeakArea,F.PeakArea,4,FALSE,TRUE,FALSE,0.92,TRUE,1,llama3.1-8b,spectronaut,constrained_filter,3,benchmark,9.97
Qvalue,PG.Qvalue,EG.Qvalue,1,FALSE,FALSE,FALSE,0.98,TRUE,1,llama3.1-8b,spectronaut,constrained_filter,3,benchmark,9.97
ProteinName,PG.ProteinNames,PG.ProteinGroups,2,FALSE,FALSE,FALSE,0.98,TRUE,1,llama3.1-8b,spectronaut,constrained_v2,1,benchmark,5.41
PeptideSequence,EG.ModifiedSequence,EG.ModifiedSequence,1,TRUE,TRUE,FALSE,0.98,TRUE,1,llama3.1-8b,spectronaut,constrained_v2,1,benchmark,5.41
PrecursorCharge,FG.Charge,FG.Charge,1,TRUE,TRUE,FALSE,0.98,TRUE,1,llama3.1-8b,spectronaut,constrained_v2,1,benchmark,5.41
FragmentIon,F.FrgIon,F.FrgIon,1,TRUE,TRUE,FALSE,0.98,TRUE,1,llama3.1-8b,spectronaut,constrained_v2,1,benchmark,5.41
ProductCharge,FG.Charge,F.Charge,2,FALSE,FALSE,FALSE,0.98,TRUE,1,llama3.1-8b,spectronaut,constrained_v2,1,benchmark,5.41
Run,R.FileName,R.FileName,1,TRUE,TRUE,FALSE,0.92,TRUE,1,llama3.1-8b,spectronaut,constrained_v2,1,benchmark,5.41
Intensity,F.NormalizedPeakArea,F.PeakArea,4,FALSE,TRUE,FALSE,0.98,TRUE,1,llama3.1-8b,spectronaut,constrained_v2,1,benchmark,5.41
Qvalue,EG.Qvalue,EG.Qvalue,1,TRUE,TRUE,FALSE,0.98,TRUE,1,llama3.1-8b,spectronaut,constrained_v2,1,benchmark,5.41
ProteinName,PG.ProteinNames,PG.ProteinGroups,2,FALSE,FALSE,FALSE,0.98,TRUE,1,llama3.1-8b,spectronaut,constrained_v2,2,benchmark,4.81
PeptideSequence,EG.ModifiedSequence,EG.ModifiedSequence,1,TRUE,TRUE,FALSE,0.98,TRUE,1,llama3.1-8b,spectronaut,constrained_v2,2,benchmark,4.81
PrecursorCharge,FG.Charge,FG.Charge,1,TRUE,TRUE,FALSE,0.98,TRUE,1,llama3.1-8b,spectronaut,constrained_v2,2,benchmark,4.81
FragmentIon,F.FrgIon,F.FrgIon,1,TRUE,TRUE,FALSE,0.98,TRUE,1,llama3.1-8b,spectronaut,constrained_v2,2,benchmark,4.81
ProductCharge,FG.Charge,F.Charge,2,FALSE,FALSE,FALSE,0.98,TRUE,1,llama3.1-8b,spectronaut,constrained_v2,2,benchmark,4.81
Run,R.FileName,R.FileName,1,TRUE,TRUE,FALSE,0.92,TRUE,1,llama3.1-8b,spectronaut,constrained_v2,2,benchmark,4.81
Intensity,F.NormalizedPeakArea,F.PeakArea,4,FALSE,TRUE,FALSE,0.98,TRUE,1,llama3.1-8b,spectronaut,constrained_v2,2,benchmark,4.81
Qvalue,EG.Qvalue,EG.Qvalue,1,TRUE,TRUE,FALSE,0.98,TRUE,1,llama3.1-8b,spectronaut,constrained_v2,2,benchmark,4.81
ProteinName,PG.ProteinNames,PG.ProteinGroups,2,FALSE,FALSE,FALSE,0.98,TRUE,1,llama3.1-8b,spectronaut,constrained_v2,3,benchmark,5.48
PeptideSequence,EG.ModifiedSequence,EG.ModifiedSequence,1,TRUE,TRUE,FALSE,0.98,TRUE,1,llama3.1-8b,spectronaut,constrained_v2,3,benchmark,5.48
PrecursorCharge,FG.Charge,FG.Charge,1,TRUE,TRUE,FALSE,0.98,TRUE,1,llama3.1-8b,spectronaut,constrained_v2,3,benchmark,5.48
FragmentIon,F.FrgIon,F.FrgIon,1,TRUE,TRUE,FALSE,0.98,TRUE,1,llama3.1-8b,spectronaut,constrained_v2,3,benchmark,5.48
ProductCharge,FG.Charge,F.Charge,2,FALSE,FALSE,FALSE,0.98,TRUE,1,llama3.1-8b,spectronaut,constrained_v2,3,benchmark,5.48
Run,R.FileName,R.FileName,1,TRUE,TRUE,FALSE,0.92,TRUE,1,llama3.1-8b,spectronaut,constrained_v2,3,benchmark,5.48
Intensity,F.NormalizedPeakArea,F.PeakArea,4,FALSE,TRUE,FALSE,0.98,TRUE,1,llama3.1-8b,spectronaut,constrained_v2,3,benchmark,5.48
Qvalue,EG.Qvalue,EG.Qvalue,1,TRUE,TRUE,FALSE,0.98,TRUE,1,llama3.1-8b,spectronaut,constrained_v2,3,benchmark,5.48
ProteinName,PG.ProteinNames,PG.ProteinGroups,2,FALSE,FALSE,FALSE,0.98,TRUE,1,llama3.1-8b,spectronaut,constrained_filter_v2,1,benchmark,5.86
PeptideSequence,EG.ModifiedSequence,EG.ModifiedSequence,1,TRUE,TRUE,FALSE,0.98,TRUE,1,llama3.1-8b,spectronaut,constrained_filter_v2,1,benchmark,5.86
PrecursorCharge,FG.Charge,FG.Charge,1,TRUE,TRUE,FALSE,0.98,TRUE,1,llama3.1-8b,spectronaut,constrained_filter_v2,1,benchmark,5.86
FragmentIon,F.FrgIon,F.FrgIon,1,TRUE,TRUE,FALSE,0.98,TRUE,1,llama3.1-8b,spectronaut,constrained_filter_v2,1,benchmark,5.86
ProductCharge,FG.Charge,F.Charge,2,FALSE,FALSE,FALSE,0.98,TRUE,1,llama3.1-8b,spectronaut,constrained_filter_v2,1,benchmark,5.86
Run,R.FileName,R.FileName,1,TRUE,TRUE,FALSE,0.92,TRUE,1,llama3.1-8b,spectronaut,constrained_filter_v2,1,benchmark,5.86
Intensity,F.NormalizedPeakArea,F.PeakArea,4,FALSE,TRUE,FALSE,0.92,TRUE,1,llama3.1-8b,spectronaut,constrained_filter_v2,1,benchmark,5.86
Qvalue,PG.Qvalue,EG.Qvalue,1,FALSE,FALSE,FALSE,0.98,TRUE,1,llama3.1-8b,spectronaut,constrained_filter_v2,1,benchmark,5.86
ProteinName,PG.ProteinNames,PG.ProteinGroups,2,FALSE,FALSE,FALSE,0.98,TRUE,1,llama3.1-8b,spectronaut,constrained_filter_v2,2,benchmark,6.88
PeptideSequence,EG.ModifiedSequence,EG.ModifiedSequence,1,TRUE,TRUE,FALSE,0.98,TRUE,1,llama3.1-8b,spectronaut,constrained_filter_v2,2,benchmark,6.88
PrecursorCharge,FG.Charge,FG.Charge,1,TRUE,TRUE,FALSE,0.98,TRUE,1,llama3.1-8b,spectronaut,constrained_filter_v2,2,benchmark,6.88
FragmentIon,F.FrgIon,F.FrgIon,1,TRUE,TRUE,FALSE,0.98,TRUE,1,llama3.1-8b,spectronaut,constrained_filter_v2,2,benchmark,6.88
ProductCharge,FG.Charge,F.Charge,2,FALSE,FALSE,FALSE,0.98,TRUE,1,llama3.1-8b,spectronaut,constrained_filter_v2,2,benchmark,6.88
Run,R.FileName,R.FileName,1,TRUE,TRUE,FALSE,0.92,TRUE,1,llama3.1-8b,spectronaut,constrained_filter_v2,2,benchmark,6.88
Intensity,F.NormalizedPeakArea,F.PeakArea,4,FALSE,TRUE,FALSE,0.92,TRUE,1,llama3.1-8b,spectronaut,constrained_filter_v2,2,benchmark,6.88
Qvalue,PG.Qvalue,EG.Qvalue,1,FALSE,FALSE,FALSE,0.98,TRUE,1,llama3.1-8b,spectronaut,constrained_filter_v2,2,benchmark,6.88
ProteinName,PG.ProteinNames,PG.ProteinGroups,2,FALSE,FALSE,FALSE,0.98,TRUE,1,llama3.1-8b,spectronaut,constrained_filter_v2,3,benchmark,6.25
PeptideSequence,EG.ModifiedSequence,EG.ModifiedSequence,1,TRUE,TRUE,FALSE,0.98,TRUE,1,llama3.1-8b,spectronaut,constrained_filter_v2,3,benchmark,6.25
PrecursorCharge,FG.Charge,FG.Charge,1,TRUE,TRUE,FALSE,0.98,TRUE,1,llama3.1-8b,spectronaut,constrained_filter_v2,3,benchmark,6.25
FragmentIon,F.FrgIon,F.FrgIon,1,TRUE,TRUE,FALSE,0.98,TRUE,1,llama3.1-8b,spectronaut,constrained_filter_v2,3,benchmark,6.25
ProductCharge,FG.Charge,F.Charge,2,FALSE,FALSE,FALSE,0.98,TRUE,1,llama3.1-8b,spectronaut,constrained_filter_v2,3,benchmark,6.25
Run,R.FileName,R.FileName,1,TRUE,TRUE,FALSE,0.92,TRUE,1,llama3.1-8b,spectronaut,constrained_filter_v2,3,benchmark,6.25
Intensity,F.NormalizedPeakArea,F.PeakArea,4,FALSE,TRUE,FALSE,0.92,TRUE,1,llama3.1-8b,spectronaut,constrained_filter_v2,3,benchmark,6.25
Qvalue,PG.Qvalue,EG.Qvalue,1,FALSE,FALSE,FALSE,0.98,TRUE,1,llama3.1-8b,spectronaut,constrained_filter_v2,3,benchmark,6.25
ProteinName,PG.ProteinNames,PG.ProteinGroups,2,FALSE,FALSE,FALSE,0.98,TRUE,1,llama3.1-8b,spectronaut,constrained_v3,1,benchmark,5.32
PeptideSequence,EG.ModifiedSequence,EG.ModifiedSequence,1,TRUE,TRUE,FALSE,0.98,TRUE,1,llama3.1-8b,spectronaut,constrained_v3,1,benchmark,5.32
PrecursorCharge,FG.Charge,FG.Charge,1,TRUE,TRUE,FALSE,0.98,TRUE,1,llama3.1-8b,spectronaut,constrained_v3,1,benchmark,5.32
FragmentIon,F.FrgIon,F.FrgIon,1,TRUE,TRUE,FALSE,0.98,TRUE,1,llama3.1-8b,spectronaut,constrained_v3,1,benchmark,5.32
ProductCharge,F.Charge,F.Charge,2,TRUE,TRUE,FALSE,0.98,TRUE,1,llama3.1-8b,spectronaut,constrained_v3,1,benchmark,5.32
Run,R.FileName,R.FileName,1,TRUE,TRUE,FALSE,0.92,TRUE,1,llama3.1-8b,spectronaut,constrained_v3,1,benchmark,5.32
Intensity,F.NormalizedPeakArea,F.PeakArea,4,FALSE,TRUE,FALSE,0.98,TRUE,1,llama3.1-8b,spectronaut,constrained_v3,1,benchmark,5.32
Qvalue,EG.Qvalue,EG.Qvalue,1,TRUE,TRUE,FALSE,0.98,TRUE,1,llama3.1-8b,spectronaut,constrained_v3,1,benchmark,5.32
ProteinName,PG.ProteinNames,PG.ProteinGroups,2,FALSE,FALSE,FALSE,0.98,TRUE,1,llama3.1-8b,spectronaut,constrained_v3,2,benchmark,5.28
PeptideSequence,EG.ModifiedSequence,EG.ModifiedSequence,1,TRUE,TRUE,FALSE,0.98,TRUE,1,llama3.1-8b,spectronaut,constrained_v3,2,benchmark,5.28
PrecursorCharge,FG.Charge,FG.Charge,1,TRUE,TRUE,FALSE,0.98,TRUE,1,llama3.1-8b,spectronaut,constrained_v3,2,benchmark,5.28
FragmentIon,F.FrgIon,F.FrgIon,1,TRUE,TRUE,FALSE,0.98,TRUE,1,llama3.1-8b,spectronaut,constrained_v3,2,benchmark,5.28
ProductCharge,F.Charge,F.Charge,2,TRUE,TRUE,FALSE,0.98,TRUE,1,llama3.1-8b,spectronaut,constrained_v3,2,benchmark,5.28
Run,R.FileName,R.FileName,1,TRUE,TRUE,FALSE,0.92,TRUE,1,llama3.1-8b,spectronaut,constrained_v3,2,benchmark,5.28
Intensity,F.NormalizedPeakArea,F.PeakArea,4,FALSE,TRUE,FALSE,0.98,TRUE,1,llama3.1-8b,spectronaut,constrained_v3,2,benchmark,5.28
Qvalue,EG.Qvalue,EG.Qvalue,1,TRUE,TRUE,FALSE,0.98,TRUE,1,llama3.1-8b,spectronaut,constrained_v3,2,benchmark,5.28
ProteinName,PG.ProteinNames,PG.ProteinGroups,2,FALSE,FALSE,FALSE,0.98,TRUE,1,llama3.1-8b,spectronaut,constrained_v3,3,benchmark,5.61
PeptideSequence,EG.ModifiedSequence,EG.ModifiedSequence,1,TRUE,TRUE,FALSE,0.98,TRUE,1,llama3.1-8b,spectronaut,constrained_v3,3,benchmark,5.61
PrecursorCharge,FG.Charge,FG.Charge,1,TRUE,TRUE,FALSE,0.98,TRUE,1,llama3.1-8b,spectronaut,constrained_v3,3,benchmark,5.61
FragmentIon,F.FrgIon,F.FrgIon,1,TRUE,TRUE,FALSE,0.98,TRUE,1,llama3.1-8b,spectronaut,constrained_v3,3,benchmark,5.61
ProductCharge,F.Charge,F.Charge,2,TRUE,TRUE,FALSE,0.98,TRUE,1,llama3.1-8b,spectronaut,constrained_v3,3,benchmark,5.61
Run,R.FileName,R.FileName,1,TRUE,TRUE,FALSE,0.92,TRUE,1,llama3.1-8b,spectronaut,constrained_v3,3,benchmark,5.61
Intensity,F.NormalizedPeakArea,F.PeakArea,4,FALSE,TRUE,FALSE,0.98,TRUE,1,llama3.1-8b,spectronaut,constrained_v3,3,benchmark,5.61
Qvalue,EG.Qvalue,EG.Qvalue,1,TRUE,TRUE,FALSE,0.98,TRUE,1,llama3.1-8b,spectronaut,constrained_v3,3,benchmark,5.61
ProteinName,PG.ProteinNames,PG.ProteinGroups,2,FALSE,FALSE,FALSE,0.98,TRUE,1,llama3.1-8b,spectronaut,constrained_filter_v3,1,benchmark,6.42
PeptideSequence,EG.ModifiedSequence,EG.ModifiedSequence,1,TRUE,TRUE,FALSE,0.98,TRUE,1,llama3.1-8b,spectronaut,constrained_filter_v3,1,benchmark,6.42
PrecursorCharge,FG.Charge,FG.Charge,1,TRUE,TRUE,FALSE,0.98,TRUE,1,llama3.1-8b,spectronaut,constrained_filter_v3,1,benchmark,6.42
FragmentIon,F.FrgIon,F.FrgIon,1,TRUE,TRUE,FALSE,0.98,TRUE,1,llama3.1-8b,spectronaut,constrained_filter_v3,1,benchmark,6.42
ProductCharge,F.Charge,F.Charge,2,TRUE,TRUE,FALSE,0.98,TRUE,1,llama3.1-8b,spectronaut,constrained_filter_v3,1,benchmark,6.42
Run,R.FileName,R.FileName,1,TRUE,TRUE,FALSE,0.92,TRUE,1,llama3.1-8b,spectronaut,constrained_filter_v3,1,benchmark,6.42
Intensity,F.NormalizedPeakArea,F.PeakArea,4,FALSE,TRUE,FALSE,0.92,TRUE,1,llama3.1-8b,spectronaut,constrained_filter_v3,1,benchmark,6.42
Qvalue,PG.Qvalue,EG.Qvalue,1,FALSE,FALSE,FALSE,0.98,TRUE,1,llama3.1-8b,spectronaut,constrained_filter_v3,1,benchmark,6.42
ProteinName,PG.ProteinNames,PG.ProteinGroups,2,FALSE,FALSE,FALSE,0.98,TRUE,1,llama3.1-8b,spectronaut,constrained_filter_v3,2,benchmark,6.65
PeptideSequence,EG.ModifiedSequence,EG.ModifiedSequence,1,TRUE,TRUE,FALSE,0.98,TRUE,1,llama3.1-8b,spectronaut,constrained_filter_v3,2,benchmark,6.65
PrecursorCharge,FG.Charge,FG.Charge,1,TRUE,TRUE,FALSE,0.98,TRUE,1,llama3.1-8b,spectronaut,constrained_filter_v3,2,benchmark,6.65
FragmentIon,F.FrgIon,F.FrgIon,1,TRUE,TRUE,FALSE,0.98,TRUE,1,llama3.1-8b,spectronaut,constrained_filter_v3,2,benchmark,6.65
ProductCharge,F.Charge,F.Charge,2,TRUE,TRUE,FALSE,0.98,TRUE,1,llama3.1-8b,spectronaut,constrained_filter_v3,2,benchmark,6.65
Run,R.FileName,R.FileName,1,TRUE,TRUE,FALSE,0.92,TRUE,1,llama3.1-8b,spectronaut,constrained_filter_v3,2,benchmark,6.65
Intensity,F.NormalizedPeakArea,F.PeakArea,4,FALSE,TRUE,FALSE,0.92,TRUE,1,llama3.1-8b,spectronaut,constrained_filter_v3,2,benchmark,6.65
Qvalue,PG.Qvalue,EG.Qvalue,1,FALSE,FALSE,FALSE,0.98,TRUE,1,llama3.1-8b,spectronaut,constrained_filter_v3,2,benchmark,6.65
ProteinName,PG.ProteinNames,PG.ProteinGroups,2,FALSE,FALSE,FALSE,0.98,TRUE,1,llama3.1-8b,spectronaut,constrained_filter_v3,3,benchmark,5.01
PeptideSequence,EG.ModifiedSequence,EG.ModifiedSequence,1,TRUE,TRUE,FALSE,0.98,TRUE,1,llama3.1-8b,spectronaut,constrained_filter_v3,3,benchmark,5.01
PrecursorCharge,FG.Charge,FG.Charge,1,TRUE,TRUE,FALSE,0.98,TRUE,1,llama3.1-8b,spectronaut,constrained_filter_v3,3,benchmark,5.01
FragmentIon,F.FrgIon,F.FrgIon,1,TRUE,TRUE,FALSE,0.98,TRUE,1,llama3.1-8b,spectronaut,constrained_filter_v3,3,benchmark,5.01
ProductCharge,F.Charge,F.Charge,2,TRUE,TRUE,FALSE,0.98,TRUE,1,llama3.1-8b,spectronaut,constrained_filter_v3,3,benchmark,5.01
Run,R.FileName,R.FileName,1,TRUE,TRUE,FALSE,0.92,TRUE,1,llama3.1-8b,spectronaut,constrained_filter_v3,3,benchmark,5.01
Intensity,F.NormalizedPeakArea,F.PeakArea,4,FALSE,TRUE,FALSE,0.92,TRUE,1,llama3.1-8b,spectronaut,constrained_filter_v3,3,benchmark,5.01
Qvalue,PG.Qvalue,EG.Qvalue,1,FALSE,FALSE,FALSE,0.98,TRUE,1,llama3.1-8b,spectronaut,constrained_filter_v3,3,benchmark,5.01
ProteinName,Protein.Group.Accessions,Protein.Group.Accessions,1,TRUE,TRUE,FALSE,1,TRUE,1,llama3.1-8b,proteome_discoverer,lean,1,benchmark,4.85
PeptideSequence,Sequence,Sequence,1,TRUE,TRUE,FALSE,1,TRUE,1,llama3.1-8b,proteome_discoverer,lean,1,benchmark,4.85
PrecursorCharge,Charge,Charge,1,TRUE,TRUE,FALSE,1,TRUE,1,llama3.1-8b,proteome_discoverer,lean,1,benchmark,4.85
FragmentIon,,,0,TRUE,TRUE,FALSE,0,TRUE,1,llama3.1-8b,proteome_discoverer,lean,1,benchmark,4.85
ProductCharge,,,0,TRUE,TRUE,FALSE,0,TRUE,1,llama3.1-8b,proteome_discoverer,lean,1,benchmark,4.85
Run,Spectrum.File,Spectrum.File,1,TRUE,TRUE,FALSE,1,TRUE,1,llama3.1-8b,proteome_discoverer,lean,1,benchmark,4.85
Intensity,Intensity,Precursor.Area,3,FALSE,TRUE,FALSE,1,TRUE,1,llama3.1-8b,proteome_discoverer,lean,1,benchmark,4.85
Qvalue,,,0,TRUE,TRUE,FALSE,0,TRUE,1,llama3.1-8b,proteome_discoverer,lean,1,benchmark,4.85
ProteinName,Protein.Group.Accessions,Protein.Group.Accessions,1,TRUE,TRUE,FALSE,1,TRUE,1,llama3.1-8b,proteome_discoverer,lean,2,benchmark,4.81
PeptideSequence,Sequence,Sequence,1,TRUE,TRUE,FALSE,1,TRUE,1,llama3.1-8b,proteome_discoverer,lean,2,benchmark,4.81
PrecursorCharge,Charge,Charge,1,TRUE,TRUE,FALSE,1,TRUE,1,llama3.1-8b,proteome_discoverer,lean,2,benchmark,4.81
FragmentIon,,,0,TRUE,TRUE,FALSE,0,TRUE,1,llama3.1-8b,proteome_discoverer,lean,2,benchmark,4.81
ProductCharge,,,0,TRUE,TRUE,FALSE,0,TRUE,1,llama3.1-8b,proteome_discoverer,lean,2,benchmark,4.81
Run,Spectrum.File,Spectrum.File,1,TRUE,TRUE,FALSE,1,TRUE,1,llama3.1-8b,proteome_discoverer,lean,2,benchmark,4.81
Intensity,Intensity,Precursor.Area,3,FALSE,TRUE,FALSE,1,TRUE,1,llama3.1-8b,proteome_discoverer,lean,2,benchmark,4.81
Qvalue,,,0,TRUE,TRUE,FALSE,0,TRUE,1,llama3.1-8b,proteome_discoverer,lean,2,benchmark,4.81
ProteinName,Protein.Group.Accessions,Protein.Group.Accessions,1,TRUE,TRUE,FALSE,1,TRUE,1,llama3.1-8b,proteome_discoverer,lean,3,benchmark,5.11
PeptideSequence,Sequence,Sequence,1,TRUE,TRUE,FALSE,1,TRUE,1,llama3.1-8b,proteome_discoverer,lean,3,benchmark,5.11
PrecursorCharge,Charge,Charge,1,TRUE,TRUE,FALSE,1,TRUE,1,llama3.1-8b,proteome_discoverer,lean,3,benchmark,5.11
FragmentIon,,,0,TRUE,TRUE,FALSE,0,TRUE,1,llama3.1-8b,proteome_discoverer,lean,3,benchmark,5.11
ProductCharge,,,0,TRUE,TRUE,FALSE,0,TRUE,1,llama3.1-8b,proteome_discoverer,lean,3,benchmark,5.11
Run,Spectrum.File,Spectrum.File,1,TRUE,TRUE,FALSE,1,TRUE,1,llama3.1-8b,proteome_discoverer,lean,3,benchmark,5.11
Intensity,Intensity,Precursor.Area,3,FALSE,TRUE,FALSE,1,TRUE,1,llama3.1-8b,proteome_discoverer,lean,3,benchmark,5.11
Qvalue,,,0,TRUE,TRUE,FALSE,0,TRUE,1,llama3.1-8b,proteome_discoverer,lean,3,benchmark,5.11
ProteinName,Protein.Group.Accessions,Protein.Group.Accessions,1,TRUE,TRUE,FALSE,0.98,TRUE,1,llama3.1-8b,proteome_discoverer,constrained,1,benchmark,4.85
PeptideSequence,Sequence,Sequence,1,TRUE,TRUE,FALSE,0.98,TRUE,1,llama3.1-8b,proteome_discoverer,constrained,1,benchmark,4.85
PrecursorCharge,Charge,Charge,1,TRUE,TRUE,FALSE,0.98,TRUE,1,llama3.1-8b,proteome_discoverer,constrained,1,benchmark,4.85
FragmentIon,,,0,TRUE,TRUE,FALSE,0,TRUE,1,llama3.1-8b,proteome_discoverer,constrained,1,benchmark,4.85
ProductCharge,,,0,TRUE,TRUE,FALSE,0,TRUE,1,llama3.1-8b,proteome_discoverer,constrained,1,benchmark,4.85
Run,Spectrum.File,Spectrum.File,1,TRUE,TRUE,FALSE,0.92,TRUE,1,llama3.1-8b,proteome_discoverer,constrained,1,benchmark,4.85
Intensity,Intensity,Precursor.Area,3,FALSE,TRUE,FALSE,0.98,TRUE,1,llama3.1-8b,proteome_discoverer,constrained,1,benchmark,4.85
Qvalue,,,0,TRUE,TRUE,FALSE,0,TRUE,1,llama3.1-8b,proteome_discoverer,constrained,1,benchmark,4.85
ProteinName,Protein.Group.Accessions,Protein.Group.Accessions,1,TRUE,TRUE,FALSE,0.98,TRUE,1,llama3.1-8b,proteome_discoverer,constrained,2,benchmark,4.68
PeptideSequence,Sequence,Sequence,1,TRUE,TRUE,FALSE,0.98,TRUE,1,llama3.1-8b,proteome_discoverer,constrained,2,benchmark,4.68
PrecursorCharge,Charge,Charge,1,TRUE,TRUE,FALSE,0.98,TRUE,1,llama3.1-8b,proteome_discoverer,constrained,2,benchmark,4.68
FragmentIon,,,0,TRUE,TRUE,FALSE,0,TRUE,1,llama3.1-8b,proteome_discoverer,constrained,2,benchmark,4.68
ProductCharge,,,0,TRUE,TRUE,FALSE,0,TRUE,1,llama3.1-8b,proteome_discoverer,constrained,2,benchmark,4.68
Run,Spectrum.File,Spectrum.File,1,TRUE,TRUE,FALSE,0.92,TRUE,1,llama3.1-8b,proteome_discoverer,constrained,2,benchmark,4.68
Intensity,Intensity,Precursor.Area,3,FALSE,TRUE,FALSE,0.98,TRUE,1,llama3.1-8b,proteome_discoverer,constrained,2,benchmark,4.68
Qvalue,,,0,TRUE,TRUE,FALSE,0,TRUE,1,llama3.1-8b,proteome_discoverer,constrained,2,benchmark,4.68
ProteinName,Protein.Group.Accessions,Protein.Group.Accessions,1,TRUE,TRUE,FALSE,0.98,TRUE,1,llama3.1-8b,proteome_discoverer,constrained,3,benchmark,5.01
PeptideSequence,Sequence,Sequence,1,TRUE,TRUE,FALSE,0.98,TRUE,1,llama3.1-8b,proteome_discoverer,constrained,3,benchmark,5.01
PrecursorCharge,Charge,Charge,1,TRUE,TRUE,FALSE,0.98,TRUE,1,llama3.1-8b,proteome_discoverer,constrained,3,benchmark,5.01
FragmentIon,,,0,TRUE,TRUE,FALSE,0,TRUE,1,llama3.1-8b,proteome_discoverer,constrained,3,benchmark,5.01
ProductCharge,,,0,TRUE,TRUE,FALSE,0,TRUE,1,llama3.1-8b,proteome_discoverer,constrained,3,benchmark,5.01
Run,Spectrum.File,Spectrum.File,1,TRUE,TRUE,FALSE,0.92,TRUE,1,llama3.1-8b,proteome_discoverer,constrained,3,benchmark,5.01
Intensity,Intensity,Precursor.Area,3,FALSE,TRUE,FALSE,0.98,TRUE,1,llama3.1-8b,proteome_discoverer,constrained,3,benchmark,5.01
Qvalue,,,0,TRUE,TRUE,FALSE,0,TRUE,1,llama3.1-8b,proteome_discoverer,constrained,3,benchmark,5.01
ProteinName,Protein.Group.Accessions,Protein.Group.Accessions,1,TRUE,TRUE,FALSE,0.9,TRUE,1,llama3.1-8b,proteome_discoverer,filter_aware,1,benchmark,9.31
PeptideSequence,Sequence,Sequence,1,TRUE,TRUE,FALSE,0.8,TRUE,1,llama3.1-8b,proteome_discoverer,filter_aware,1,benchmark,9.31
PrecursorCharge,Charge,Charge,1,TRUE,TRUE,FALSE,0.7,TRUE,1,llama3.1-8b,proteome_discoverer,filter_aware,1,benchmark,9.31
FragmentIon,,,0,TRUE,TRUE,FALSE,0,TRUE,1,llama3.1-8b,proteome_discoverer,filter_aware,1,benchmark,9.31
ProductCharge,,,0,TRUE,TRUE,FALSE,0,TRUE,1,llama3.1-8b,proteome_discoverer,filter_aware,1,benchmark,9.31
Run,Spectrum.File,Spectrum.File,1,TRUE,TRUE,FALSE,0.6,TRUE,1,llama3.1-8b,proteome_discoverer,filter_aware,1,benchmark,9.31
Intensity,Intensity,Precursor.Area,3,FALSE,TRUE,FALSE,0.5,TRUE,1,llama3.1-8b,proteome_discoverer,filter_aware,1,benchmark,9.31
Qvalue,DeltaScore,,0,FALSE,FALSE,FALSE,0.4,TRUE,1,llama3.1-8b,proteome_discoverer,filter_aware,1,benchmark,9.31
ProteinName,Protein.Group.Accessions,Protein.Group.Accessions,1,TRUE,TRUE,FALSE,0.9,TRUE,1,llama3.1-8b,proteome_discoverer,filter_aware,2,benchmark,9.08
PeptideSequence,Sequence,Sequence,1,TRUE,TRUE,FALSE,0.8,TRUE,1,llama3.1-8b,proteome_discoverer,filter_aware,2,benchmark,9.08
PrecursorCharge,Charge,Charge,1,TRUE,TRUE,FALSE,0.7,TRUE,1,llama3.1-8b,proteome_discoverer,filter_aware,2,benchmark,9.08
FragmentIon,,,0,TRUE,TRUE,FALSE,0,TRUE,1,llama3.1-8b,proteome_discoverer,filter_aware,2,benchmark,9.08
ProductCharge,,,0,TRUE,TRUE,FALSE,0,TRUE,1,llama3.1-8b,proteome_discoverer,filter_aware,2,benchmark,9.08
Run,Spectrum.File,Spectrum.File,1,TRUE,TRUE,FALSE,0.6,TRUE,1,llama3.1-8b,proteome_discoverer,filter_aware,2,benchmark,9.08
Intensity,Intensity,Precursor.Area,3,FALSE,TRUE,FALSE,0.5,TRUE,1,llama3.1-8b,proteome_discoverer,filter_aware,2,benchmark,9.08
Qvalue,DeltaScore,,0,FALSE,FALSE,FALSE,0.4,TRUE,1,llama3.1-8b,proteome_discoverer,filter_aware,2,benchmark,9.08
ProteinName,Protein.Group.Accessions,Protein.Group.Accessions,1,TRUE,TRUE,FALSE,0.9,TRUE,1,llama3.1-8b,proteome_discoverer,filter_aware,3,benchmark,9.34
PeptideSequence,Sequence,Sequence,1,TRUE,TRUE,FALSE,0.8,TRUE,1,llama3.1-8b,proteome_discoverer,filter_aware,3,benchmark,9.34
PrecursorCharge,Charge,Charge,1,TRUE,TRUE,FALSE,0.7,TRUE,1,llama3.1-8b,proteome_discoverer,filter_aware,3,benchmark,9.34
FragmentIon,,,0,TRUE,TRUE,FALSE,0,TRUE,1,llama3.1-8b,proteome_discoverer,filter_aware,3,benchmark,9.34
ProductCharge,,,0,TRUE,TRUE,FALSE,0,TRUE,1,llama3.1-8b,proteome_discoverer,filter_aware,3,benchmark,9.34
Run,Spectrum.File,Spectrum.File,1,TRUE,TRUE,FALSE,0.6,TRUE,1,llama3.1-8b,proteome_discoverer,filter_aware,3,benchmark,9.34
Intensity,Intensity,Precursor.Area,3,FALSE,TRUE,FALSE,0.5,TRUE,1,llama3.1-8b,proteome_discoverer,filter_aware,3,benchmark,9.34
Qvalue,DeltaScore,,0,FALSE,FALSE,FALSE,0.4,TRUE,1,llama3.1-8b,proteome_discoverer,filter_aware,3,benchmark,9.34
ProteinName,Protein.Group.Accessions,Protein.Group.Accessions,1,TRUE,TRUE,FALSE,0.98,TRUE,1,llama3.1-8b,proteome_discoverer,constrained_filter,1,benchmark,13.76
PeptideSequence,Sequence,Sequence,1,TRUE,TRUE,FALSE,0.98,TRUE,1,llama3.1-8b,proteome_discoverer,constrained_filter,1,benchmark,13.76
PrecursorCharge,Charge,Charge,1,TRUE,TRUE,FALSE,0.98,TRUE,1,llama3.1-8b,proteome_discoverer,constrained_filter,1,benchmark,13.76
FragmentIon,,,0,TRUE,TRUE,FALSE,0,TRUE,1,llama3.1-8b,proteome_discoverer,constrained_filter,1,benchmark,13.76
ProductCharge,,,0,TRUE,TRUE,FALSE,0,TRUE,1,llama3.1-8b,proteome_discoverer,constrained_filter,1,benchmark,13.76
Run,Spectrum.File,Spectrum.File,1,TRUE,TRUE,FALSE,0.92,TRUE,1,llama3.1-8b,proteome_discoverer,constrained_filter,1,benchmark,13.76
Intensity,Intensity,Precursor.Area,3,FALSE,TRUE,FALSE,0.98,TRUE,1,llama3.1-8b,proteome_discoverer,constrained_filter,1,benchmark,13.76
Qvalue,,,0,TRUE,TRUE,FALSE,0,TRUE,1,llama3.1-8b,proteome_discoverer,constrained_filter,1,benchmark,13.76
ProteinName,Protein.Group.Accessions,Protein.Group.Accessions,1,TRUE,TRUE,FALSE,0.98,TRUE,1,llama3.1-8b,proteome_discoverer,constrained_filter,2,benchmark,14.01
PeptideSequence,Sequence,Sequence,1,TRUE,TRUE,FALSE,0.98,TRUE,1,llama3.1-8b,proteome_discoverer,constrained_filter,2,benchmark,14.01
PrecursorCharge,Charge,Charge,1,TRUE,TRUE,FALSE,0.98,TRUE,1,llama3.1-8b,proteome_discoverer,constrained_filter,2,benchmark,14.01
FragmentIon,,,0,TRUE,TRUE,FALSE,0,TRUE,1,llama3.1-8b,proteome_discoverer,constrained_filter,2,benchmark,14.01
ProductCharge,,,0,TRUE,TRUE,FALSE,0,TRUE,1,llama3.1-8b,proteome_discoverer,constrained_filter,2,benchmark,14.01
Run,Spectrum.File,Spectrum.File,1,TRUE,TRUE,FALSE,0.92,TRUE,1,llama3.1-8b,proteome_discoverer,constrained_filter,2,benchmark,14.01
Intensity,Intensity,Precursor.Area,3,FALSE,TRUE,FALSE,0.98,TRUE,1,llama3.1-8b,proteome_discoverer,constrained_filter,2,benchmark,14.01
Qvalue,,,0,TRUE,TRUE,FALSE,0,TRUE,1,llama3.1-8b,proteome_discoverer,constrained_filter,2,benchmark,14.01
ProteinName,Protein.Group.Accessions,Protein.Group.Accessions,1,TRUE,TRUE,FALSE,0.98,TRUE,1,llama3.1-8b,proteome_discoverer,constrained_filter,3,benchmark,13.84
PeptideSequence,Sequence,Sequence,1,TRUE,TRUE,FALSE,0.98,TRUE,1,llama3.1-8b,proteome_discoverer,constrained_filter,3,benchmark,13.84
PrecursorCharge,Charge,Charge,1,TRUE,TRUE,FALSE,0.98,TRUE,1,llama3.1-8b,proteome_discoverer,constrained_filter,3,benchmark,13.84
FragmentIon,,,0,TRUE,TRUE,FALSE,0,TRUE,1,llama3.1-8b,proteome_discoverer,constrained_filter,3,benchmark,13.84
ProductCharge,,,0,TRUE,TRUE,FALSE,0,TRUE,1,llama3.1-8b,proteome_discoverer,constrained_filter,3,benchmark,13.84
Run,Spectrum.File,Spectrum.File,1,TRUE,TRUE,FALSE,0.92,TRUE,1,llama3.1-8b,proteome_discoverer,constrained_filter,3,benchmark,13.84
Intensity,Intensity,Precursor.Area,3,FALSE,TRUE,FALSE,0.98,TRUE,1,llama3.1-8b,proteome_discoverer,constrained_filter,3,benchmark,13.84
Qvalue,,,0,TRUE,TRUE,FALSE,0,TRUE,1,llama3.1-8b,proteome_discoverer,constrained_filter,3,benchmark,13.84
ProteinName,Protein.Group.Accessions,Protein.Group.Accessions,1,TRUE,TRUE,FALSE,0.98,TRUE,1,llama3.1-8b,proteome_discoverer,constrained_v2,1,benchmark,4.31
PeptideSequence,Sequence,Sequence,1,TRUE,TRUE,FALSE,0.98,TRUE,1,llama3.1-8b,proteome_discoverer,constrained_v2,1,benchmark,4.31
PrecursorCharge,Charge,Charge,1,TRUE,TRUE,FALSE,0.98,TRUE,1,llama3.1-8b,proteome_discoverer,constrained_v2,1,benchmark,4.31
FragmentIon,,,0,TRUE,TRUE,FALSE,0,TRUE,1,llama3.1-8b,proteome_discoverer,constrained_v2,1,benchmark,4.31
ProductCharge,,,0,TRUE,TRUE,FALSE,0,TRUE,1,llama3.1-8b,proteome_discoverer,constrained_v2,1,benchmark,4.31
Run,Spectrum.File,Spectrum.File,1,TRUE,TRUE,FALSE,0.98,TRUE,1,llama3.1-8b,proteome_discoverer,constrained_v2,1,benchmark,4.31
Intensity,Intensity,Precursor.Area,3,FALSE,TRUE,FALSE,0.98,TRUE,1,llama3.1-8b,proteome_discoverer,constrained_v2,1,benchmark,4.31
Qvalue,,,0,TRUE,TRUE,FALSE,0,TRUE,1,llama3.1-8b,proteome_discoverer,constrained_v2,1,benchmark,4.31
ProteinName,Protein.Group.Accessions,Protein.Group.Accessions,1,TRUE,TRUE,FALSE,0.98,TRUE,1,llama3.1-8b,proteome_discoverer,constrained_v2,2,benchmark,4.78
PeptideSequence,Sequence,Sequence,1,TRUE,TRUE,FALSE,0.98,TRUE,1,llama3.1-8b,proteome_discoverer,constrained_v2,2,benchmark,4.78
PrecursorCharge,Charge,Charge,1,TRUE,TRUE,FALSE,0.98,TRUE,1,llama3.1-8b,proteome_discoverer,constrained_v2,2,benchmark,4.78
FragmentIon,,,0,TRUE,TRUE,FALSE,0,TRUE,1,llama3.1-8b,proteome_discoverer,constrained_v2,2,benchmark,4.78
ProductCharge,,,0,TRUE,TRUE,FALSE,0,TRUE,1,llama3.1-8b,proteome_discoverer,constrained_v2,2,benchmark,4.78
Run,Spectrum.File,Spectrum.File,1,TRUE,TRUE,FALSE,0.98,TRUE,1,llama3.1-8b,proteome_discoverer,constrained_v2,2,benchmark,4.78
Intensity,Intensity,Precursor.Area,3,FALSE,TRUE,FALSE,0.98,TRUE,1,llama3.1-8b,proteome_discoverer,constrained_v2,2,benchmark,4.78
Qvalue,,,0,TRUE,TRUE,FALSE,0,TRUE,1,llama3.1-8b,proteome_discoverer,constrained_v2,2,benchmark,4.78
ProteinName,Protein.Group.Accessions,Protein.Group.Accessions,1,TRUE,TRUE,FALSE,0.98,TRUE,1,llama3.1-8b,proteome_discoverer,constrained_v2,3,benchmark,4.61
PeptideSequence,Sequence,Sequence,1,TRUE,TRUE,FALSE,0.98,TRUE,1,llama3.1-8b,proteome_discoverer,constrained_v2,3,benchmark,4.61
PrecursorCharge,Charge,Charge,1,TRUE,TRUE,FALSE,0.98,TRUE,1,llama3.1-8b,proteome_discoverer,constrained_v2,3,benchmark,4.61
FragmentIon,,,0,TRUE,TRUE,FALSE,0,TRUE,1,llama3.1-8b,proteome_discoverer,constrained_v2,3,benchmark,4.61
ProductCharge,,,0,TRUE,TRUE,FALSE,0,TRUE,1,llama3.1-8b,proteome_discoverer,constrained_v2,3,benchmark,4.61
Run,Spectrum.File,Spectrum.File,1,TRUE,TRUE,FALSE,0.98,TRUE,1,llama3.1-8b,proteome_discoverer,constrained_v2,3,benchmark,4.61
Intensity,Intensity,Precursor.Area,3,FALSE,TRUE,FALSE,0.98,TRUE,1,llama3.1-8b,proteome_discoverer,constrained_v2,3,benchmark,4.61
Qvalue,,,0,TRUE,TRUE,FALSE,0,TRUE,1,llama3.1-8b,proteome_discoverer,constrained_v2,3,benchmark,4.61
ProteinName,Protein.Group.Accessions,Protein.Group.Accessions,1,TRUE,TRUE,FALSE,0.98,TRUE,1,llama3.1-8b,proteome_discoverer,constrained_filter_v2,1,benchmark,6.37
PeptideSequence,Sequence,Sequence,1,TRUE,TRUE,FALSE,0.98,TRUE,1,llama3.1-8b,proteome_discoverer,constrained_filter_v2,1,benchmark,6.37
PrecursorCharge,Charge,Charge,1,TRUE,TRUE,FALSE,0.98,TRUE,1,llama3.1-8b,proteome_discoverer,constrained_filter_v2,1,benchmark,6.37
FragmentIon,,,0,TRUE,TRUE,FALSE,0,TRUE,1,llama3.1-8b,proteome_discoverer,constrained_filter_v2,1,benchmark,6.37
ProductCharge,,,0,TRUE,TRUE,FALSE,0,TRUE,1,llama3.1-8b,proteome_discoverer,constrained_filter_v2,1,benchmark,6.37
Run,Spectrum.File,Spectrum.File,1,TRUE,TRUE,FALSE,0.98,TRUE,1,llama3.1-8b,proteome_discoverer,constrained_filter_v2,1,benchmark,6.37
Intensity,Intensity,Precursor.Area,3,FALSE,TRUE,FALSE,0.98,TRUE,1,llama3.1-8b,proteome_discoverer,constrained_filter_v2,1,benchmark,6.37
Qvalue,,,0,TRUE,TRUE,FALSE,0,TRUE,1,llama3.1-8b,proteome_discoverer,constrained_filter_v2,1,benchmark,6.37
ProteinName,Protein.Group.Accessions,Protein.Group.Accessions,1,TRUE,TRUE,FALSE,0.98,TRUE,1,llama3.1-8b,proteome_discoverer,constrained_filter_v2,2,benchmark,6.27
PeptideSequence,Sequence,Sequence,1,TRUE,TRUE,FALSE,0.98,TRUE,1,llama3.1-8b,proteome_discoverer,constrained_filter_v2,2,benchmark,6.27
PrecursorCharge,Charge,Charge,1,TRUE,TRUE,FALSE,0.98,TRUE,1,llama3.1-8b,proteome_discoverer,constrained_filter_v2,2,benchmark,6.27
FragmentIon,,,0,TRUE,TRUE,FALSE,0,TRUE,1,llama3.1-8b,proteome_discoverer,constrained_filter_v2,2,benchmark,6.27
ProductCharge,,,0,TRUE,TRUE,FALSE,0,TRUE,1,llama3.1-8b,proteome_discoverer,constrained_filter_v2,2,benchmark,6.27
Run,Spectrum.File,Spectrum.File,1,TRUE,TRUE,FALSE,0.98,TRUE,1,llama3.1-8b,proteome_discoverer,constrained_filter_v2,2,benchmark,6.27
Intensity,Intensity,Precursor.Area,3,FALSE,TRUE,FALSE,0.98,TRUE,1,llama3.1-8b,proteome_discoverer,constrained_filter_v2,2,benchmark,6.27
Qvalue,,,0,TRUE,TRUE,FALSE,0,TRUE,1,llama3.1-8b,proteome_discoverer,constrained_filter_v2,2,benchmark,6.27
ProteinName,Protein.Group.Accessions,Protein.Group.Accessions,1,TRUE,TRUE,FALSE,0.98,TRUE,1,llama3.1-8b,proteome_discoverer,constrained_filter_v2,3,benchmark,5.27
PeptideSequence,Sequence,Sequence,1,TRUE,TRUE,FALSE,0.98,TRUE,1,llama3.1-8b,proteome_discoverer,constrained_filter_v2,3,benchmark,5.27
PrecursorCharge,Charge,Charge,1,TRUE,TRUE,FALSE,0.98,TRUE,1,llama3.1-8b,proteome_discoverer,constrained_filter_v2,3,benchmark,5.27
FragmentIon,,,0,TRUE,TRUE,FALSE,0,TRUE,1,llama3.1-8b,proteome_discoverer,constrained_filter_v2,3,benchmark,5.27
ProductCharge,,,0,TRUE,TRUE,FALSE,0,TRUE,1,llama3.1-8b,proteome_discoverer,constrained_filter_v2,3,benchmark,5.27
Run,Spectrum.File,Spectrum.File,1,TRUE,TRUE,FALSE,0.98,TRUE,1,llama3.1-8b,proteome_discoverer,constrained_filter_v2,3,benchmark,5.27
Intensity,Intensity,Precursor.Area,3,FALSE,TRUE,FALSE,0.98,TRUE,1,llama3.1-8b,proteome_discoverer,constrained_filter_v2,3,benchmark,5.27
Qvalue,,,0,TRUE,TRUE,FALSE,0,TRUE,1,llama3.1-8b,proteome_discoverer,constrained_filter_v2,3,benchmark,5.27
ProteinName,Protein.Group.Accessions,Protein.Group.Accessions,1,TRUE,TRUE,FALSE,0.98,TRUE,1,llama3.1-8b,proteome_discoverer,constrained_v3,1,benchmark,4.81
PeptideSequence,Sequence,Sequence,1,TRUE,TRUE,FALSE,0.98,TRUE,1,llama3.1-8b,proteome_discoverer,constrained_v3,1,benchmark,4.81
PrecursorCharge,Charge,Charge,1,TRUE,TRUE,FALSE,0.98,TRUE,1,llama3.1-8b,proteome_discoverer,constrained_v3,1,benchmark,4.81
FragmentIon,,,0,TRUE,TRUE,FALSE,0,TRUE,1,llama3.1-8b,proteome_discoverer,constrained_v3,1,benchmark,4.81
ProductCharge,,,0,TRUE,TRUE,FALSE,0,TRUE,1,llama3.1-8b,proteome_discoverer,constrained_v3,1,benchmark,4.81
Run,Spectrum.File,Spectrum.File,1,TRUE,TRUE,FALSE,0.98,TRUE,1,llama3.1-8b,proteome_discoverer,constrained_v3,1,benchmark,4.81
Intensity,Intensity,Precursor.Area,3,FALSE,TRUE,FALSE,0.98,TRUE,1,llama3.1-8b,proteome_discoverer,constrained_v3,1,benchmark,4.81
Qvalue,,,0,TRUE,TRUE,FALSE,0,TRUE,1,llama3.1-8b,proteome_discoverer,constrained_v3,1,benchmark,4.81
ProteinName,Protein.Group.Accessions,Protein.Group.Accessions,1,TRUE,TRUE,FALSE,0.98,TRUE,1,llama3.1-8b,proteome_discoverer,constrained_v3,2,benchmark,4.71
PeptideSequence,Sequence,Sequence,1,TRUE,TRUE,FALSE,0.98,TRUE,1,llama3.1-8b,proteome_discoverer,constrained_v3,2,benchmark,4.71
PrecursorCharge,Charge,Charge,1,TRUE,TRUE,FALSE,0.98,TRUE,1,llama3.1-8b,proteome_discoverer,constrained_v3,2,benchmark,4.71
FragmentIon,,,0,TRUE,TRUE,FALSE,0,TRUE,1,llama3.1-8b,proteome_discoverer,constrained_v3,2,benchmark,4.71
ProductCharge,,,0,TRUE,TRUE,FALSE,0,TRUE,1,llama3.1-8b,proteome_discoverer,constrained_v3,2,benchmark,4.71
Run,Spectrum.File,Spectrum.File,1,TRUE,TRUE,FALSE,0.98,TRUE,1,llama3.1-8b,proteome_discoverer,constrained_v3,2,benchmark,4.71
Intensity,Intensity,Precursor.Area,3,FALSE,TRUE,FALSE,0.98,TRUE,1,llama3.1-8b,proteome_discoverer,constrained_v3,2,benchmark,4.71
Qvalue,,,0,TRUE,TRUE,FALSE,0,TRUE,1,llama3.1-8b,proteome_discoverer,constrained_v3,2,benchmark,4.71
ProteinName,Protein.Group.Accessions,Protein.Group.Accessions,1,TRUE,TRUE,FALSE,0.98,TRUE,1,llama3.1-8b,proteome_discoverer,constrained_v3,3,benchmark,4.64
PeptideSequence,Sequence,Sequence,1,TRUE,TRUE,FALSE,0.98,TRUE,1,llama3.1-8b,proteome_discoverer,constrained_v3,3,benchmark,4.64
PrecursorCharge,Charge,Charge,1,TRUE,TRUE,FALSE,0.98,TRUE,1,llama3.1-8b,proteome_discoverer,constrained_v3,3,benchmark,4.64
FragmentIon,,,0,TRUE,TRUE,FALSE,0,TRUE,1,llama3.1-8b,proteome_discoverer,constrained_v3,3,benchmark,4.64
ProductCharge,,,0,TRUE,TRUE,FALSE,0,TRUE,1,llama3.1-8b,proteome_discoverer,constrained_v3,3,benchmark,4.64
Run,Spectrum.File,Spectrum.File,1,TRUE,TRUE,FALSE,0.98,TRUE,1,llama3.1-8b,proteome_discoverer,constrained_v3,3,benchmark,4.64
Intensity,Intensity,Precursor.Area,3,FALSE,TRUE,FALSE,0.98,TRUE,1,llama3.1-8b,proteome_discoverer,constrained_v3,3,benchmark,4.64
Qvalue,,,0,TRUE,TRUE,FALSE,0,TRUE,1,llama3.1-8b,proteome_discoverer,constrained_v3,3,benchmark,4.64
ProteinName,Protein.Group.Accessions,Protein.Group.Accessions,1,TRUE,TRUE,FALSE,0.98,TRUE,1,llama3.1-8b,proteome_discoverer,constrained_filter_v3,1,benchmark,6.03
PeptideSequence,Sequence,Sequence,1,TRUE,TRUE,FALSE,0.98,TRUE,1,llama3.1-8b,proteome_discoverer,constrained_filter_v3,1,benchmark,6.03
PrecursorCharge,Charge,Charge,1,TRUE,TRUE,FALSE,0.98,TRUE,1,llama3.1-8b,proteome_discoverer,constrained_filter_v3,1,benchmark,6.03
FragmentIon,,,0,TRUE,TRUE,FALSE,,FALSE,0,llama3.1-8b,proteome_discoverer,constrained_filter_v3,1,benchmark,6.03
ProductCharge,,,0,TRUE,TRUE,FALSE,,FALSE,0,llama3.1-8b,proteome_discoverer,constrained_filter_v3,1,benchmark,6.03
Run,Spectrum.File,Spectrum.File,1,TRUE,TRUE,FALSE,0.92,TRUE,1,llama3.1-8b,proteome_discoverer,constrained_filter_v3,1,benchmark,6.03
Intensity,Intensity,Precursor.Area,3,FALSE,TRUE,FALSE,0.98,TRUE,1,llama3.1-8b,proteome_discoverer,constrained_filter_v3,1,benchmark,6.03
Qvalue,Confidence.Level,,0,FALSE,FALSE,FALSE,0.92,TRUE,1,llama3.1-8b,proteome_discoverer,constrained_filter_v3,1,benchmark,6.03
ProteinName,Protein.Group.Accessions,Protein.Group.Accessions,1,TRUE,TRUE,FALSE,0.98,TRUE,1,llama3.1-8b,proteome_discoverer,constrained_filter_v3,2,benchmark,6.3
PeptideSequence,Sequence,Sequence,1,TRUE,TRUE,FALSE,0.98,TRUE,1,llama3.1-8b,proteome_discoverer,constrained_filter_v3,2,benchmark,6.3
PrecursorCharge,Charge,Charge,1,TRUE,TRUE,FALSE,0.98,TRUE,1,llama3.1-8b,proteome_discoverer,constrained_filter_v3,2,benchmark,6.3
FragmentIon,,,0,TRUE,TRUE,FALSE,,FALSE,0,llama3.1-8b,proteome_discoverer,constrained_filter_v3,2,benchmark,6.3
ProductCharge,,,0,TRUE,TRUE,FALSE,,FALSE,0,llama3.1-8b,proteome_discoverer,constrained_filter_v3,2,benchmark,6.3
Run,Spectrum.File,Spectrum.File,1,TRUE,TRUE,FALSE,0.92,TRUE,1,llama3.1-8b,proteome_discoverer,constrained_filter_v3,2,benchmark,6.3
Intensity,Intensity,Precursor.Area,3,FALSE,TRUE,FALSE,0.98,TRUE,1,llama3.1-8b,proteome_discoverer,constrained_filter_v3,2,benchmark,6.3
Qvalue,Confidence.Level,,0,FALSE,FALSE,FALSE,0.92,TRUE,1,llama3.1-8b,proteome_discoverer,constrained_filter_v3,2,benchmark,6.3
ProteinName,Protein.Group.Accessions,Protein.Group.Accessions,1,TRUE,TRUE,FALSE,0.98,TRUE,1,llama3.1-8b,proteome_discoverer,constrained_filter_v3,3,benchmark,6.3
PeptideSequence,Sequence,Sequence,1,TRUE,TRUE,FALSE,0.98,TRUE,1,llama3.1-8b,proteome_discoverer,constrained_filter_v3,3,benchmark,6.3
PrecursorCharge,Charge,Charge,1,TRUE,TRUE,FALSE,0.98,TRUE,1,llama3.1-8b,proteome_discoverer,constrained_filter_v3,3,benchmark,6.3
FragmentIon,,,0,TRUE,TRUE,FALSE,,FALSE,0,llama3.1-8b,proteome_discoverer,constrained_filter_v3,3,benchmark,6.3
ProductCharge,,,0,TRUE,TRUE,FALSE,,FALSE,0,llama3.1-8b,proteome_discoverer,constrained_filter_v3,3,benchmark,6.3
Run,Spectrum.File,Spectrum.File,1,TRUE,TRUE,FALSE,0.92,TRUE,1,llama3.1-8b,proteome_discoverer,constrained_filter_v3,3,benchmark,6.3
Intensity,Intensity,Precursor.Area,3,FALSE,TRUE,FALSE,0.98,TRUE,1,llama3.1-8b,proteome_discoverer,constrained_filter_v3,3,benchmark,6.3
Qvalue,Confidence.Level,,0,FALSE,FALSE,FALSE,0.92,TRUE,1,llama3.1-8b,proteome_discoverer,constrained_filter_v3,3,benchmark,6.3
ProteinName,Protein.Group,Protein.Group,1,TRUE,TRUE,FALSE,0.9,TRUE,1,llama3.1-8b,metamorpheus,lean,1,benchmark,5
PeptideSequence,Base.Sequence,Full.Sequence,1,FALSE,FALSE,FALSE,0.9,TRUE,1,llama3.1-8b,metamorpheus,lean,1,benchmark,5
PrecursorCharge,Precursor.Charge,Precursor.Charge,1,TRUE,TRUE,FALSE,1,TRUE,1,llama3.1-8b,metamorpheus,lean,1,benchmark,5
FragmentIon,,,0,TRUE,TRUE,FALSE,0,TRUE,1,llama3.1-8b,metamorpheus,lean,1,benchmark,5
ProductCharge,,,0,TRUE,TRUE,FALSE,0,TRUE,1,llama3.1-8b,metamorpheus,lean,1,benchmark,5
Run,File.Name,File.Name,1,TRUE,TRUE,FALSE,0.8,TRUE,1,llama3.1-8b,metamorpheus,lean,1,benchmark,5
Intensity,Peak.intensity,Peak.intensity,1,TRUE,TRUE,FALSE,0.9,TRUE,1,llama3.1-8b,metamorpheus,lean,1,benchmark,5
Qvalue,PIP.Q.Value,PIP.Q.Value,1,TRUE,TRUE,FALSE,0.5,TRUE,1,llama3.1-8b,metamorpheus,lean,1,benchmark,5
ProteinName,Protein.Group,Protein.Group,1,TRUE,TRUE,FALSE,0.9,TRUE,1,llama3.1-8b,metamorpheus,lean,2,benchmark,4.85
PeptideSequence,Base.Sequence,Full.Sequence,1,FALSE,FALSE,FALSE,0.9,TRUE,1,llama3.1-8b,metamorpheus,lean,2,benchmark,4.85
PrecursorCharge,Precursor.Charge,Precursor.Charge,1,TRUE,TRUE,FALSE,1,TRUE,1,llama3.1-8b,metamorpheus,lean,2,benchmark,4.85
FragmentIon,,,0,TRUE,TRUE,FALSE,0,TRUE,1,llama3.1-8b,metamorpheus,lean,2,benchmark,4.85
ProductCharge,,,0,TRUE,TRUE,FALSE,0,TRUE,1,llama3.1-8b,metamorpheus,lean,2,benchmark,4.85
Run,File.Name,File.Name,1,TRUE,TRUE,FALSE,0.8,TRUE,1,llama3.1-8b,metamorpheus,lean,2,benchmark,4.85
Intensity,Peak.intensity,Peak.intensity,1,TRUE,TRUE,FALSE,0.9,TRUE,1,llama3.1-8b,metamorpheus,lean,2,benchmark,4.85
Qvalue,PIP.Q.Value,PIP.Q.Value,1,TRUE,TRUE,FALSE,0.5,TRUE,1,llama3.1-8b,metamorpheus,lean,2,benchmark,4.85
ProteinName,Protein.Group,Protein.Group,1,TRUE,TRUE,FALSE,0.9,TRUE,1,llama3.1-8b,metamorpheus,lean,3,benchmark,4.6
PeptideSequence,Base.Sequence,Full.Sequence,1,FALSE,FALSE,FALSE,0.9,TRUE,1,llama3.1-8b,metamorpheus,lean,3,benchmark,4.6
PrecursorCharge,Precursor.Charge,Precursor.Charge,1,TRUE,TRUE,FALSE,1,TRUE,1,llama3.1-8b,metamorpheus,lean,3,benchmark,4.6
FragmentIon,,,0,TRUE,TRUE,FALSE,0,TRUE,1,llama3.1-8b,metamorpheus,lean,3,benchmark,4.6
ProductCharge,,,0,TRUE,TRUE,FALSE,0,TRUE,1,llama3.1-8b,metamorpheus,lean,3,benchmark,4.6
Run,File.Name,File.Name,1,TRUE,TRUE,FALSE,0.8,TRUE,1,llama3.1-8b,metamorpheus,lean,3,benchmark,4.6
Intensity,Peak.intensity,Peak.intensity,1,TRUE,TRUE,FALSE,0.9,TRUE,1,llama3.1-8b,metamorpheus,lean,3,benchmark,4.6
Qvalue,PIP.Q.Value,PIP.Q.Value,1,TRUE,TRUE,FALSE,0.5,TRUE,1,llama3.1-8b,metamorpheus,lean,3,benchmark,4.6
ProteinName,Protein.Group,Protein.Group,1,TRUE,TRUE,FALSE,0.98,TRUE,1,llama3.1-8b,metamorpheus,constrained,1,benchmark,5.09
PeptideSequence,Base.Sequence,Full.Sequence,1,FALSE,FALSE,FALSE,0.98,TRUE,1,llama3.1-8b,metamorpheus,constrained,1,benchmark,5.09
PrecursorCharge,Precursor.Charge,Precursor.Charge,1,TRUE,TRUE,FALSE,0.98,TRUE,1,llama3.1-8b,metamorpheus,constrained,1,benchmark,5.09
FragmentIon,,,0,TRUE,TRUE,FALSE,0,TRUE,1,llama3.1-8b,metamorpheus,constrained,1,benchmark,5.09
ProductCharge,,,0,TRUE,TRUE,FALSE,0,TRUE,1,llama3.1-8b,metamorpheus,constrained,1,benchmark,5.09
Run,File.Name,File.Name,1,TRUE,TRUE,FALSE,0.92,TRUE,1,llama3.1-8b,metamorpheus,constrained,1,benchmark,5.09
Intensity,Peak.intensity,Peak.intensity,1,TRUE,TRUE,FALSE,0.98,TRUE,1,llama3.1-8b,metamorpheus,constrained,1,benchmark,5.09
Qvalue,PIP.Q.Value,PIP.Q.Value,1,TRUE,TRUE,FALSE,0.98,TRUE,1,llama3.1-8b,metamorpheus,constrained,1,benchmark,5.09
ProteinName,Protein.Group,Protein.Group,1,TRUE,TRUE,FALSE,0.98,TRUE,1,llama3.1-8b,metamorpheus,constrained,2,benchmark,5.38
PeptideSequence,Base.Sequence,Full.Sequence,1,FALSE,FALSE,FALSE,0.98,TRUE,1,llama3.1-8b,metamorpheus,constrained,2,benchmark,5.38
PrecursorCharge,Precursor.Charge,Precursor.Charge,1,TRUE,TRUE,FALSE,0.98,TRUE,1,llama3.1-8b,metamorpheus,constrained,2,benchmark,5.38
FragmentIon,,,0,TRUE,TRUE,FALSE,0,TRUE,1,llama3.1-8b,metamorpheus,constrained,2,benchmark,5.38
ProductCharge,,,0,TRUE,TRUE,FALSE,0,TRUE,1,llama3.1-8b,metamorpheus,constrained,2,benchmark,5.38
Run,File.Name,File.Name,1,TRUE,TRUE,FALSE,0.92,TRUE,1,llama3.1-8b,metamorpheus,constrained,2,benchmark,5.38
Intensity,Peak.intensity,Peak.intensity,1,TRUE,TRUE,FALSE,0.98,TRUE,1,llama3.1-8b,metamorpheus,constrained,2,benchmark,5.38
Qvalue,PIP.Q.Value,PIP.Q.Value,1,TRUE,TRUE,FALSE,0.98,TRUE,1,llama3.1-8b,metamorpheus,constrained,2,benchmark,5.38
ProteinName,Protein.Group,Protein.Group,1,TRUE,TRUE,FALSE,0.98,TRUE,1,llama3.1-8b,metamorpheus,constrained,3,benchmark,5.04
PeptideSequence,Base.Sequence,Full.Sequence,1,FALSE,FALSE,FALSE,0.98,TRUE,1,llama3.1-8b,metamorpheus,constrained,3,benchmark,5.04
PrecursorCharge,Precursor.Charge,Precursor.Charge,1,TRUE,TRUE,FALSE,0.98,TRUE,1,llama3.1-8b,metamorpheus,constrained,3,benchmark,5.04
FragmentIon,,,0,TRUE,TRUE,FALSE,0,TRUE,1,llama3.1-8b,metamorpheus,constrained,3,benchmark,5.04
ProductCharge,,,0,TRUE,TRUE,FALSE,0,TRUE,1,llama3.1-8b,metamorpheus,constrained,3,benchmark,5.04
Run,File.Name,File.Name,1,TRUE,TRUE,FALSE,0.92,TRUE,1,llama3.1-8b,metamorpheus,constrained,3,benchmark,5.04
Intensity,Peak.intensity,Peak.intensity,1,TRUE,TRUE,FALSE,0.98,TRUE,1,llama3.1-8b,metamorpheus,constrained,3,benchmark,5.04
Qvalue,PIP.Q.Value,PIP.Q.Value,1,TRUE,TRUE,FALSE,0.98,TRUE,1,llama3.1-8b,metamorpheus,constrained,3,benchmark,5.04
ProteinName,Protein.Group,Protein.Group,1,TRUE,TRUE,FALSE,0.9,TRUE,1,llama3.1-8b,metamorpheus,filter_aware,1,benchmark,7.3
PeptideSequence,Base.Sequence,Full.Sequence,1,FALSE,FALSE,FALSE,0.9,TRUE,1,llama3.1-8b,metamorpheus,filter_aware,1,benchmark,7.3
PrecursorCharge,Precursor.Charge,Precursor.Charge,1,TRUE,TRUE,FALSE,0.9,TRUE,1,llama3.1-8b,metamorpheus,filter_aware,1,benchmark,7.3
FragmentIon,,,0,TRUE,TRUE,FALSE,0,TRUE,1,llama3.1-8b,metamorpheus,filter_aware,1,benchmark,7.3
ProductCharge,,,0,TRUE,TRUE,FALSE,0,TRUE,1,llama3.1-8b,metamorpheus,filter_aware,1,benchmark,7.3
Run,File.Name,File.Name,1,TRUE,TRUE,FALSE,0.9,TRUE,1,llama3.1-8b,metamorpheus,filter_aware,1,benchmark,7.3
Intensity,Peak.intensity,Peak.intensity,1,TRUE,TRUE,FALSE,0.9,TRUE,1,llama3.1-8b,metamorpheus,filter_aware,1,benchmark,7.3
Qvalue,PIP.Q.Value,PIP.Q.Value,1,TRUE,TRUE,FALSE,0.5,TRUE,1,llama3.1-8b,metamorpheus,filter_aware,1,benchmark,7.3
ProteinName,Protein.Group,Protein.Group,1,TRUE,TRUE,FALSE,0.9,TRUE,1,llama3.1-8b,metamorpheus,filter_aware,2,benchmark,7.25
PeptideSequence,Base.Sequence,Full.Sequence,1,FALSE,FALSE,FALSE,0.9,TRUE,1,llama3.1-8b,metamorpheus,filter_aware,2,benchmark,7.25
PrecursorCharge,Precursor.Charge,Precursor.Charge,1,TRUE,TRUE,FALSE,0.9,TRUE,1,llama3.1-8b,metamorpheus,filter_aware,2,benchmark,7.25
FragmentIon,,,0,TRUE,TRUE,FALSE,0,TRUE,1,llama3.1-8b,metamorpheus,filter_aware,2,benchmark,7.25
ProductCharge,,,0,TRUE,TRUE,FALSE,0,TRUE,1,llama3.1-8b,metamorpheus,filter_aware,2,benchmark,7.25
Run,File.Name,File.Name,1,TRUE,TRUE,FALSE,0.9,TRUE,1,llama3.1-8b,metamorpheus,filter_aware,2,benchmark,7.25
Intensity,Peak.intensity,Peak.intensity,1,TRUE,TRUE,FALSE,0.9,TRUE,1,llama3.1-8b,metamorpheus,filter_aware,2,benchmark,7.25
Qvalue,PIP.Q.Value,PIP.Q.Value,1,TRUE,TRUE,FALSE,0.5,TRUE,1,llama3.1-8b,metamorpheus,filter_aware,2,benchmark,7.25
ProteinName,Protein.Group,Protein.Group,1,TRUE,TRUE,FALSE,0.9,TRUE,1,llama3.1-8b,metamorpheus,filter_aware,3,benchmark,7.3
PeptideSequence,Base.Sequence,Full.Sequence,1,FALSE,FALSE,FALSE,0.9,TRUE,1,llama3.1-8b,metamorpheus,filter_aware,3,benchmark,7.3
PrecursorCharge,Precursor.Charge,Precursor.Charge,1,TRUE,TRUE,FALSE,0.9,TRUE,1,llama3.1-8b,metamorpheus,filter_aware,3,benchmark,7.3
FragmentIon,,,0,TRUE,TRUE,FALSE,0,TRUE,1,llama3.1-8b,metamorpheus,filter_aware,3,benchmark,7.3
ProductCharge,,,0,TRUE,TRUE,FALSE,0,TRUE,1,llama3.1-8b,metamorpheus,filter_aware,3,benchmark,7.3
Run,File.Name,File.Name,1,TRUE,TRUE,FALSE,0.9,TRUE,1,llama3.1-8b,metamorpheus,filter_aware,3,benchmark,7.3
Intensity,Peak.intensity,Peak.intensity,1,TRUE,TRUE,FALSE,0.9,TRUE,1,llama3.1-8b,metamorpheus,filter_aware,3,benchmark,7.3
Qvalue,PIP.Q.Value,PIP.Q.Value,1,TRUE,TRUE,FALSE,0.5,TRUE,1,llama3.1-8b,metamorpheus,filter_aware,3,benchmark,7.3
ProteinName,Protein.Group,Protein.Group,1,TRUE,TRUE,FALSE,0.98,TRUE,1,llama3.1-8b,metamorpheus,constrained_filter,1,benchmark,6.34
PeptideSequence,Base.Sequence,Full.Sequence,1,FALSE,FALSE,FALSE,0.98,TRUE,1,llama3.1-8b,metamorpheus,constrained_filter,1,benchmark,6.34
PrecursorCharge,Precursor.Charge,Precursor.Charge,1,TRUE,TRUE,FALSE,0.98,TRUE,1,llama3.1-8b,metamorpheus,constrained_filter,1,benchmark,6.34
FragmentIon,,,0,TRUE,TRUE,FALSE,0,TRUE,1,llama3.1-8b,metamorpheus,constrained_filter,1,benchmark,6.34
ProductCharge,,,0,TRUE,TRUE,FALSE,0,TRUE,1,llama3.1-8b,metamorpheus,constrained_filter,1,benchmark,6.34
Run,File.Name,File.Name,1,TRUE,TRUE,FALSE,0.92,TRUE,1,llama3.1-8b,metamorpheus,constrained_filter,1,benchmark,6.34
Intensity,Peak.intensity,Peak.intensity,1,TRUE,TRUE,FALSE,0.98,TRUE,1,llama3.1-8b,metamorpheus,constrained_filter,1,benchmark,6.34
Qvalue,PIP.Q.Value,PIP.Q.Value,1,TRUE,TRUE,FALSE,0,TRUE,1,llama3.1-8b,metamorpheus,constrained_filter,1,benchmark,6.34
ProteinName,Protein.Group,Protein.Group,1,TRUE,TRUE,FALSE,0.98,TRUE,1,llama3.1-8b,metamorpheus,constrained_filter,2,benchmark,7.38
PeptideSequence,Base.Sequence,Full.Sequence,1,FALSE,FALSE,FALSE,0.98,TRUE,1,llama3.1-8b,metamorpheus,constrained_filter,2,benchmark,7.38
PrecursorCharge,Precursor.Charge,Precursor.Charge,1,TRUE,TRUE,FALSE,0.98,TRUE,1,llama3.1-8b,metamorpheus,constrained_filter,2,benchmark,7.38
FragmentIon,,,0,TRUE,TRUE,FALSE,0,TRUE,1,llama3.1-8b,metamorpheus,constrained_filter,2,benchmark,7.38
ProductCharge,,,0,TRUE,TRUE,FALSE,0,TRUE,1,llama3.1-8b,metamorpheus,constrained_filter,2,benchmark,7.38
Run,File.Name,File.Name,1,TRUE,TRUE,FALSE,0.92,TRUE,1,llama3.1-8b,metamorpheus,constrained_filter,2,benchmark,7.38
Intensity,Peak.intensity,Peak.intensity,1,TRUE,TRUE,FALSE,0.98,TRUE,1,llama3.1-8b,metamorpheus,constrained_filter,2,benchmark,7.38
Qvalue,PIP.Q.Value,PIP.Q.Value,1,TRUE,TRUE,FALSE,0,TRUE,1,llama3.1-8b,metamorpheus,constrained_filter,2,benchmark,7.38
ProteinName,Protein.Group,Protein.Group,1,TRUE,TRUE,FALSE,0.98,TRUE,1,llama3.1-8b,metamorpheus,constrained_filter,3,benchmark,7.46
PeptideSequence,Base.Sequence,Full.Sequence,1,FALSE,FALSE,FALSE,0.98,TRUE,1,llama3.1-8b,metamorpheus,constrained_filter,3,benchmark,7.46
PrecursorCharge,Precursor.Charge,Precursor.Charge,1,TRUE,TRUE,FALSE,0.98,TRUE,1,llama3.1-8b,metamorpheus,constrained_filter,3,benchmark,7.46
FragmentIon,,,0,TRUE,TRUE,FALSE,0,TRUE,1,llama3.1-8b,metamorpheus,constrained_filter,3,benchmark,7.46
ProductCharge,,,0,TRUE,TRUE,FALSE,0,TRUE,1,llama3.1-8b,metamorpheus,constrained_filter,3,benchmark,7.46
Run,File.Name,File.Name,1,TRUE,TRUE,FALSE,0.92,TRUE,1,llama3.1-8b,metamorpheus,constrained_filter,3,benchmark,7.46
Intensity,Peak.intensity,Peak.intensity,1,TRUE,TRUE,FALSE,0.98,TRUE,1,llama3.1-8b,metamorpheus,constrained_filter,3,benchmark,7.46
Qvalue,PIP.Q.Value,PIP.Q.Value,1,TRUE,TRUE,FALSE,0,TRUE,1,llama3.1-8b,metamorpheus,constrained_filter,3,benchmark,7.46
ProteinName,Protein.Group,Protein.Group,1,TRUE,TRUE,FALSE,0.98,TRUE,1,llama3.1-8b,metamorpheus,constrained_v2,1,benchmark,4.91
PeptideSequence,Full.Sequence,Full.Sequence,1,TRUE,TRUE,FALSE,0.98,TRUE,1,llama3.1-8b,metamorpheus,constrained_v2,1,benchmark,4.91
PrecursorCharge,Precursor.Charge,Precursor.Charge,1,TRUE,TRUE,FALSE,0.98,TRUE,1,llama3.1-8b,metamorpheus,constrained_v2,1,benchmark,4.91
FragmentIon,,,0,TRUE,TRUE,FALSE,0,TRUE,1,llama3.1-8b,metamorpheus,constrained_v2,1,benchmark,4.91
ProductCharge,,,0,TRUE,TRUE,FALSE,0,TRUE,1,llama3.1-8b,metamorpheus,constrained_v2,1,benchmark,4.91
Run,File.Name,File.Name,1,TRUE,TRUE,FALSE,0.92,TRUE,1,llama3.1-8b,metamorpheus,constrained_v2,1,benchmark,4.91
Intensity,Peak.intensity,Peak.intensity,1,TRUE,TRUE,FALSE,0.98,TRUE,1,llama3.1-8b,metamorpheus,constrained_v2,1,benchmark,4.91
Qvalue,PIP.Q.Value,PIP.Q.Value,1,TRUE,TRUE,FALSE,0,TRUE,1,llama3.1-8b,metamorpheus,constrained_v2,1,benchmark,4.91
ProteinName,Protein.Group,Protein.Group,1,TRUE,TRUE,FALSE,0.98,TRUE,1,llama3.1-8b,metamorpheus,constrained_v2,2,benchmark,4.85
PeptideSequence,Full.Sequence,Full.Sequence,1,TRUE,TRUE,FALSE,0.98,TRUE,1,llama3.1-8b,metamorpheus,constrained_v2,2,benchmark,4.85
PrecursorCharge,Precursor.Charge,Precursor.Charge,1,TRUE,TRUE,FALSE,0.98,TRUE,1,llama3.1-8b,metamorpheus,constrained_v2,2,benchmark,4.85
FragmentIon,,,0,TRUE,TRUE,FALSE,0,TRUE,1,llama3.1-8b,metamorpheus,constrained_v2,2,benchmark,4.85
ProductCharge,,,0,TRUE,TRUE,FALSE,0,TRUE,1,llama3.1-8b,metamorpheus,constrained_v2,2,benchmark,4.85
Run,File.Name,File.Name,1,TRUE,TRUE,FALSE,0.92,TRUE,1,llama3.1-8b,metamorpheus,constrained_v2,2,benchmark,4.85
Intensity,Peak.intensity,Peak.intensity,1,TRUE,TRUE,FALSE,0.98,TRUE,1,llama3.1-8b,metamorpheus,constrained_v2,2,benchmark,4.85
Qvalue,PIP.Q.Value,PIP.Q.Value,1,TRUE,TRUE,FALSE,0,TRUE,1,llama3.1-8b,metamorpheus,constrained_v2,2,benchmark,4.85
ProteinName,Protein.Group,Protein.Group,1,TRUE,TRUE,FALSE,0.98,TRUE,1,llama3.1-8b,metamorpheus,constrained_v2,3,benchmark,4.7
PeptideSequence,Full.Sequence,Full.Sequence,1,TRUE,TRUE,FALSE,0.98,TRUE,1,llama3.1-8b,metamorpheus,constrained_v2,3,benchmark,4.7
PrecursorCharge,Precursor.Charge,Precursor.Charge,1,TRUE,TRUE,FALSE,0.98,TRUE,1,llama3.1-8b,metamorpheus,constrained_v2,3,benchmark,4.7
FragmentIon,,,0,TRUE,TRUE,FALSE,0,TRUE,1,llama3.1-8b,metamorpheus,constrained_v2,3,benchmark,4.7
ProductCharge,,,0,TRUE,TRUE,FALSE,0,TRUE,1,llama3.1-8b,metamorpheus,constrained_v2,3,benchmark,4.7
Run,File.Name,File.Name,1,TRUE,TRUE,FALSE,0.92,TRUE,1,llama3.1-8b,metamorpheus,constrained_v2,3,benchmark,4.7
Intensity,Peak.intensity,Peak.intensity,1,TRUE,TRUE,FALSE,0.98,TRUE,1,llama3.1-8b,metamorpheus,constrained_v2,3,benchmark,4.7
Qvalue,PIP.Q.Value,PIP.Q.Value,1,TRUE,TRUE,FALSE,0,TRUE,1,llama3.1-8b,metamorpheus,constrained_v2,3,benchmark,4.7
ProteinName,Protein.Group,Protein.Group,1,TRUE,TRUE,FALSE,0.98,TRUE,1,llama3.1-8b,metamorpheus,constrained_filter_v2,1,benchmark,5.34
PeptideSequence,Full.Sequence,Full.Sequence,1,TRUE,TRUE,FALSE,0.98,TRUE,1,llama3.1-8b,metamorpheus,constrained_filter_v2,1,benchmark,5.34
PrecursorCharge,Precursor.Charge,Precursor.Charge,1,TRUE,TRUE,FALSE,0.98,TRUE,1,llama3.1-8b,metamorpheus,constrained_filter_v2,1,benchmark,5.34
FragmentIon,,,0,TRUE,TRUE,FALSE,0,TRUE,1,llama3.1-8b,metamorpheus,constrained_filter_v2,1,benchmark,5.34
ProductCharge,,,0,TRUE,TRUE,FALSE,0,TRUE,1,llama3.1-8b,metamorpheus,constrained_filter_v2,1,benchmark,5.34
Run,File.Name,File.Name,1,TRUE,TRUE,FALSE,0.92,TRUE,1,llama3.1-8b,metamorpheus,constrained_filter_v2,1,benchmark,5.34
Intensity,Peak.intensity,Peak.intensity,1,TRUE,TRUE,FALSE,0.98,TRUE,1,llama3.1-8b,metamorpheus,constrained_filter_v2,1,benchmark,5.34
Qvalue,PIP.Q.Value,PIP.Q.Value,1,TRUE,TRUE,FALSE,0,TRUE,1,llama3.1-8b,metamorpheus,constrained_filter_v2,1,benchmark,5.34
ProteinName,Protein.Group,Protein.Group,1,TRUE,TRUE,FALSE,0.98,TRUE,1,llama3.1-8b,metamorpheus,constrained_filter_v2,2,benchmark,4.93
PeptideSequence,Full.Sequence,Full.Sequence,1,TRUE,TRUE,FALSE,0.98,TRUE,1,llama3.1-8b,metamorpheus,constrained_filter_v2,2,benchmark,4.93
PrecursorCharge,Precursor.Charge,Precursor.Charge,1,TRUE,TRUE,FALSE,0.98,TRUE,1,llama3.1-8b,metamorpheus,constrained_filter_v2,2,benchmark,4.93
FragmentIon,,,0,TRUE,TRUE,FALSE,0,TRUE,1,llama3.1-8b,metamorpheus,constrained_filter_v2,2,benchmark,4.93
ProductCharge,,,0,TRUE,TRUE,FALSE,0,TRUE,1,llama3.1-8b,metamorpheus,constrained_filter_v2,2,benchmark,4.93
Run,File.Name,File.Name,1,TRUE,TRUE,FALSE,0.92,TRUE,1,llama3.1-8b,metamorpheus,constrained_filter_v2,2,benchmark,4.93
Intensity,Peak.intensity,Peak.intensity,1,TRUE,TRUE,FALSE,0.98,TRUE,1,llama3.1-8b,metamorpheus,constrained_filter_v2,2,benchmark,4.93
Qvalue,PIP.Q.Value,PIP.Q.Value,1,TRUE,TRUE,FALSE,0,TRUE,1,llama3.1-8b,metamorpheus,constrained_filter_v2,2,benchmark,4.93
ProteinName,Protein.Group,Protein.Group,1,TRUE,TRUE,FALSE,0.98,TRUE,1,llama3.1-8b,metamorpheus,constrained_filter_v2,3,benchmark,5.57
PeptideSequence,Full.Sequence,Full.Sequence,1,TRUE,TRUE,FALSE,0.98,TRUE,1,llama3.1-8b,metamorpheus,constrained_filter_v2,3,benchmark,5.57
PrecursorCharge,Precursor.Charge,Precursor.Charge,1,TRUE,TRUE,FALSE,0.98,TRUE,1,llama3.1-8b,metamorpheus,constrained_filter_v2,3,benchmark,5.57
FragmentIon,,,0,TRUE,TRUE,FALSE,0,TRUE,1,llama3.1-8b,metamorpheus,constrained_filter_v2,3,benchmark,5.57
ProductCharge,,,0,TRUE,TRUE,FALSE,0,TRUE,1,llama3.1-8b,metamorpheus,constrained_filter_v2,3,benchmark,5.57
Run,File.Name,File.Name,1,TRUE,TRUE,FALSE,0.92,TRUE,1,llama3.1-8b,metamorpheus,constrained_filter_v2,3,benchmark,5.57
Intensity,Peak.intensity,Peak.intensity,1,TRUE,TRUE,FALSE,0.98,TRUE,1,llama3.1-8b,metamorpheus,constrained_filter_v2,3,benchmark,5.57
Qvalue,PIP.Q.Value,PIP.Q.Value,1,TRUE,TRUE,FALSE,0,TRUE,1,llama3.1-8b,metamorpheus,constrained_filter_v2,3,benchmark,5.57
ProteinName,Protein.Group,Protein.Group,1,TRUE,TRUE,FALSE,0.98,TRUE,1,llama3.1-8b,metamorpheus,constrained_v3,1,benchmark,5.3
PeptideSequence,Full.Sequence,Full.Sequence,1,TRUE,TRUE,FALSE,0.98,TRUE,1,llama3.1-8b,metamorpheus,constrained_v3,1,benchmark,5.3
PrecursorCharge,Precursor.Charge,Precursor.Charge,1,TRUE,TRUE,FALSE,0.98,TRUE,1,llama3.1-8b,metamorpheus,constrained_v3,1,benchmark,5.3
FragmentIon,,,0,TRUE,TRUE,FALSE,0,TRUE,1,llama3.1-8b,metamorpheus,constrained_v3,1,benchmark,5.3
ProductCharge,,,0,TRUE,TRUE,FALSE,0,TRUE,1,llama3.1-8b,metamorpheus,constrained_v3,1,benchmark,5.3
Run,File.Name,File.Name,1,TRUE,TRUE,FALSE,0.92,TRUE,1,llama3.1-8b,metamorpheus,constrained_v3,1,benchmark,5.3
Intensity,Peak.intensity,Peak.intensity,1,TRUE,TRUE,FALSE,0.98,TRUE,1,llama3.1-8b,metamorpheus,constrained_v3,1,benchmark,5.3
Qvalue,PIP.Q.Value,PIP.Q.Value,1,TRUE,TRUE,FALSE,0,TRUE,1,llama3.1-8b,metamorpheus,constrained_v3,1,benchmark,5.3
ProteinName,Protein.Group,Protein.Group,1,TRUE,TRUE,FALSE,0.98,TRUE,1,llama3.1-8b,metamorpheus,constrained_v3,2,benchmark,4.93
PeptideSequence,Full.Sequence,Full.Sequence,1,TRUE,TRUE,FALSE,0.98,TRUE,1,llama3.1-8b,metamorpheus,constrained_v3,2,benchmark,4.93
PrecursorCharge,Precursor.Charge,Precursor.Charge,1,TRUE,TRUE,FALSE,0.98,TRUE,1,llama3.1-8b,metamorpheus,constrained_v3,2,benchmark,4.93
FragmentIon,,,0,TRUE,TRUE,FALSE,0,TRUE,1,llama3.1-8b,metamorpheus,constrained_v3,2,benchmark,4.93
ProductCharge,,,0,TRUE,TRUE,FALSE,0,TRUE,1,llama3.1-8b,metamorpheus,constrained_v3,2,benchmark,4.93
Run,File.Name,File.Name,1,TRUE,TRUE,FALSE,0.92,TRUE,1,llama3.1-8b,metamorpheus,constrained_v3,2,benchmark,4.93
Intensity,Peak.intensity,Peak.intensity,1,TRUE,TRUE,FALSE,0.98,TRUE,1,llama3.1-8b,metamorpheus,constrained_v3,2,benchmark,4.93
Qvalue,PIP.Q.Value,PIP.Q.Value,1,TRUE,TRUE,FALSE,0,TRUE,1,llama3.1-8b,metamorpheus,constrained_v3,2,benchmark,4.93
ProteinName,Protein.Group,Protein.Group,1,TRUE,TRUE,FALSE,0.98,TRUE,1,llama3.1-8b,metamorpheus,constrained_v3,3,benchmark,4.97
PeptideSequence,Full.Sequence,Full.Sequence,1,TRUE,TRUE,FALSE,0.98,TRUE,1,llama3.1-8b,metamorpheus,constrained_v3,3,benchmark,4.97
PrecursorCharge,Precursor.Charge,Precursor.Charge,1,TRUE,TRUE,FALSE,0.98,TRUE,1,llama3.1-8b,metamorpheus,constrained_v3,3,benchmark,4.97
FragmentIon,,,0,TRUE,TRUE,FALSE,0,TRUE,1,llama3.1-8b,metamorpheus,constrained_v3,3,benchmark,4.97
ProductCharge,,,0,TRUE,TRUE,FALSE,0,TRUE,1,llama3.1-8b,metamorpheus,constrained_v3,3,benchmark,4.97
Run,File.Name,File.Name,1,TRUE,TRUE,FALSE,0.92,TRUE,1,llama3.1-8b,metamorpheus,constrained_v3,3,benchmark,4.97
Intensity,Peak.intensity,Peak.intensity,1,TRUE,TRUE,FALSE,0.98,TRUE,1,llama3.1-8b,metamorpheus,constrained_v3,3,benchmark,4.97
Qvalue,PIP.Q.Value,PIP.Q.Value,1,TRUE,TRUE,FALSE,0,TRUE,1,llama3.1-8b,metamorpheus,constrained_v3,3,benchmark,4.97
ProteinName,Protein.Group,Protein.Group,1,TRUE,TRUE,FALSE,0.98,TRUE,1,llama3.1-8b,metamorpheus,constrained_filter_v3,1,benchmark,5.56
PeptideSequence,Full.Sequence,Full.Sequence,1,TRUE,TRUE,FALSE,0.98,TRUE,1,llama3.1-8b,metamorpheus,constrained_filter_v3,1,benchmark,5.56
PrecursorCharge,Precursor.Charge,Precursor.Charge,1,TRUE,TRUE,FALSE,0.98,TRUE,1,llama3.1-8b,metamorpheus,constrained_filter_v3,1,benchmark,5.56
FragmentIon,,,0,TRUE,TRUE,FALSE,0,TRUE,1,llama3.1-8b,metamorpheus,constrained_filter_v3,1,benchmark,5.56
ProductCharge,,,0,TRUE,TRUE,FALSE,0,TRUE,1,llama3.1-8b,metamorpheus,constrained_filter_v3,1,benchmark,5.56
Run,File.Name,File.Name,1,TRUE,TRUE,FALSE,0.92,TRUE,1,llama3.1-8b,metamorpheus,constrained_filter_v3,1,benchmark,5.56
Intensity,Peak.intensity,Peak.intensity,1,TRUE,TRUE,FALSE,0.98,TRUE,1,llama3.1-8b,metamorpheus,constrained_filter_v3,1,benchmark,5.56
Qvalue,PIP.Q.Value,PIP.Q.Value,1,TRUE,TRUE,FALSE,0,TRUE,1,llama3.1-8b,metamorpheus,constrained_filter_v3,1,benchmark,5.56
ProteinName,Protein.Group,Protein.Group,1,TRUE,TRUE,FALSE,0.98,TRUE,1,llama3.1-8b,metamorpheus,constrained_filter_v3,2,benchmark,5
PeptideSequence,Full.Sequence,Full.Sequence,1,TRUE,TRUE,FALSE,0.98,TRUE,1,llama3.1-8b,metamorpheus,constrained_filter_v3,2,benchmark,5
PrecursorCharge,Precursor.Charge,Precursor.Charge,1,TRUE,TRUE,FALSE,0.98,TRUE,1,llama3.1-8b,metamorpheus,constrained_filter_v3,2,benchmark,5
FragmentIon,,,0,TRUE,TRUE,FALSE,0,TRUE,1,llama3.1-8b,metamorpheus,constrained_filter_v3,2,benchmark,5
ProductCharge,,,0,TRUE,TRUE,FALSE,0,TRUE,1,llama3.1-8b,metamorpheus,constrained_filter_v3,2,benchmark,5
Run,File.Name,File.Name,1,TRUE,TRUE,FALSE,0.92,TRUE,1,llama3.1-8b,metamorpheus,constrained_filter_v3,2,benchmark,5
Intensity,Peak.intensity,Peak.intensity,1,TRUE,TRUE,FALSE,0.98,TRUE,1,llama3.1-8b,metamorpheus,constrained_filter_v3,2,benchmark,5
Qvalue,PIP.Q.Value,PIP.Q.Value,1,TRUE,TRUE,FALSE,0,TRUE,1,llama3.1-8b,metamorpheus,constrained_filter_v3,2,benchmark,5
ProteinName,Protein.Group,Protein.Group,1,TRUE,TRUE,FALSE,0.98,TRUE,1,llama3.1-8b,metamorpheus,constrained_filter_v3,3,benchmark,5.8
PeptideSequence,Full.Sequence,Full.Sequence,1,TRUE,TRUE,FALSE,0.98,TRUE,1,llama3.1-8b,metamorpheus,constrained_filter_v3,3,benchmark,5.8
PrecursorCharge,Precursor.Charge,Precursor.Charge,1,TRUE,TRUE,FALSE,0.98,TRUE,1,llama3.1-8b,metamorpheus,constrained_filter_v3,3,benchmark,5.8
FragmentIon,,,0,TRUE,TRUE,FALSE,0,TRUE,1,llama3.1-8b,metamorpheus,constrained_filter_v3,3,benchmark,5.8
ProductCharge,,,0,TRUE,TRUE,FALSE,0,TRUE,1,llama3.1-8b,metamorpheus,constrained_filter_v3,3,benchmark,5.8
Run,File.Name,File.Name,1,TRUE,TRUE,FALSE,0.92,TRUE,1,llama3.1-8b,metamorpheus,constrained_filter_v3,3,benchmark,5.8
Intensity,Peak.intensity,Peak.intensity,1,TRUE,TRUE,FALSE,0.98,TRUE,1,llama3.1-8b,metamorpheus,constrained_filter_v3,3,benchmark,5.8
Qvalue,PIP.Q.Value,PIP.Q.Value,1,TRUE,TRUE,FALSE,0,TRUE,1,llama3.1-8b,metamorpheus,constrained_filter_v3,3,benchmark,5.8
ProteinName,PG.ProteinNames,PG.ProteinGroups,2,FALSE,FALSE,FALSE,1,TRUE,1,deepseek-r1-14b,spectronaut,lean,1,benchmark,16.85
PeptideSequence,EG.ModifiedSequence,EG.ModifiedSequence,1,TRUE,TRUE,FALSE,1,TRUE,1,deepseek-r1-14b,spectronaut,lean,1,benchmark,16.85
PrecursorCharge,FG.Charge,FG.Charge,1,TRUE,TRUE,FALSE,1,TRUE,1,deepseek-r1-14b,spectronaut,lean,1,benchmark,16.85
FragmentIon,F.FrgIon,F.FrgIon,1,TRUE,TRUE,FALSE,1,TRUE,1,deepseek-r1-14b,spectronaut,lean,1,benchmark,16.85
ProductCharge,,F.Charge,2,FALSE,FALSE,FALSE,0,TRUE,1,deepseek-r1-14b,spectronaut,lean,1,benchmark,16.85
Run,R.FileName,R.FileName,1,TRUE,TRUE,FALSE,1,TRUE,1,deepseek-r1-14b,spectronaut,lean,1,benchmark,16.85
Intensity,F.NormalizedPeakArea,F.PeakArea,4,FALSE,TRUE,FALSE,1,TRUE,1,deepseek-r1-14b,spectronaut,lean,1,benchmark,16.85
Qvalue,EG.Qvalue,EG.Qvalue,1,TRUE,TRUE,FALSE,0.5,TRUE,1,deepseek-r1-14b,spectronaut,lean,1,benchmark,16.85
ProteinName,PG.ProteinNames,PG.ProteinGroups,2,FALSE,FALSE,FALSE,1,TRUE,1,deepseek-r1-14b,spectronaut,lean,2,benchmark,18.76
PeptideSequence,EG.ModifiedSequence,EG.ModifiedSequence,1,TRUE,TRUE,FALSE,1,TRUE,1,deepseek-r1-14b,spectronaut,lean,2,benchmark,18.76
PrecursorCharge,FG.Charge,FG.Charge,1,TRUE,TRUE,FALSE,1,TRUE,1,deepseek-r1-14b,spectronaut,lean,2,benchmark,18.76
FragmentIon,F.FrgIon,F.FrgIon,1,TRUE,TRUE,FALSE,1,TRUE,1,deepseek-r1-14b,spectronaut,lean,2,benchmark,18.76
ProductCharge,,F.Charge,2,FALSE,FALSE,FALSE,0,TRUE,1,deepseek-r1-14b,spectronaut,lean,2,benchmark,18.76
Run,R.FileName,R.FileName,1,TRUE,TRUE,FALSE,1,TRUE,1,deepseek-r1-14b,spectronaut,lean,2,benchmark,18.76
Intensity,F.NormalizedPeakArea,F.PeakArea,4,FALSE,TRUE,FALSE,1,TRUE,1,deepseek-r1-14b,spectronaut,lean,2,benchmark,18.76
Qvalue,EG.Qvalue,EG.Qvalue,1,TRUE,TRUE,FALSE,0.5,TRUE,1,deepseek-r1-14b,spectronaut,lean,2,benchmark,18.76
ProteinName,PG.ProteinNames,PG.ProteinGroups,2,FALSE,FALSE,FALSE,1,TRUE,1,deepseek-r1-14b,spectronaut,lean,3,benchmark,18.34
PeptideSequence,EG.ModifiedSequence,EG.ModifiedSequence,1,TRUE,TRUE,FALSE,1,TRUE,1,deepseek-r1-14b,spectronaut,lean,3,benchmark,18.34
PrecursorCharge,FG.Charge,FG.Charge,1,TRUE,TRUE,FALSE,1,TRUE,1,deepseek-r1-14b,spectronaut,lean,3,benchmark,18.34
FragmentIon,F.FrgIon,F.FrgIon,1,TRUE,TRUE,FALSE,1,TRUE,1,deepseek-r1-14b,spectronaut,lean,3,benchmark,18.34
ProductCharge,,F.Charge,2,FALSE,FALSE,FALSE,0,TRUE,1,deepseek-r1-14b,spectronaut,lean,3,benchmark,18.34
Run,R.FileName,R.FileName,1,TRUE,TRUE,FALSE,1,TRUE,1,deepseek-r1-14b,spectronaut,lean,3,benchmark,18.34
Intensity,F.NormalizedPeakArea,F.PeakArea,4,FALSE,TRUE,FALSE,1,TRUE,1,deepseek-r1-14b,spectronaut,lean,3,benchmark,18.34
Qvalue,EG.Qvalue,EG.Qvalue,1,TRUE,TRUE,FALSE,0.5,TRUE,1,deepseek-r1-14b,spectronaut,lean,3,benchmark,18.34
ProteinName,PG.ProteinNames,PG.ProteinGroups,2,FALSE,FALSE,FALSE,0.98,TRUE,1,deepseek-r1-14b,spectronaut,constrained,1,benchmark,20.36
PeptideSequence,PEP.StrippedSequence,EG.ModifiedSequence,1,FALSE,FALSE,FALSE,0.98,TRUE,1,deepseek-r1-14b,spectronaut,constrained,1,benchmark,20.36
PrecursorCharge,FG.Charge,FG.Charge,1,TRUE,TRUE,FALSE,0.98,TRUE,1,deepseek-r1-14b,spectronaut,constrained,1,benchmark,20.36
FragmentIon,F.FrgIon,F.FrgIon,1,TRUE,TRUE,FALSE,0.98,TRUE,1,deepseek-r1-14b,spectronaut,constrained,1,benchmark,20.36
ProductCharge,F.Charge,F.Charge,2,TRUE,TRUE,FALSE,0.98,TRUE,1,deepseek-r1-14b,spectronaut,constrained,1,benchmark,20.36
Run,R.FileName,R.FileName,1,TRUE,TRUE,FALSE,0.98,TRUE,1,deepseek-r1-14b,spectronaut,constrained,1,benchmark,20.36
Intensity,F.NormalizedPeakArea,F.PeakArea,4,FALSE,TRUE,FALSE,0.98,TRUE,1,deepseek-r1-14b,spectronaut,constrained,1,benchmark,20.36
Qvalue,PG.Qvalue,EG.Qvalue,1,FALSE,FALSE,FALSE,0.98,TRUE,1,deepseek-r1-14b,spectronaut,constrained,1,benchmark,20.36
ProteinName,PG.ProteinNames,PG.ProteinGroups,2,FALSE,FALSE,FALSE,0.98,TRUE,1,deepseek-r1-14b,spectronaut,constrained,2,benchmark,19.93
PeptideSequence,PEP.StrippedSequence,EG.ModifiedSequence,1,FALSE,FALSE,FALSE,0.98,TRUE,1,deepseek-r1-14b,spectronaut,constrained,2,benchmark,19.93
PrecursorCharge,FG.Charge,FG.Charge,1,TRUE,TRUE,FALSE,0.98,TRUE,1,deepseek-r1-14b,spectronaut,constrained,2,benchmark,19.93
FragmentIon,F.FrgIon,F.FrgIon,1,TRUE,TRUE,FALSE,0.98,TRUE,1,deepseek-r1-14b,spectronaut,constrained,2,benchmark,19.93
ProductCharge,F.Charge,F.Charge,2,TRUE,TRUE,FALSE,0.98,TRUE,1,deepseek-r1-14b,spectronaut,constrained,2,benchmark,19.93
Run,R.FileName,R.FileName,1,TRUE,TRUE,FALSE,0.98,TRUE,1,deepseek-r1-14b,spectronaut,constrained,2,benchmark,19.93
Intensity,F.NormalizedPeakArea,F.PeakArea,4,FALSE,TRUE,FALSE,0.98,TRUE,1,deepseek-r1-14b,spectronaut,constrained,2,benchmark,19.93
Qvalue,PG.Qvalue,EG.Qvalue,1,FALSE,FALSE,FALSE,0.98,TRUE,1,deepseek-r1-14b,spectronaut,constrained,2,benchmark,19.93
ProteinName,PG.ProteinNames,PG.ProteinGroups,2,FALSE,FALSE,FALSE,0.98,TRUE,1,deepseek-r1-14b,spectronaut,constrained,3,benchmark,20.32
PeptideSequence,PEP.StrippedSequence,EG.ModifiedSequence,1,FALSE,FALSE,FALSE,0.98,TRUE,1,deepseek-r1-14b,spectronaut,constrained,3,benchmark,20.32
PrecursorCharge,FG.Charge,FG.Charge,1,TRUE,TRUE,FALSE,0.98,TRUE,1,deepseek-r1-14b,spectronaut,constrained,3,benchmark,20.32
FragmentIon,F.FrgIon,F.FrgIon,1,TRUE,TRUE,FALSE,0.98,TRUE,1,deepseek-r1-14b,spectronaut,constrained,3,benchmark,20.32
ProductCharge,F.Charge,F.Charge,2,TRUE,TRUE,FALSE,0.98,TRUE,1,deepseek-r1-14b,spectronaut,constrained,3,benchmark,20.32
Run,R.FileName,R.FileName,1,TRUE,TRUE,FALSE,0.98,TRUE,1,deepseek-r1-14b,spectronaut,constrained,3,benchmark,20.32
Intensity,F.NormalizedPeakArea,F.PeakArea,4,FALSE,TRUE,FALSE,0.98,TRUE,1,deepseek-r1-14b,spectronaut,constrained,3,benchmark,20.32
Qvalue,PG.Qvalue,EG.Qvalue,1,FALSE,FALSE,FALSE,0.98,TRUE,1,deepseek-r1-14b,spectronaut,constrained,3,benchmark,20.32
ProteinName,PG.ProteinAccessions,PG.ProteinGroups,2,FALSE,TRUE,FALSE,0.9,TRUE,1,deepseek-r1-14b,spectronaut,filter_aware,1,benchmark,27.51
PeptideSequence,EG.ModifiedSequence,EG.ModifiedSequence,1,TRUE,TRUE,FALSE,0.9,TRUE,1,deepseek-r1-14b,spectronaut,filter_aware,1,benchmark,27.51
PrecursorCharge,FG.Charge,FG.Charge,1,TRUE,TRUE,FALSE,0.9,TRUE,1,deepseek-r1-14b,spectronaut,filter_aware,1,benchmark,27.51
FragmentIon,F.FrgIon,F.FrgIon,1,TRUE,TRUE,FALSE,0.9,TRUE,1,deepseek-r1-14b,spectronaut,filter_aware,1,benchmark,27.51
ProductCharge,F.Charge,F.Charge,2,TRUE,TRUE,FALSE,0.8,TRUE,1,deepseek-r1-14b,spectronaut,filter_aware,1,benchmark,27.51
Run,R.FileName,R.FileName,1,TRUE,TRUE,FALSE,0.9,TRUE,1,deepseek-r1-14b,spectronaut,filter_aware,1,benchmark,27.51
Intensity,F.NormalizedPeakArea,F.PeakArea,4,FALSE,TRUE,FALSE,0.9,TRUE,1,deepseek-r1-14b,spectronaut,filter_aware,1,benchmark,27.51
Qvalue,EG.Qvalue,EG.Qvalue,1,TRUE,TRUE,FALSE,0.8,TRUE,1,deepseek-r1-14b,spectronaut,filter_aware,1,benchmark,27.51
ProteinName,PG.ProteinAccessions,PG.ProteinGroups,2,FALSE,TRUE,FALSE,0.9,TRUE,1,deepseek-r1-14b,spectronaut,filter_aware,2,benchmark,27.61
PeptideSequence,EG.ModifiedSequence,EG.ModifiedSequence,1,TRUE,TRUE,FALSE,0.9,TRUE,1,deepseek-r1-14b,spectronaut,filter_aware,2,benchmark,27.61
PrecursorCharge,FG.Charge,FG.Charge,1,TRUE,TRUE,FALSE,0.9,TRUE,1,deepseek-r1-14b,spectronaut,filter_aware,2,benchmark,27.61
FragmentIon,F.FrgIon,F.FrgIon,1,TRUE,TRUE,FALSE,0.9,TRUE,1,deepseek-r1-14b,spectronaut,filter_aware,2,benchmark,27.61
ProductCharge,F.Charge,F.Charge,2,TRUE,TRUE,FALSE,0.8,TRUE,1,deepseek-r1-14b,spectronaut,filter_aware,2,benchmark,27.61
Run,R.FileName,R.FileName,1,TRUE,TRUE,FALSE,0.9,TRUE,1,deepseek-r1-14b,spectronaut,filter_aware,2,benchmark,27.61
Intensity,F.NormalizedPeakArea,F.PeakArea,4,FALSE,TRUE,FALSE,0.9,TRUE,1,deepseek-r1-14b,spectronaut,filter_aware,2,benchmark,27.61
Qvalue,EG.Qvalue,EG.Qvalue,1,TRUE,TRUE,FALSE,0.8,TRUE,1,deepseek-r1-14b,spectronaut,filter_aware,2,benchmark,27.61
ProteinName,PG.ProteinAccessions,PG.ProteinGroups,2,FALSE,TRUE,FALSE,0.9,TRUE,1,deepseek-r1-14b,spectronaut,filter_aware,3,benchmark,27.9
PeptideSequence,EG.ModifiedSequence,EG.ModifiedSequence,1,TRUE,TRUE,FALSE,0.9,TRUE,1,deepseek-r1-14b,spectronaut,filter_aware,3,benchmark,27.9
PrecursorCharge,FG.Charge,FG.Charge,1,TRUE,TRUE,FALSE,0.9,TRUE,1,deepseek-r1-14b,spectronaut,filter_aware,3,benchmark,27.9
FragmentIon,F.FrgIon,F.FrgIon,1,TRUE,TRUE,FALSE,0.9,TRUE,1,deepseek-r1-14b,spectronaut,filter_aware,3,benchmark,27.9
ProductCharge,F.Charge,F.Charge,2,TRUE,TRUE,FALSE,0.8,TRUE,1,deepseek-r1-14b,spectronaut,filter_aware,3,benchmark,27.9
Run,R.FileName,R.FileName,1,TRUE,TRUE,FALSE,0.9,TRUE,1,deepseek-r1-14b,spectronaut,filter_aware,3,benchmark,27.9
Intensity,F.NormalizedPeakArea,F.PeakArea,4,FALSE,TRUE,FALSE,0.9,TRUE,1,deepseek-r1-14b,spectronaut,filter_aware,3,benchmark,27.9
Qvalue,EG.Qvalue,EG.Qvalue,1,TRUE,TRUE,FALSE,0.8,TRUE,1,deepseek-r1-14b,spectronaut,filter_aware,3,benchmark,27.9
ProteinName,PG.ProteinNames,PG.ProteinGroups,2,FALSE,FALSE,FALSE,0.98,TRUE,1,deepseek-r1-14b,spectronaut,constrained_filter,1,benchmark,29.26
PeptideSequence,PEP.StrippedSequence,EG.ModifiedSequence,1,FALSE,FALSE,FALSE,0.92,TRUE,1,deepseek-r1-14b,spectronaut,constrained_filter,1,benchmark,29.26
PrecursorCharge,FG.Charge,FG.Charge,1,TRUE,TRUE,FALSE,0.98,TRUE,1,deepseek-r1-14b,spectronaut,constrained_filter,1,benchmark,29.26
FragmentIon,F.FrgIon,F.FrgIon,1,TRUE,TRUE,FALSE,0.98,TRUE,1,deepseek-r1-14b,spectronaut,constrained_filter,1,benchmark,29.26
ProductCharge,F.Charge,F.Charge,2,TRUE,TRUE,FALSE,0.92,TRUE,1,deepseek-r1-14b,spectronaut,constrained_filter,1,benchmark,29.26
Run,R.FileName,R.FileName,1,TRUE,TRUE,FALSE,0.98,TRUE,1,deepseek-r1-14b,spectronaut,constrained_filter,1,benchmark,29.26
Intensity,F.NormalizedPeakArea,F.PeakArea,4,FALSE,TRUE,FALSE,0.92,TRUE,1,deepseek-r1-14b,spectronaut,constrained_filter,1,benchmark,29.26
Qvalue,PG.Qvalue,EG.Qvalue,1,FALSE,FALSE,FALSE,0.92,TRUE,1,deepseek-r1-14b,spectronaut,constrained_filter,1,benchmark,29.26
ProteinName,PG.ProteinNames,PG.ProteinGroups,2,FALSE,FALSE,FALSE,0.98,TRUE,1,deepseek-r1-14b,spectronaut,constrained_filter,2,benchmark,30.08
PeptideSequence,PEP.StrippedSequence,EG.ModifiedSequence,1,FALSE,FALSE,FALSE,0.92,TRUE,1,deepseek-r1-14b,spectronaut,constrained_filter,2,benchmark,30.08
PrecursorCharge,FG.Charge,FG.Charge,1,TRUE,TRUE,FALSE,0.98,TRUE,1,deepseek-r1-14b,spectronaut,constrained_filter,2,benchmark,30.08
FragmentIon,F.FrgIon,F.FrgIon,1,TRUE,TRUE,FALSE,0.98,TRUE,1,deepseek-r1-14b,spectronaut,constrained_filter,2,benchmark,30.08
ProductCharge,F.Charge,F.Charge,2,TRUE,TRUE,FALSE,0.92,TRUE,1,deepseek-r1-14b,spectronaut,constrained_filter,2,benchmark,30.08
Run,R.FileName,R.FileName,1,TRUE,TRUE,FALSE,0.98,TRUE,1,deepseek-r1-14b,spectronaut,constrained_filter,2,benchmark,30.08
Intensity,F.NormalizedPeakArea,F.PeakArea,4,FALSE,TRUE,FALSE,0.92,TRUE,1,deepseek-r1-14b,spectronaut,constrained_filter,2,benchmark,30.08
Qvalue,PG.Qvalue,EG.Qvalue,1,FALSE,FALSE,FALSE,0.92,TRUE,1,deepseek-r1-14b,spectronaut,constrained_filter,2,benchmark,30.08
ProteinName,PG.ProteinNames,PG.ProteinGroups,2,FALSE,FALSE,FALSE,0.98,TRUE,1,deepseek-r1-14b,spectronaut,constrained_filter,3,benchmark,29.01
PeptideSequence,PEP.StrippedSequence,EG.ModifiedSequence,1,FALSE,FALSE,FALSE,0.92,TRUE,1,deepseek-r1-14b,spectronaut,constrained_filter,3,benchmark,29.01
PrecursorCharge,FG.Charge,FG.Charge,1,TRUE,TRUE,FALSE,0.98,TRUE,1,deepseek-r1-14b,spectronaut,constrained_filter,3,benchmark,29.01
FragmentIon,F.FrgIon,F.FrgIon,1,TRUE,TRUE,FALSE,0.98,TRUE,1,deepseek-r1-14b,spectronaut,constrained_filter,3,benchmark,29.01
ProductCharge,F.Charge,F.Charge,2,TRUE,TRUE,FALSE,0.92,TRUE,1,deepseek-r1-14b,spectronaut,constrained_filter,3,benchmark,29.01
Run,R.FileName,R.FileName,1,TRUE,TRUE,FALSE,0.98,TRUE,1,deepseek-r1-14b,spectronaut,constrained_filter,3,benchmark,29.01
Intensity,F.NormalizedPeakArea,F.PeakArea,4,FALSE,TRUE,FALSE,0.92,TRUE,1,deepseek-r1-14b,spectronaut,constrained_filter,3,benchmark,29.01
Qvalue,PG.Qvalue,EG.Qvalue,1,FALSE,FALSE,FALSE,0.92,TRUE,1,deepseek-r1-14b,spectronaut,constrained_filter,3,benchmark,29.01
ProteinName,PG.ProteinNames,PG.ProteinGroups,2,FALSE,FALSE,FALSE,0.98,TRUE,1,deepseek-r1-14b,spectronaut,constrained_v2,1,benchmark,22.73
PeptideSequence,EG.ModifiedSequence,EG.ModifiedSequence,1,TRUE,TRUE,FALSE,0.98,TRUE,1,deepseek-r1-14b,spectronaut,constrained_v2,1,benchmark,22.73
PrecursorCharge,FG.Charge,FG.Charge,1,TRUE,TRUE,FALSE,0.98,TRUE,1,deepseek-r1-14b,spectronaut,constrained_v2,1,benchmark,22.73
FragmentIon,F.FrgIon,F.FrgIon,1,TRUE,TRUE,FALSE,0.98,TRUE,1,deepseek-r1-14b,spectronaut,constrained_v2,1,benchmark,22.73
ProductCharge,F.Charge,F.Charge,2,TRUE,TRUE,FALSE,0.98,TRUE,1,deepseek-r1-14b,spectronaut,constrained_v2,1,benchmark,22.73
Run,R.FileName,R.FileName,1,TRUE,TRUE,FALSE,0.98,TRUE,1,deepseek-r1-14b,spectronaut,constrained_v2,1,benchmark,22.73
Intensity,F.NormalizedPeakArea,F.PeakArea,4,FALSE,TRUE,FALSE,0.98,TRUE,1,deepseek-r1-14b,spectronaut,constrained_v2,1,benchmark,22.73
Qvalue,PG.Qvalue,EG.Qvalue,1,FALSE,FALSE,FALSE,0.92,TRUE,1,deepseek-r1-14b,spectronaut,constrained_v2,1,benchmark,22.73
ProteinName,PG.ProteinNames,PG.ProteinGroups,2,FALSE,FALSE,FALSE,0.98,TRUE,1,deepseek-r1-14b,spectronaut,constrained_v2,2,benchmark,21.39
PeptideSequence,EG.ModifiedSequence,EG.ModifiedSequence,1,TRUE,TRUE,FALSE,0.98,TRUE,1,deepseek-r1-14b,spectronaut,constrained_v2,2,benchmark,21.39
PrecursorCharge,FG.Charge,FG.Charge,1,TRUE,TRUE,FALSE,0.98,TRUE,1,deepseek-r1-14b,spectronaut,constrained_v2,2,benchmark,21.39
FragmentIon,F.FrgIon,F.FrgIon,1,TRUE,TRUE,FALSE,0.98,TRUE,1,deepseek-r1-14b,spectronaut,constrained_v2,2,benchmark,21.39
ProductCharge,F.Charge,F.Charge,2,TRUE,TRUE,FALSE,0.98,TRUE,1,deepseek-r1-14b,spectronaut,constrained_v2,2,benchmark,21.39
Run,R.FileName,R.FileName,1,TRUE,TRUE,FALSE,0.98,TRUE,1,deepseek-r1-14b,spectronaut,constrained_v2,2,benchmark,21.39
Intensity,F.NormalizedPeakArea,F.PeakArea,4,FALSE,TRUE,FALSE,0.98,TRUE,1,deepseek-r1-14b,spectronaut,constrained_v2,2,benchmark,21.39
Qvalue,PG.Qvalue,EG.Qvalue,1,FALSE,FALSE,FALSE,0.92,TRUE,1,deepseek-r1-14b,spectronaut,constrained_v2,2,benchmark,21.39
ProteinName,PG.ProteinNames,PG.ProteinGroups,2,FALSE,FALSE,FALSE,0.98,TRUE,1,deepseek-r1-14b,spectronaut,constrained_v2,3,benchmark,23.71
PeptideSequence,EG.ModifiedSequence,EG.ModifiedSequence,1,TRUE,TRUE,FALSE,0.98,TRUE,1,deepseek-r1-14b,spectronaut,constrained_v2,3,benchmark,23.71
PrecursorCharge,FG.Charge,FG.Charge,1,TRUE,TRUE,FALSE,0.98,TRUE,1,deepseek-r1-14b,spectronaut,constrained_v2,3,benchmark,23.71
FragmentIon,F.FrgIon,F.FrgIon,1,TRUE,TRUE,FALSE,0.98,TRUE,1,deepseek-r1-14b,spectronaut,constrained_v2,3,benchmark,23.71
ProductCharge,F.Charge,F.Charge,2,TRUE,TRUE,FALSE,0.98,TRUE,1,deepseek-r1-14b,spectronaut,constrained_v2,3,benchmark,23.71
Run,R.FileName,R.FileName,1,TRUE,TRUE,FALSE,0.98,TRUE,1,deepseek-r1-14b,spectronaut,constrained_v2,3,benchmark,23.71
Intensity,F.NormalizedPeakArea,F.PeakArea,4,FALSE,TRUE,FALSE,0.98,TRUE,1,deepseek-r1-14b,spectronaut,constrained_v2,3,benchmark,23.71
Qvalue,PG.Qvalue,EG.Qvalue,1,FALSE,FALSE,FALSE,0.92,TRUE,1,deepseek-r1-14b,spectronaut,constrained_v2,3,benchmark,23.71
ProteinName,PG.ProteinNames,PG.ProteinGroups,2,FALSE,FALSE,FALSE,0.98,TRUE,1,deepseek-r1-14b,spectronaut,constrained_filter_v2,1,benchmark,28.2
PeptideSequence,PEP.ModifiedSequence,EG.ModifiedSequence,1,FALSE,FALSE,FALSE,0.98,TRUE,1,deepseek-r1-14b,spectronaut,constrained_filter_v2,1,benchmark,28.2
PrecursorCharge,FG.Charge,FG.Charge,1,TRUE,TRUE,FALSE,0.98,TRUE,1,deepseek-r1-14b,spectronaut,constrained_filter_v2,1,benchmark,28.2
FragmentIon,F.FrgIon,F.FrgIon,1,TRUE,TRUE,FALSE,0.98,TRUE,1,deepseek-r1-14b,spectronaut,constrained_filter_v2,1,benchmark,28.2
ProductCharge,F.Charge,F.Charge,2,TRUE,TRUE,FALSE,0.92,TRUE,1,deepseek-r1-14b,spectronaut,constrained_filter_v2,1,benchmark,28.2
Run,R.FileName,R.FileName,1,TRUE,TRUE,FALSE,0.98,TRUE,1,deepseek-r1-14b,spectronaut,constrained_filter_v2,1,benchmark,28.2
Intensity,F.NormalizedPeakArea,F.PeakArea,4,FALSE,TRUE,FALSE,0.92,TRUE,1,deepseek-r1-14b,spectronaut,constrained_filter_v2,1,benchmark,28.2
Qvalue,PG.Qvalue,EG.Qvalue,1,FALSE,FALSE,FALSE,0.98,TRUE,1,deepseek-r1-14b,spectronaut,constrained_filter_v2,1,benchmark,28.2
ProteinName,PG.ProteinNames,PG.ProteinGroups,2,FALSE,FALSE,FALSE,0.98,TRUE,1,deepseek-r1-14b,spectronaut,constrained_filter_v2,2,benchmark,28.64
PeptideSequence,PEP.ModifiedSequence,EG.ModifiedSequence,1,FALSE,FALSE,FALSE,0.98,TRUE,1,deepseek-r1-14b,spectronaut,constrained_filter_v2,2,benchmark,28.64
PrecursorCharge,FG.Charge,FG.Charge,1,TRUE,TRUE,FALSE,0.98,TRUE,1,deepseek-r1-14b,spectronaut,constrained_filter_v2,2,benchmark,28.64
FragmentIon,F.FrgIon,F.FrgIon,1,TRUE,TRUE,FALSE,0.98,TRUE,1,deepseek-r1-14b,spectronaut,constrained_filter_v2,2,benchmark,28.64
ProductCharge,F.Charge,F.Charge,2,TRUE,TRUE,FALSE,0.92,TRUE,1,deepseek-r1-14b,spectronaut,constrained_filter_v2,2,benchmark,28.64
Run,R.FileName,R.FileName,1,TRUE,TRUE,FALSE,0.98,TRUE,1,deepseek-r1-14b,spectronaut,constrained_filter_v2,2,benchmark,28.64
Intensity,F.NormalizedPeakArea,F.PeakArea,4,FALSE,TRUE,FALSE,0.92,TRUE,1,deepseek-r1-14b,spectronaut,constrained_filter_v2,2,benchmark,28.64
Qvalue,PG.Qvalue,EG.Qvalue,1,FALSE,FALSE,FALSE,0.98,TRUE,1,deepseek-r1-14b,spectronaut,constrained_filter_v2,2,benchmark,28.64
ProteinName,PG.ProteinNames,PG.ProteinGroups,2,FALSE,FALSE,FALSE,0.98,TRUE,1,deepseek-r1-14b,spectronaut,constrained_filter_v2,3,benchmark,29.11
PeptideSequence,PEP.ModifiedSequence,EG.ModifiedSequence,1,FALSE,FALSE,FALSE,0.98,TRUE,1,deepseek-r1-14b,spectronaut,constrained_filter_v2,3,benchmark,29.11
PrecursorCharge,FG.Charge,FG.Charge,1,TRUE,TRUE,FALSE,0.98,TRUE,1,deepseek-r1-14b,spectronaut,constrained_filter_v2,3,benchmark,29.11
FragmentIon,F.FrgIon,F.FrgIon,1,TRUE,TRUE,FALSE,0.98,TRUE,1,deepseek-r1-14b,spectronaut,constrained_filter_v2,3,benchmark,29.11
ProductCharge,F.Charge,F.Charge,2,TRUE,TRUE,FALSE,0.92,TRUE,1,deepseek-r1-14b,spectronaut,constrained_filter_v2,3,benchmark,29.11
Run,R.FileName,R.FileName,1,TRUE,TRUE,FALSE,0.98,TRUE,1,deepseek-r1-14b,spectronaut,constrained_filter_v2,3,benchmark,29.11
Intensity,F.NormalizedPeakArea,F.PeakArea,4,FALSE,TRUE,FALSE,0.92,TRUE,1,deepseek-r1-14b,spectronaut,constrained_filter_v2,3,benchmark,29.11
Qvalue,PG.Qvalue,EG.Qvalue,1,FALSE,FALSE,FALSE,0.98,TRUE,1,deepseek-r1-14b,spectronaut,constrained_filter_v2,3,benchmark,29.11
ProteinName,PG.ProteinNames,PG.ProteinGroups,2,FALSE,FALSE,FALSE,0.98,TRUE,1,deepseek-r1-14b,spectronaut,constrained_v3,1,benchmark,14.91
PeptideSequence,EG.ModifiedSequence,EG.ModifiedSequence,1,TRUE,TRUE,FALSE,0.98,TRUE,1,deepseek-r1-14b,spectronaut,constrained_v3,1,benchmark,14.91
PrecursorCharge,FG.Charge,FG.Charge,1,TRUE,TRUE,FALSE,0.98,TRUE,1,deepseek-r1-14b,spectronaut,constrained_v3,1,benchmark,14.91
FragmentIon,F.FrgIon,F.FrgIon,1,TRUE,TRUE,FALSE,0.98,TRUE,1,deepseek-r1-14b,spectronaut,constrained_v3,1,benchmark,14.91
ProductCharge,F.Charge,F.Charge,2,TRUE,TRUE,FALSE,0.98,TRUE,1,deepseek-r1-14b,spectronaut,constrained_v3,1,benchmark,14.91
Run,R.FileName,R.FileName,1,TRUE,TRUE,FALSE,0.98,TRUE,1,deepseek-r1-14b,spectronaut,constrained_v3,1,benchmark,14.91
Intensity,F.NormalizedPeakArea,F.PeakArea,4,FALSE,TRUE,FALSE,0.98,TRUE,1,deepseek-r1-14b,spectronaut,constrained_v3,1,benchmark,14.91
Qvalue,EG.Qvalue,EG.Qvalue,1,TRUE,TRUE,FALSE,0.98,TRUE,1,deepseek-r1-14b,spectronaut,constrained_v3,1,benchmark,14.91
ProteinName,PG.ProteinNames,PG.ProteinGroups,2,FALSE,FALSE,FALSE,0.98,TRUE,1,deepseek-r1-14b,spectronaut,constrained_v3,2,benchmark,14.22
PeptideSequence,EG.ModifiedSequence,EG.ModifiedSequence,1,TRUE,TRUE,FALSE,0.98,TRUE,1,deepseek-r1-14b,spectronaut,constrained_v3,2,benchmark,14.22
PrecursorCharge,FG.Charge,FG.Charge,1,TRUE,TRUE,FALSE,0.98,TRUE,1,deepseek-r1-14b,spectronaut,constrained_v3,2,benchmark,14.22
FragmentIon,F.FrgIon,F.FrgIon,1,TRUE,TRUE,FALSE,0.98,TRUE,1,deepseek-r1-14b,spectronaut,constrained_v3,2,benchmark,14.22
ProductCharge,F.Charge,F.Charge,2,TRUE,TRUE,FALSE,0.98,TRUE,1,deepseek-r1-14b,spectronaut,constrained_v3,2,benchmark,14.22
Run,R.FileName,R.FileName,1,TRUE,TRUE,FALSE,0.98,TRUE,1,deepseek-r1-14b,spectronaut,constrained_v3,2,benchmark,14.22
Intensity,F.NormalizedPeakArea,F.PeakArea,4,FALSE,TRUE,FALSE,0.98,TRUE,1,deepseek-r1-14b,spectronaut,constrained_v3,2,benchmark,14.22
Qvalue,EG.Qvalue,EG.Qvalue,1,TRUE,TRUE,FALSE,0.98,TRUE,1,deepseek-r1-14b,spectronaut,constrained_v3,2,benchmark,14.22
ProteinName,PG.ProteinNames,PG.ProteinGroups,2,FALSE,FALSE,FALSE,0.98,TRUE,1,deepseek-r1-14b,spectronaut,constrained_v3,3,benchmark,14.75
PeptideSequence,EG.ModifiedSequence,EG.ModifiedSequence,1,TRUE,TRUE,FALSE,0.98,TRUE,1,deepseek-r1-14b,spectronaut,constrained_v3,3,benchmark,14.75
PrecursorCharge,FG.Charge,FG.Charge,1,TRUE,TRUE,FALSE,0.98,TRUE,1,deepseek-r1-14b,spectronaut,constrained_v3,3,benchmark,14.75
FragmentIon,F.FrgIon,F.FrgIon,1,TRUE,TRUE,FALSE,0.98,TRUE,1,deepseek-r1-14b,spectronaut,constrained_v3,3,benchmark,14.75
ProductCharge,F.Charge,F.Charge,2,TRUE,TRUE,FALSE,0.98,TRUE,1,deepseek-r1-14b,spectronaut,constrained_v3,3,benchmark,14.75
Run,R.FileName,R.FileName,1,TRUE,TRUE,FALSE,0.98,TRUE,1,deepseek-r1-14b,spectronaut,constrained_v3,3,benchmark,14.75
Intensity,F.NormalizedPeakArea,F.PeakArea,4,FALSE,TRUE,FALSE,0.98,TRUE,1,deepseek-r1-14b,spectronaut,constrained_v3,3,benchmark,14.75
Qvalue,EG.Qvalue,EG.Qvalue,1,TRUE,TRUE,FALSE,0.98,TRUE,1,deepseek-r1-14b,spectronaut,constrained_v3,3,benchmark,14.75
ProteinName,PG.ProteinNames,PG.ProteinGroups,2,FALSE,FALSE,FALSE,0.98,TRUE,1,deepseek-r1-14b,spectronaut,constrained_filter_v3,1,benchmark,24.5
PeptideSequence,EG.ModifiedSequence,EG.ModifiedSequence,1,TRUE,TRUE,FALSE,0.98,TRUE,1,deepseek-r1-14b,spectronaut,constrained_filter_v3,1,benchmark,24.5
PrecursorCharge,FG.Charge,FG.Charge,1,TRUE,TRUE,FALSE,0.98,TRUE,1,deepseek-r1-14b,spectronaut,constrained_filter_v3,1,benchmark,24.5
FragmentIon,F.FrgIon,F.FrgIon,1,TRUE,TRUE,FALSE,0.98,TRUE,1,deepseek-r1-14b,spectronaut,constrained_filter_v3,1,benchmark,24.5
ProductCharge,F.Charge,F.Charge,2,TRUE,TRUE,FALSE,0.98,TRUE,1,deepseek-r1-14b,spectronaut,constrained_filter_v3,1,benchmark,24.5
Run,R.FileName,R.FileName,1,TRUE,TRUE,FALSE,0.98,TRUE,1,deepseek-r1-14b,spectronaut,constrained_filter_v3,1,benchmark,24.5
Intensity,F.NormalizedPeakArea,F.PeakArea,4,FALSE,TRUE,FALSE,0.98,TRUE,1,deepseek-r1-14b,spectronaut,constrained_filter_v3,1,benchmark,24.5
Qvalue,PG.Qvalue,EG.Qvalue,1,FALSE,FALSE,FALSE,0.98,TRUE,1,deepseek-r1-14b,spectronaut,constrained_filter_v3,1,benchmark,24.5
ProteinName,PG.ProteinNames,PG.ProteinGroups,2,FALSE,FALSE,FALSE,0.98,TRUE,1,deepseek-r1-14b,spectronaut,constrained_filter_v3,2,benchmark,24.19
PeptideSequence,EG.ModifiedSequence,EG.ModifiedSequence,1,TRUE,TRUE,FALSE,0.98,TRUE,1,deepseek-r1-14b,spectronaut,constrained_filter_v3,2,benchmark,24.19
PrecursorCharge,FG.Charge,FG.Charge,1,TRUE,TRUE,FALSE,0.98,TRUE,1,deepseek-r1-14b,spectronaut,constrained_filter_v3,2,benchmark,24.19
FragmentIon,F.FrgIon,F.FrgIon,1,TRUE,TRUE,FALSE,0.98,TRUE,1,deepseek-r1-14b,spectronaut,constrained_filter_v3,2,benchmark,24.19
ProductCharge,F.Charge,F.Charge,2,TRUE,TRUE,FALSE,0.98,TRUE,1,deepseek-r1-14b,spectronaut,constrained_filter_v3,2,benchmark,24.19
Run,R.FileName,R.FileName,1,TRUE,TRUE,FALSE,0.98,TRUE,1,deepseek-r1-14b,spectronaut,constrained_filter_v3,2,benchmark,24.19
Intensity,F.NormalizedPeakArea,F.PeakArea,4,FALSE,TRUE,FALSE,0.98,TRUE,1,deepseek-r1-14b,spectronaut,constrained_filter_v3,2,benchmark,24.19
Qvalue,PG.Qvalue,EG.Qvalue,1,FALSE,FALSE,FALSE,0.98,TRUE,1,deepseek-r1-14b,spectronaut,constrained_filter_v3,2,benchmark,24.19
ProteinName,PG.ProteinNames,PG.ProteinGroups,2,FALSE,FALSE,FALSE,0.98,TRUE,1,deepseek-r1-14b,spectronaut,constrained_filter_v3,3,benchmark,24.7
PeptideSequence,EG.ModifiedSequence,EG.ModifiedSequence,1,TRUE,TRUE,FALSE,0.98,TRUE,1,deepseek-r1-14b,spectronaut,constrained_filter_v3,3,benchmark,24.7
PrecursorCharge,FG.Charge,FG.Charge,1,TRUE,TRUE,FALSE,0.98,TRUE,1,deepseek-r1-14b,spectronaut,constrained_filter_v3,3,benchmark,24.7
FragmentIon,F.FrgIon,F.FrgIon,1,TRUE,TRUE,FALSE,0.98,TRUE,1,deepseek-r1-14b,spectronaut,constrained_filter_v3,3,benchmark,24.7
ProductCharge,F.Charge,F.Charge,2,TRUE,TRUE,FALSE,0.98,TRUE,1,deepseek-r1-14b,spectronaut,constrained_filter_v3,3,benchmark,24.7
Run,R.FileName,R.FileName,1,TRUE,TRUE,FALSE,0.98,TRUE,1,deepseek-r1-14b,spectronaut,constrained_filter_v3,3,benchmark,24.7
Intensity,F.NormalizedPeakArea,F.PeakArea,4,FALSE,TRUE,FALSE,0.98,TRUE,1,deepseek-r1-14b,spectronaut,constrained_filter_v3,3,benchmark,24.7
Qvalue,PG.Qvalue,EG.Qvalue,1,FALSE,FALSE,FALSE,0.98,TRUE,1,deepseek-r1-14b,spectronaut,constrained_filter_v3,3,benchmark,24.7
ProteinName,Protein.Group.Accessions,Protein.Group.Accessions,1,TRUE,TRUE,FALSE,1,TRUE,1,deepseek-r1-14b,proteome_discoverer,lean,1,benchmark,19.36
PeptideSequence,Sequence,Sequence,1,TRUE,TRUE,FALSE,1,TRUE,1,deepseek-r1-14b,proteome_discoverer,lean,1,benchmark,19.36
PrecursorCharge,Charge,Charge,1,TRUE,TRUE,FALSE,1,TRUE,1,deepseek-r1-14b,proteome_discoverer,lean,1,benchmark,19.36
FragmentIon,,,0,TRUE,TRUE,FALSE,0,TRUE,1,deepseek-r1-14b,proteome_discoverer,lean,1,benchmark,19.36
ProductCharge,,,0,TRUE,TRUE,FALSE,0,TRUE,1,deepseek-r1-14b,proteome_discoverer,lean,1,benchmark,19.36
Run,Spectrum.File,Spectrum.File,1,TRUE,TRUE,FALSE,1,TRUE,1,deepseek-r1-14b,proteome_discoverer,lean,1,benchmark,19.36
Intensity,Intensity,Precursor.Area,3,FALSE,TRUE,FALSE,1,TRUE,1,deepseek-r1-14b,proteome_discoverer,lean,1,benchmark,19.36
Qvalue,Exp.Value,,0,FALSE,FALSE,FALSE,0.5,TRUE,1,deepseek-r1-14b,proteome_discoverer,lean,1,benchmark,19.36
ProteinName,Protein.Group.Accessions,Protein.Group.Accessions,1,TRUE,TRUE,FALSE,1,TRUE,1,deepseek-r1-14b,proteome_discoverer,lean,2,benchmark,18.34
PeptideSequence,Sequence,Sequence,1,TRUE,TRUE,FALSE,1,TRUE,1,deepseek-r1-14b,proteome_discoverer,lean,2,benchmark,18.34
PrecursorCharge,Charge,Charge,1,TRUE,TRUE,FALSE,1,TRUE,1,deepseek-r1-14b,proteome_discoverer,lean,2,benchmark,18.34
FragmentIon,,,0,TRUE,TRUE,FALSE,0,TRUE,1,deepseek-r1-14b,proteome_discoverer,lean,2,benchmark,18.34
ProductCharge,,,0,TRUE,TRUE,FALSE,0,TRUE,1,deepseek-r1-14b,proteome_discoverer,lean,2,benchmark,18.34
Run,Spectrum.File,Spectrum.File,1,TRUE,TRUE,FALSE,1,TRUE,1,deepseek-r1-14b,proteome_discoverer,lean,2,benchmark,18.34
Intensity,Intensity,Precursor.Area,3,FALSE,TRUE,FALSE,1,TRUE,1,deepseek-r1-14b,proteome_discoverer,lean,2,benchmark,18.34
Qvalue,Exp.Value,,0,FALSE,FALSE,FALSE,0.5,TRUE,1,deepseek-r1-14b,proteome_discoverer,lean,2,benchmark,18.34
ProteinName,Protein.Group.Accessions,Protein.Group.Accessions,1,TRUE,TRUE,FALSE,1,TRUE,1,deepseek-r1-14b,proteome_discoverer,lean,3,benchmark,18.23
PeptideSequence,Sequence,Sequence,1,TRUE,TRUE,FALSE,1,TRUE,1,deepseek-r1-14b,proteome_discoverer,lean,3,benchmark,18.23
PrecursorCharge,Charge,Charge,1,TRUE,TRUE,FALSE,1,TRUE,1,deepseek-r1-14b,proteome_discoverer,lean,3,benchmark,18.23
FragmentIon,,,0,TRUE,TRUE,FALSE,0,TRUE,1,deepseek-r1-14b,proteome_discoverer,lean,3,benchmark,18.23
ProductCharge,,,0,TRUE,TRUE,FALSE,0,TRUE,1,deepseek-r1-14b,proteome_discoverer,lean,3,benchmark,18.23
Run,Spectrum.File,Spectrum.File,1,TRUE,TRUE,FALSE,1,TRUE,1,deepseek-r1-14b,proteome_discoverer,lean,3,benchmark,18.23
Intensity,Intensity,Precursor.Area,3,FALSE,TRUE,FALSE,1,TRUE,1,deepseek-r1-14b,proteome_discoverer,lean,3,benchmark,18.23
Qvalue,Exp.Value,,0,FALSE,FALSE,FALSE,0.5,TRUE,1,deepseek-r1-14b,proteome_discoverer,lean,3,benchmark,18.23
ProteinName,Protein.Group.Accessions,Protein.Group.Accessions,1,TRUE,TRUE,FALSE,0.98,TRUE,1,deepseek-r1-14b,proteome_discoverer,constrained,1,benchmark,17.4
PeptideSequence,Sequence,Sequence,1,TRUE,TRUE,FALSE,0.98,TRUE,1,deepseek-r1-14b,proteome_discoverer,constrained,1,benchmark,17.4
PrecursorCharge,Charge,Charge,1,TRUE,TRUE,FALSE,0.98,TRUE,1,deepseek-r1-14b,proteome_discoverer,constrained,1,benchmark,17.4
FragmentIon,,,0,TRUE,TRUE,FALSE,0,TRUE,1,deepseek-r1-14b,proteome_discoverer,constrained,1,benchmark,17.4
ProductCharge,,,0,TRUE,TRUE,FALSE,0,TRUE,1,deepseek-r1-14b,proteome_discoverer,constrained,1,benchmark,17.4
Run,Spectrum.File,Spectrum.File,1,TRUE,TRUE,FALSE,0.98,TRUE,1,deepseek-r1-14b,proteome_discoverer,constrained,1,benchmark,17.4
Intensity,Intensity,Precursor.Area,3,FALSE,TRUE,FALSE,0.98,TRUE,1,deepseek-r1-14b,proteome_discoverer,constrained,1,benchmark,17.4
Qvalue,Exp.Value,,0,FALSE,FALSE,FALSE,0.92,TRUE,1,deepseek-r1-14b,proteome_discoverer,constrained,1,benchmark,17.4
ProteinName,Protein.Group.Accessions,Protein.Group.Accessions,1,TRUE,TRUE,FALSE,0.98,TRUE,1,deepseek-r1-14b,proteome_discoverer,constrained,2,benchmark,18.05
PeptideSequence,Sequence,Sequence,1,TRUE,TRUE,FALSE,0.98,TRUE,1,deepseek-r1-14b,proteome_discoverer,constrained,2,benchmark,18.05
PrecursorCharge,Charge,Charge,1,TRUE,TRUE,FALSE,0.98,TRUE,1,deepseek-r1-14b,proteome_discoverer,constrained,2,benchmark,18.05
FragmentIon,,,0,TRUE,TRUE,FALSE,0,TRUE,1,deepseek-r1-14b,proteome_discoverer,constrained,2,benchmark,18.05
ProductCharge,,,0,TRUE,TRUE,FALSE,0,TRUE,1,deepseek-r1-14b,proteome_discoverer,constrained,2,benchmark,18.05
Run,Spectrum.File,Spectrum.File,1,TRUE,TRUE,FALSE,0.98,TRUE,1,deepseek-r1-14b,proteome_discoverer,constrained,2,benchmark,18.05
Intensity,Intensity,Precursor.Area,3,FALSE,TRUE,FALSE,0.98,TRUE,1,deepseek-r1-14b,proteome_discoverer,constrained,2,benchmark,18.05
Qvalue,Exp.Value,,0,FALSE,FALSE,FALSE,0.92,TRUE,1,deepseek-r1-14b,proteome_discoverer,constrained,2,benchmark,18.05
ProteinName,Protein.Group.Accessions,Protein.Group.Accessions,1,TRUE,TRUE,FALSE,0.98,TRUE,1,deepseek-r1-14b,proteome_discoverer,constrained,3,benchmark,18.33
PeptideSequence,Sequence,Sequence,1,TRUE,TRUE,FALSE,0.98,TRUE,1,deepseek-r1-14b,proteome_discoverer,constrained,3,benchmark,18.33
PrecursorCharge,Charge,Charge,1,TRUE,TRUE,FALSE,0.98,TRUE,1,deepseek-r1-14b,proteome_discoverer,constrained,3,benchmark,18.33
FragmentIon,,,0,TRUE,TRUE,FALSE,0,TRUE,1,deepseek-r1-14b,proteome_discoverer,constrained,3,benchmark,18.33
ProductCharge,,,0,TRUE,TRUE,FALSE,0,TRUE,1,deepseek-r1-14b,proteome_discoverer,constrained,3,benchmark,18.33
Run,Spectrum.File,Spectrum.File,1,TRUE,TRUE,FALSE,0.98,TRUE,1,deepseek-r1-14b,proteome_discoverer,constrained,3,benchmark,18.33
Intensity,Intensity,Precursor.Area,3,FALSE,TRUE,FALSE,0.98,TRUE,1,deepseek-r1-14b,proteome_discoverer,constrained,3,benchmark,18.33
Qvalue,Exp.Value,,0,FALSE,FALSE,FALSE,0.92,TRUE,1,deepseek-r1-14b,proteome_discoverer,constrained,3,benchmark,18.33
ProteinName,Protein.Group.Accessions,Protein.Group.Accessions,1,TRUE,TRUE,FALSE,1,TRUE,1,deepseek-r1-14b,proteome_discoverer,filter_aware,1,benchmark,25.54
PeptideSequence,Sequence,Sequence,1,TRUE,TRUE,FALSE,1,TRUE,1,deepseek-r1-14b,proteome_discoverer,filter_aware,1,benchmark,25.54
PrecursorCharge,Charge,Charge,1,TRUE,TRUE,FALSE,1,TRUE,1,deepseek-r1-14b,proteome_discoverer,filter_aware,1,benchmark,25.54
FragmentIon,,,0,TRUE,TRUE,FALSE,0,TRUE,1,deepseek-r1-14b,proteome_discoverer,filter_aware,1,benchmark,25.54
ProductCharge,,,0,TRUE,TRUE,FALSE,0,TRUE,1,deepseek-r1-14b,proteome_discoverer,filter_aware,1,benchmark,25.54
Run,Spectrum.File,Spectrum.File,1,TRUE,TRUE,FALSE,1,TRUE,1,deepseek-r1-14b,proteome_discoverer,filter_aware,1,benchmark,25.54
Intensity,Precursor.Area,Precursor.Area,3,TRUE,TRUE,FALSE,1,TRUE,1,deepseek-r1-14b,proteome_discoverer,filter_aware,1,benchmark,25.54
Qvalue,Exp.Value,,0,FALSE,FALSE,FALSE,0.9,TRUE,1,deepseek-r1-14b,proteome_discoverer,filter_aware,1,benchmark,25.54
ProteinName,Protein.Group.Accessions,Protein.Group.Accessions,1,TRUE,TRUE,FALSE,1,TRUE,1,deepseek-r1-14b,proteome_discoverer,filter_aware,2,benchmark,24.26
PeptideSequence,Sequence,Sequence,1,TRUE,TRUE,FALSE,1,TRUE,1,deepseek-r1-14b,proteome_discoverer,filter_aware,2,benchmark,24.26
PrecursorCharge,Charge,Charge,1,TRUE,TRUE,FALSE,1,TRUE,1,deepseek-r1-14b,proteome_discoverer,filter_aware,2,benchmark,24.26
FragmentIon,,,0,TRUE,TRUE,FALSE,0,TRUE,1,deepseek-r1-14b,proteome_discoverer,filter_aware,2,benchmark,24.26
ProductCharge,,,0,TRUE,TRUE,FALSE,0,TRUE,1,deepseek-r1-14b,proteome_discoverer,filter_aware,2,benchmark,24.26
Run,Spectrum.File,Spectrum.File,1,TRUE,TRUE,FALSE,1,TRUE,1,deepseek-r1-14b,proteome_discoverer,filter_aware,2,benchmark,24.26
Intensity,Precursor.Area,Precursor.Area,3,TRUE,TRUE,FALSE,1,TRUE,1,deepseek-r1-14b,proteome_discoverer,filter_aware,2,benchmark,24.26
Qvalue,Exp.Value,,0,FALSE,FALSE,FALSE,0.9,TRUE,1,deepseek-r1-14b,proteome_discoverer,filter_aware,2,benchmark,24.26
ProteinName,Protein.Group.Accessions,Protein.Group.Accessions,1,TRUE,TRUE,FALSE,1,TRUE,1,deepseek-r1-14b,proteome_discoverer,filter_aware,3,benchmark,26.2
PeptideSequence,Sequence,Sequence,1,TRUE,TRUE,FALSE,1,TRUE,1,deepseek-r1-14b,proteome_discoverer,filter_aware,3,benchmark,26.2
PrecursorCharge,Charge,Charge,1,TRUE,TRUE,FALSE,1,TRUE,1,deepseek-r1-14b,proteome_discoverer,filter_aware,3,benchmark,26.2
FragmentIon,,,0,TRUE,TRUE,FALSE,0,TRUE,1,deepseek-r1-14b,proteome_discoverer,filter_aware,3,benchmark,26.2
ProductCharge,,,0,TRUE,TRUE,FALSE,0,TRUE,1,deepseek-r1-14b,proteome_discoverer,filter_aware,3,benchmark,26.2
Run,Spectrum.File,Spectrum.File,1,TRUE,TRUE,FALSE,1,TRUE,1,deepseek-r1-14b,proteome_discoverer,filter_aware,3,benchmark,26.2
Intensity,Precursor.Area,Precursor.Area,3,TRUE,TRUE,FALSE,1,TRUE,1,deepseek-r1-14b,proteome_discoverer,filter_aware,3,benchmark,26.2
Qvalue,Exp.Value,,0,FALSE,FALSE,FALSE,0.9,TRUE,1,deepseek-r1-14b,proteome_discoverer,filter_aware,3,benchmark,26.2
ProteinName,Protein.Group.Accessions,Protein.Group.Accessions,1,TRUE,TRUE,FALSE,0.98,TRUE,1,deepseek-r1-14b,proteome_discoverer,constrained_filter,1,benchmark,33.58
PeptideSequence,Sequence,Sequence,1,TRUE,TRUE,FALSE,0.98,TRUE,1,deepseek-r1-14b,proteome_discoverer,constrained_filter,1,benchmark,33.58
PrecursorCharge,Charge,Charge,1,TRUE,TRUE,FALSE,0.98,TRUE,1,deepseek-r1-14b,proteome_discoverer,constrained_filter,1,benchmark,33.58
FragmentIon,,,0,TRUE,TRUE,FALSE,0,TRUE,1,deepseek-r1-14b,proteome_discoverer,constrained_filter,1,benchmark,33.58
ProductCharge,,,0,TRUE,TRUE,FALSE,0,TRUE,1,deepseek-r1-14b,proteome_discoverer,constrained_filter,1,benchmark,33.58
Run,Spectrum.File,Spectrum.File,1,TRUE,TRUE,FALSE,0.98,TRUE,1,deepseek-r1-14b,proteome_discoverer,constrained_filter,1,benchmark,33.58
Intensity,Intensity,Precursor.Area,3,FALSE,TRUE,FALSE,0.98,TRUE,1,deepseek-r1-14b,proteome_discoverer,constrained_filter,1,benchmark,33.58
Qvalue,,,0,TRUE,TRUE,FALSE,0,TRUE,1,deepseek-r1-14b,proteome_discoverer,constrained_filter,1,benchmark,33.58
ProteinName,Protein.Group.Accessions,Protein.Group.Accessions,1,TRUE,TRUE,FALSE,0.98,TRUE,1,deepseek-r1-14b,proteome_discoverer,constrained_filter,2,benchmark,36.01
PeptideSequence,Sequence,Sequence,1,TRUE,TRUE,FALSE,0.98,TRUE,1,deepseek-r1-14b,proteome_discoverer,constrained_filter,2,benchmark,36.01
PrecursorCharge,Charge,Charge,1,TRUE,TRUE,FALSE,0.98,TRUE,1,deepseek-r1-14b,proteome_discoverer,constrained_filter,2,benchmark,36.01
FragmentIon,,,0,TRUE,TRUE,FALSE,0,TRUE,1,deepseek-r1-14b,proteome_discoverer,constrained_filter,2,benchmark,36.01
ProductCharge,,,0,TRUE,TRUE,FALSE,0,TRUE,1,deepseek-r1-14b,proteome_discoverer,constrained_filter,2,benchmark,36.01
Run,Spectrum.File,Spectrum.File,1,TRUE,TRUE,FALSE,0.98,TRUE,1,deepseek-r1-14b,proteome_discoverer,constrained_filter,2,benchmark,36.01
Intensity,Intensity,Precursor.Area,3,FALSE,TRUE,FALSE,0.98,TRUE,1,deepseek-r1-14b,proteome_discoverer,constrained_filter,2,benchmark,36.01
Qvalue,,,0,TRUE,TRUE,FALSE,0,TRUE,1,deepseek-r1-14b,proteome_discoverer,constrained_filter,2,benchmark,36.01
ProteinName,Protein.Group.Accessions,Protein.Group.Accessions,1,TRUE,TRUE,FALSE,0.98,TRUE,1,deepseek-r1-14b,proteome_discoverer,constrained_filter,3,benchmark,34.93
PeptideSequence,Sequence,Sequence,1,TRUE,TRUE,FALSE,0.98,TRUE,1,deepseek-r1-14b,proteome_discoverer,constrained_filter,3,benchmark,34.93
PrecursorCharge,Charge,Charge,1,TRUE,TRUE,FALSE,0.98,TRUE,1,deepseek-r1-14b,proteome_discoverer,constrained_filter,3,benchmark,34.93
FragmentIon,,,0,TRUE,TRUE,FALSE,0,TRUE,1,deepseek-r1-14b,proteome_discoverer,constrained_filter,3,benchmark,34.93
ProductCharge,,,0,TRUE,TRUE,FALSE,0,TRUE,1,deepseek-r1-14b,proteome_discoverer,constrained_filter,3,benchmark,34.93
Run,Spectrum.File,Spectrum.File,1,TRUE,TRUE,FALSE,0.98,TRUE,1,deepseek-r1-14b,proteome_discoverer,constrained_filter,3,benchmark,34.93
Intensity,Intensity,Precursor.Area,3,FALSE,TRUE,FALSE,0.98,TRUE,1,deepseek-r1-14b,proteome_discoverer,constrained_filter,3,benchmark,34.93
Qvalue,,,0,TRUE,TRUE,FALSE,0,TRUE,1,deepseek-r1-14b,proteome_discoverer,constrained_filter,3,benchmark,34.93
ProteinName,Protein.Group.Accessions,Protein.Group.Accessions,1,TRUE,TRUE,FALSE,0.98,TRUE,1,deepseek-r1-14b,proteome_discoverer,constrained_v2,1,benchmark,18.04
PeptideSequence,Sequence,Sequence,1,TRUE,TRUE,FALSE,0.98,TRUE,1,deepseek-r1-14b,proteome_discoverer,constrained_v2,1,benchmark,18.04
PrecursorCharge,Charge,Charge,1,TRUE,TRUE,FALSE,0.98,TRUE,1,deepseek-r1-14b,proteome_discoverer,constrained_v2,1,benchmark,18.04
FragmentIon,,,0,TRUE,TRUE,FALSE,0,TRUE,1,deepseek-r1-14b,proteome_discoverer,constrained_v2,1,benchmark,18.04
ProductCharge,,,0,TRUE,TRUE,FALSE,0,TRUE,1,deepseek-r1-14b,proteome_discoverer,constrained_v2,1,benchmark,18.04
Run,Spectrum.File,Spectrum.File,1,TRUE,TRUE,FALSE,0.98,TRUE,1,deepseek-r1-14b,proteome_discoverer,constrained_v2,1,benchmark,18.04
Intensity,Intensity,Precursor.Area,3,FALSE,TRUE,FALSE,0.98,TRUE,1,deepseek-r1-14b,proteome_discoverer,constrained_v2,1,benchmark,18.04
Qvalue,Exp.Value,,0,FALSE,FALSE,FALSE,0.92,TRUE,1,deepseek-r1-14b,proteome_discoverer,constrained_v2,1,benchmark,18.04
ProteinName,Protein.Group.Accessions,Protein.Group.Accessions,1,TRUE,TRUE,FALSE,0.98,TRUE,1,deepseek-r1-14b,proteome_discoverer,constrained_v2,2,benchmark,17.22
PeptideSequence,Sequence,Sequence,1,TRUE,TRUE,FALSE,0.98,TRUE,1,deepseek-r1-14b,proteome_discoverer,constrained_v2,2,benchmark,17.22
PrecursorCharge,Charge,Charge,1,TRUE,TRUE,FALSE,0.98,TRUE,1,deepseek-r1-14b,proteome_discoverer,constrained_v2,2,benchmark,17.22
FragmentIon,,,0,TRUE,TRUE,FALSE,0,TRUE,1,deepseek-r1-14b,proteome_discoverer,constrained_v2,2,benchmark,17.22
ProductCharge,,,0,TRUE,TRUE,FALSE,0,TRUE,1,deepseek-r1-14b,proteome_discoverer,constrained_v2,2,benchmark,17.22
Run,Spectrum.File,Spectrum.File,1,TRUE,TRUE,FALSE,0.98,TRUE,1,deepseek-r1-14b,proteome_discoverer,constrained_v2,2,benchmark,17.22
Intensity,Intensity,Precursor.Area,3,FALSE,TRUE,FALSE,0.98,TRUE,1,deepseek-r1-14b,proteome_discoverer,constrained_v2,2,benchmark,17.22
Qvalue,Exp.Value,,0,FALSE,FALSE,FALSE,0.92,TRUE,1,deepseek-r1-14b,proteome_discoverer,constrained_v2,2,benchmark,17.22
ProteinName,Protein.Group.Accessions,Protein.Group.Accessions,1,TRUE,TRUE,FALSE,0.98,TRUE,1,deepseek-r1-14b,proteome_discoverer,constrained_v2,3,benchmark,16.56
PeptideSequence,Sequence,Sequence,1,TRUE,TRUE,FALSE,0.98,TRUE,1,deepseek-r1-14b,proteome_discoverer,constrained_v2,3,benchmark,16.56
PrecursorCharge,Charge,Charge,1,TRUE,TRUE,FALSE,0.98,TRUE,1,deepseek-r1-14b,proteome_discoverer,constrained_v2,3,benchmark,16.56
FragmentIon,,,0,TRUE,TRUE,FALSE,0,TRUE,1,deepseek-r1-14b,proteome_discoverer,constrained_v2,3,benchmark,16.56
ProductCharge,,,0,TRUE,TRUE,FALSE,0,TRUE,1,deepseek-r1-14b,proteome_discoverer,constrained_v2,3,benchmark,16.56
Run,Spectrum.File,Spectrum.File,1,TRUE,TRUE,FALSE,0.98,TRUE,1,deepseek-r1-14b,proteome_discoverer,constrained_v2,3,benchmark,16.56
Intensity,Intensity,Precursor.Area,3,FALSE,TRUE,FALSE,0.98,TRUE,1,deepseek-r1-14b,proteome_discoverer,constrained_v2,3,benchmark,16.56
Qvalue,Exp.Value,,0,FALSE,FALSE,FALSE,0.92,TRUE,1,deepseek-r1-14b,proteome_discoverer,constrained_v2,3,benchmark,16.56
ProteinName,Protein.Group.Accessions,Protein.Group.Accessions,1,TRUE,TRUE,FALSE,0.98,TRUE,1,deepseek-r1-14b,proteome_discoverer,constrained_filter_v2,1,benchmark,27.42
PeptideSequence,Sequence,Sequence,1,TRUE,TRUE,FALSE,0.98,TRUE,1,deepseek-r1-14b,proteome_discoverer,constrained_filter_v2,1,benchmark,27.42
PrecursorCharge,Charge,Charge,1,TRUE,TRUE,FALSE,0.98,TRUE,1,deepseek-r1-14b,proteome_discoverer,constrained_filter_v2,1,benchmark,27.42
FragmentIon,,,0,TRUE,TRUE,FALSE,0,TRUE,1,deepseek-r1-14b,proteome_discoverer,constrained_filter_v2,1,benchmark,27.42
ProductCharge,,,0,TRUE,TRUE,FALSE,0,TRUE,1,deepseek-r1-14b,proteome_discoverer,constrained_filter_v2,1,benchmark,27.42
Run,Spectrum.File,Spectrum.File,1,TRUE,TRUE,FALSE,0.98,TRUE,1,deepseek-r1-14b,proteome_discoverer,constrained_filter_v2,1,benchmark,27.42
Intensity,Intensity,Precursor.Area,3,FALSE,TRUE,FALSE,0.98,TRUE,1,deepseek-r1-14b,proteome_discoverer,constrained_filter_v2,1,benchmark,27.42
Qvalue,,,0,TRUE,TRUE,FALSE,0,TRUE,1,deepseek-r1-14b,proteome_discoverer,constrained_filter_v2,1,benchmark,27.42
ProteinName,Protein.Group.Accessions,Protein.Group.Accessions,1,TRUE,TRUE,FALSE,0.98,TRUE,1,deepseek-r1-14b,proteome_discoverer,constrained_filter_v2,2,benchmark,27.98
PeptideSequence,Sequence,Sequence,1,TRUE,TRUE,FALSE,0.98,TRUE,1,deepseek-r1-14b,proteome_discoverer,constrained_filter_v2,2,benchmark,27.98
PrecursorCharge,Charge,Charge,1,TRUE,TRUE,FALSE,0.98,TRUE,1,deepseek-r1-14b,proteome_discoverer,constrained_filter_v2,2,benchmark,27.98
FragmentIon,,,0,TRUE,TRUE,FALSE,0,TRUE,1,deepseek-r1-14b,proteome_discoverer,constrained_filter_v2,2,benchmark,27.98
ProductCharge,,,0,TRUE,TRUE,FALSE,0,TRUE,1,deepseek-r1-14b,proteome_discoverer,constrained_filter_v2,2,benchmark,27.98
Run,Spectrum.File,Spectrum.File,1,TRUE,TRUE,FALSE,0.98,TRUE,1,deepseek-r1-14b,proteome_discoverer,constrained_filter_v2,2,benchmark,27.98
Intensity,Intensity,Precursor.Area,3,FALSE,TRUE,FALSE,0.98,TRUE,1,deepseek-r1-14b,proteome_discoverer,constrained_filter_v2,2,benchmark,27.98
Qvalue,,,0,TRUE,TRUE,FALSE,0,TRUE,1,deepseek-r1-14b,proteome_discoverer,constrained_filter_v2,2,benchmark,27.98
ProteinName,Protein.Group.Accessions,Protein.Group.Accessions,1,TRUE,TRUE,FALSE,0.98,TRUE,1,deepseek-r1-14b,proteome_discoverer,constrained_filter_v2,3,benchmark,27.9
PeptideSequence,Sequence,Sequence,1,TRUE,TRUE,FALSE,0.98,TRUE,1,deepseek-r1-14b,proteome_discoverer,constrained_filter_v2,3,benchmark,27.9
PrecursorCharge,Charge,Charge,1,TRUE,TRUE,FALSE,0.98,TRUE,1,deepseek-r1-14b,proteome_discoverer,constrained_filter_v2,3,benchmark,27.9
FragmentIon,,,0,TRUE,TRUE,FALSE,0,TRUE,1,deepseek-r1-14b,proteome_discoverer,constrained_filter_v2,3,benchmark,27.9
ProductCharge,,,0,TRUE,TRUE,FALSE,0,TRUE,1,deepseek-r1-14b,proteome_discoverer,constrained_filter_v2,3,benchmark,27.9
Run,Spectrum.File,Spectrum.File,1,TRUE,TRUE,FALSE,0.98,TRUE,1,deepseek-r1-14b,proteome_discoverer,constrained_filter_v2,3,benchmark,27.9
Intensity,Intensity,Precursor.Area,3,FALSE,TRUE,FALSE,0.98,TRUE,1,deepseek-r1-14b,proteome_discoverer,constrained_filter_v2,3,benchmark,27.9
Qvalue,,,0,TRUE,TRUE,FALSE,0,TRUE,1,deepseek-r1-14b,proteome_discoverer,constrained_filter_v2,3,benchmark,27.9
ProteinName,Protein.Group.Accessions,Protein.Group.Accessions,1,TRUE,TRUE,FALSE,0.98,TRUE,1,deepseek-r1-14b,proteome_discoverer,constrained_v3,1,benchmark,19.39
PeptideSequence,Sequence,Sequence,1,TRUE,TRUE,FALSE,0.98,TRUE,1,deepseek-r1-14b,proteome_discoverer,constrained_v3,1,benchmark,19.39
PrecursorCharge,Charge,Charge,1,TRUE,TRUE,FALSE,0.98,TRUE,1,deepseek-r1-14b,proteome_discoverer,constrained_v3,1,benchmark,19.39
FragmentIon,,,0,TRUE,TRUE,FALSE,0,TRUE,1,deepseek-r1-14b,proteome_discoverer,constrained_v3,1,benchmark,19.39
ProductCharge,,,0,TRUE,TRUE,FALSE,0,TRUE,1,deepseek-r1-14b,proteome_discoverer,constrained_v3,1,benchmark,19.39
Run,Spectrum.File,Spectrum.File,1,TRUE,TRUE,FALSE,0.98,TRUE,1,deepseek-r1-14b,proteome_discoverer,constrained_v3,1,benchmark,19.39
Intensity,Intensity,Precursor.Area,3,FALSE,TRUE,FALSE,0.98,TRUE,1,deepseek-r1-14b,proteome_discoverer,constrained_v3,1,benchmark,19.39
Qvalue,Exp.Value,,0,FALSE,FALSE,FALSE,0.8,TRUE,1,deepseek-r1-14b,proteome_discoverer,constrained_v3,1,benchmark,19.39
ProteinName,Protein.Group.Accessions,Protein.Group.Accessions,1,TRUE,TRUE,FALSE,0.98,TRUE,1,deepseek-r1-14b,proteome_discoverer,constrained_v3,2,benchmark,20.02
PeptideSequence,Sequence,Sequence,1,TRUE,TRUE,FALSE,0.98,TRUE,1,deepseek-r1-14b,proteome_discoverer,constrained_v3,2,benchmark,20.02
PrecursorCharge,Charge,Charge,1,TRUE,TRUE,FALSE,0.98,TRUE,1,deepseek-r1-14b,proteome_discoverer,constrained_v3,2,benchmark,20.02
FragmentIon,,,0,TRUE,TRUE,FALSE,0,TRUE,1,deepseek-r1-14b,proteome_discoverer,constrained_v3,2,benchmark,20.02
ProductCharge,,,0,TRUE,TRUE,FALSE,0,TRUE,1,deepseek-r1-14b,proteome_discoverer,constrained_v3,2,benchmark,20.02
Run,Spectrum.File,Spectrum.File,1,TRUE,TRUE,FALSE,0.98,TRUE,1,deepseek-r1-14b,proteome_discoverer,constrained_v3,2,benchmark,20.02
Intensity,Intensity,Precursor.Area,3,FALSE,TRUE,FALSE,0.98,TRUE,1,deepseek-r1-14b,proteome_discoverer,constrained_v3,2,benchmark,20.02
Qvalue,Exp.Value,,0,FALSE,FALSE,FALSE,0.8,TRUE,1,deepseek-r1-14b,proteome_discoverer,constrained_v3,2,benchmark,20.02
ProteinName,Protein.Group.Accessions,Protein.Group.Accessions,1,TRUE,TRUE,FALSE,0.98,TRUE,1,deepseek-r1-14b,proteome_discoverer,constrained_v3,3,benchmark,19.45
PeptideSequence,Sequence,Sequence,1,TRUE,TRUE,FALSE,0.98,TRUE,1,deepseek-r1-14b,proteome_discoverer,constrained_v3,3,benchmark,19.45
PrecursorCharge,Charge,Charge,1,TRUE,TRUE,FALSE,0.98,TRUE,1,deepseek-r1-14b,proteome_discoverer,constrained_v3,3,benchmark,19.45
FragmentIon,,,0,TRUE,TRUE,FALSE,0,TRUE,1,deepseek-r1-14b,proteome_discoverer,constrained_v3,3,benchmark,19.45
ProductCharge,,,0,TRUE,TRUE,FALSE,0,TRUE,1,deepseek-r1-14b,proteome_discoverer,constrained_v3,3,benchmark,19.45
Run,Spectrum.File,Spectrum.File,1,TRUE,TRUE,FALSE,0.98,TRUE,1,deepseek-r1-14b,proteome_discoverer,constrained_v3,3,benchmark,19.45
Intensity,Intensity,Precursor.Area,3,FALSE,TRUE,FALSE,0.98,TRUE,1,deepseek-r1-14b,proteome_discoverer,constrained_v3,3,benchmark,19.45
Qvalue,Exp.Value,,0,FALSE,FALSE,FALSE,0.8,TRUE,1,deepseek-r1-14b,proteome_discoverer,constrained_v3,3,benchmark,19.45
ProteinName,Protein.Group.Accessions,Protein.Group.Accessions,1,TRUE,TRUE,FALSE,0.98,TRUE,1,deepseek-r1-14b,proteome_discoverer,constrained_filter_v3,1,benchmark,36.3
PeptideSequence,Sequence,Sequence,1,TRUE,TRUE,FALSE,0.98,TRUE,1,deepseek-r1-14b,proteome_discoverer,constrained_filter_v3,1,benchmark,36.3
PrecursorCharge,Charge,Charge,1,TRUE,TRUE,FALSE,0.98,TRUE,1,deepseek-r1-14b,proteome_discoverer,constrained_filter_v3,1,benchmark,36.3
FragmentIon,,,0,TRUE,TRUE,FALSE,0,TRUE,1,deepseek-r1-14b,proteome_discoverer,constrained_filter_v3,1,benchmark,36.3
ProductCharge,,,0,TRUE,TRUE,FALSE,0,TRUE,1,deepseek-r1-14b,proteome_discoverer,constrained_filter_v3,1,benchmark,36.3
Run,Spectrum.File,Spectrum.File,1,TRUE,TRUE,FALSE,0.98,TRUE,1,deepseek-r1-14b,proteome_discoverer,constrained_filter_v3,1,benchmark,36.3
Intensity,Intensity,Precursor.Area,3,FALSE,TRUE,FALSE,0.98,TRUE,1,deepseek-r1-14b,proteome_discoverer,constrained_filter_v3,1,benchmark,36.3
Qvalue,,,0,TRUE,TRUE,FALSE,0,TRUE,1,deepseek-r1-14b,proteome_discoverer,constrained_filter_v3,1,benchmark,36.3
ProteinName,Protein.Group.Accessions,Protein.Group.Accessions,1,TRUE,TRUE,FALSE,0.98,TRUE,1,deepseek-r1-14b,proteome_discoverer,constrained_filter_v3,2,benchmark,35.84
PeptideSequence,Sequence,Sequence,1,TRUE,TRUE,FALSE,0.98,TRUE,1,deepseek-r1-14b,proteome_discoverer,constrained_filter_v3,2,benchmark,35.84
PrecursorCharge,Charge,Charge,1,TRUE,TRUE,FALSE,0.98,TRUE,1,deepseek-r1-14b,proteome_discoverer,constrained_filter_v3,2,benchmark,35.84
FragmentIon,,,0,TRUE,TRUE,FALSE,0,TRUE,1,deepseek-r1-14b,proteome_discoverer,constrained_filter_v3,2,benchmark,35.84
ProductCharge,,,0,TRUE,TRUE,FALSE,0,TRUE,1,deepseek-r1-14b,proteome_discoverer,constrained_filter_v3,2,benchmark,35.84
Run,Spectrum.File,Spectrum.File,1,TRUE,TRUE,FALSE,0.98,TRUE,1,deepseek-r1-14b,proteome_discoverer,constrained_filter_v3,2,benchmark,35.84
Intensity,Intensity,Precursor.Area,3,FALSE,TRUE,FALSE,0.98,TRUE,1,deepseek-r1-14b,proteome_discoverer,constrained_filter_v3,2,benchmark,35.84
Qvalue,,,0,TRUE,TRUE,FALSE,0,TRUE,1,deepseek-r1-14b,proteome_discoverer,constrained_filter_v3,2,benchmark,35.84
ProteinName,Protein.Group.Accessions,Protein.Group.Accessions,1,TRUE,TRUE,FALSE,0.98,TRUE,1,deepseek-r1-14b,proteome_discoverer,constrained_filter_v3,3,benchmark,37.18
PeptideSequence,Sequence,Sequence,1,TRUE,TRUE,FALSE,0.98,TRUE,1,deepseek-r1-14b,proteome_discoverer,constrained_filter_v3,3,benchmark,37.18
PrecursorCharge,Charge,Charge,1,TRUE,TRUE,FALSE,0.98,TRUE,1,deepseek-r1-14b,proteome_discoverer,constrained_filter_v3,3,benchmark,37.18
FragmentIon,,,0,TRUE,TRUE,FALSE,0,TRUE,1,deepseek-r1-14b,proteome_discoverer,constrained_filter_v3,3,benchmark,37.18
ProductCharge,,,0,TRUE,TRUE,FALSE,0,TRUE,1,deepseek-r1-14b,proteome_discoverer,constrained_filter_v3,3,benchmark,37.18
Run,Spectrum.File,Spectrum.File,1,TRUE,TRUE,FALSE,0.98,TRUE,1,deepseek-r1-14b,proteome_discoverer,constrained_filter_v3,3,benchmark,37.18
Intensity,Intensity,Precursor.Area,3,FALSE,TRUE,FALSE,0.98,TRUE,1,deepseek-r1-14b,proteome_discoverer,constrained_filter_v3,3,benchmark,37.18
Qvalue,,,0,TRUE,TRUE,FALSE,0,TRUE,1,deepseek-r1-14b,proteome_discoverer,constrained_filter_v3,3,benchmark,37.18
ProteinName,Protein.Group,Protein.Group,1,TRUE,TRUE,FALSE,0.7,TRUE,1,deepseek-r1-14b,metamorpheus,lean,1,benchmark,17.28
PeptideSequence,Base.Sequence,Full.Sequence,1,FALSE,FALSE,FALSE,1,TRUE,1,deepseek-r1-14b,metamorpheus,lean,1,benchmark,17.28
PrecursorCharge,Precursor.Charge,Precursor.Charge,1,TRUE,TRUE,FALSE,1,TRUE,1,deepseek-r1-14b,metamorpheus,lean,1,benchmark,17.28
FragmentIon,,,0,TRUE,TRUE,FALSE,0,TRUE,1,deepseek-r1-14b,metamorpheus,lean,1,benchmark,17.28
ProductCharge,,,0,TRUE,TRUE,FALSE,0,TRUE,1,deepseek-r1-14b,metamorpheus,lean,1,benchmark,17.28
Run,File.Name,File.Name,1,TRUE,TRUE,FALSE,1,TRUE,1,deepseek-r1-14b,metamorpheus,lean,1,benchmark,17.28
Intensity,Peak.intensity,Peak.intensity,1,TRUE,TRUE,FALSE,1,TRUE,1,deepseek-r1-14b,metamorpheus,lean,1,benchmark,17.28
Qvalue,PIP.Q.Value,PIP.Q.Value,1,TRUE,TRUE,FALSE,0.8,TRUE,1,deepseek-r1-14b,metamorpheus,lean,1,benchmark,17.28
ProteinName,Protein.Group,Protein.Group,1,TRUE,TRUE,FALSE,0.7,TRUE,1,deepseek-r1-14b,metamorpheus,lean,2,benchmark,18.11
PeptideSequence,Base.Sequence,Full.Sequence,1,FALSE,FALSE,FALSE,1,TRUE,1,deepseek-r1-14b,metamorpheus,lean,2,benchmark,18.11
PrecursorCharge,Precursor.Charge,Precursor.Charge,1,TRUE,TRUE,FALSE,1,TRUE,1,deepseek-r1-14b,metamorpheus,lean,2,benchmark,18.11
FragmentIon,,,0,TRUE,TRUE,FALSE,0,TRUE,1,deepseek-r1-14b,metamorpheus,lean,2,benchmark,18.11
ProductCharge,,,0,TRUE,TRUE,FALSE,0,TRUE,1,deepseek-r1-14b,metamorpheus,lean,2,benchmark,18.11
Run,File.Name,File.Name,1,TRUE,TRUE,FALSE,1,TRUE,1,deepseek-r1-14b,metamorpheus,lean,2,benchmark,18.11
Intensity,Peak.intensity,Peak.intensity,1,TRUE,TRUE,FALSE,1,TRUE,1,deepseek-r1-14b,metamorpheus,lean,2,benchmark,18.11
Qvalue,PIP.Q.Value,PIP.Q.Value,1,TRUE,TRUE,FALSE,0.8,TRUE,1,deepseek-r1-14b,metamorpheus,lean,2,benchmark,18.11
ProteinName,Protein.Group,Protein.Group,1,TRUE,TRUE,FALSE,0.7,TRUE,1,deepseek-r1-14b,metamorpheus,lean,3,benchmark,18.65
PeptideSequence,Base.Sequence,Full.Sequence,1,FALSE,FALSE,FALSE,1,TRUE,1,deepseek-r1-14b,metamorpheus,lean,3,benchmark,18.65
PrecursorCharge,Precursor.Charge,Precursor.Charge,1,TRUE,TRUE,FALSE,1,TRUE,1,deepseek-r1-14b,metamorpheus,lean,3,benchmark,18.65
FragmentIon,,,0,TRUE,TRUE,FALSE,0,TRUE,1,deepseek-r1-14b,metamorpheus,lean,3,benchmark,18.65
ProductCharge,,,0,TRUE,TRUE,FALSE,0,TRUE,1,deepseek-r1-14b,metamorpheus,lean,3,benchmark,18.65
Run,File.Name,File.Name,1,TRUE,TRUE,FALSE,1,TRUE,1,deepseek-r1-14b,metamorpheus,lean,3,benchmark,18.65
Intensity,Peak.intensity,Peak.intensity,1,TRUE,TRUE,FALSE,1,TRUE,1,deepseek-r1-14b,metamorpheus,lean,3,benchmark,18.65
Qvalue,PIP.Q.Value,PIP.Q.Value,1,TRUE,TRUE,FALSE,0.8,TRUE,1,deepseek-r1-14b,metamorpheus,lean,3,benchmark,18.65
ProteinName,Protein.Group,Protein.Group,1,TRUE,TRUE,FALSE,0.98,TRUE,1,deepseek-r1-14b,metamorpheus,constrained,1,benchmark,15.79
PeptideSequence,Base.Sequence,Full.Sequence,1,FALSE,FALSE,FALSE,0.98,TRUE,1,deepseek-r1-14b,metamorpheus,constrained,1,benchmark,15.79
PrecursorCharge,Precursor.Charge,Precursor.Charge,1,TRUE,TRUE,FALSE,0.98,TRUE,1,deepseek-r1-14b,metamorpheus,constrained,1,benchmark,15.79
FragmentIon,,,0,TRUE,TRUE,FALSE,0,TRUE,1,deepseek-r1-14b,metamorpheus,constrained,1,benchmark,15.79
ProductCharge,,,0,TRUE,TRUE,FALSE,0,TRUE,1,deepseek-r1-14b,metamorpheus,constrained,1,benchmark,15.79
Run,File.Name,File.Name,1,TRUE,TRUE,FALSE,0.98,TRUE,1,deepseek-r1-14b,metamorpheus,constrained,1,benchmark,15.79
Intensity,Peak.intensity,Peak.intensity,1,TRUE,TRUE,FALSE,0.98,TRUE,1,deepseek-r1-14b,metamorpheus,constrained,1,benchmark,15.79
Qvalue,PIP.Q.Value,PIP.Q.Value,1,TRUE,TRUE,FALSE,0.98,TRUE,1,deepseek-r1-14b,metamorpheus,constrained,1,benchmark,15.79
ProteinName,Protein.Group,Protein.Group,1,TRUE,TRUE,FALSE,0.98,TRUE,1,deepseek-r1-14b,metamorpheus,constrained,2,benchmark,16.81
PeptideSequence,Base.Sequence,Full.Sequence,1,FALSE,FALSE,FALSE,0.98,TRUE,1,deepseek-r1-14b,metamorpheus,constrained,2,benchmark,16.81
PrecursorCharge,Precursor.Charge,Precursor.Charge,1,TRUE,TRUE,FALSE,0.98,TRUE,1,deepseek-r1-14b,metamorpheus,constrained,2,benchmark,16.81
FragmentIon,,,0,TRUE,TRUE,FALSE,0,TRUE,1,deepseek-r1-14b,metamorpheus,constrained,2,benchmark,16.81
ProductCharge,,,0,TRUE,TRUE,FALSE,0,TRUE,1,deepseek-r1-14b,metamorpheus,constrained,2,benchmark,16.81
Run,File.Name,File.Name,1,TRUE,TRUE,FALSE,0.98,TRUE,1,deepseek-r1-14b,metamorpheus,constrained,2,benchmark,16.81
Intensity,Peak.intensity,Peak.intensity,1,TRUE,TRUE,FALSE,0.98,TRUE,1,deepseek-r1-14b,metamorpheus,constrained,2,benchmark,16.81
Qvalue,PIP.Q.Value,PIP.Q.Value,1,TRUE,TRUE,FALSE,0.98,TRUE,1,deepseek-r1-14b,metamorpheus,constrained,2,benchmark,16.81
ProteinName,Protein.Group,Protein.Group,1,TRUE,TRUE,FALSE,0.98,TRUE,1,deepseek-r1-14b,metamorpheus,constrained,3,benchmark,16.41
PeptideSequence,Base.Sequence,Full.Sequence,1,FALSE,FALSE,FALSE,0.98,TRUE,1,deepseek-r1-14b,metamorpheus,constrained,3,benchmark,16.41
PrecursorCharge,Precursor.Charge,Precursor.Charge,1,TRUE,TRUE,FALSE,0.98,TRUE,1,deepseek-r1-14b,metamorpheus,constrained,3,benchmark,16.41
FragmentIon,,,0,TRUE,TRUE,FALSE,0,TRUE,1,deepseek-r1-14b,metamorpheus,constrained,3,benchmark,16.41
ProductCharge,,,0,TRUE,TRUE,FALSE,0,TRUE,1,deepseek-r1-14b,metamorpheus,constrained,3,benchmark,16.41
Run,File.Name,File.Name,1,TRUE,TRUE,FALSE,0.98,TRUE,1,deepseek-r1-14b,metamorpheus,constrained,3,benchmark,16.41
Intensity,Peak.intensity,Peak.intensity,1,TRUE,TRUE,FALSE,0.98,TRUE,1,deepseek-r1-14b,metamorpheus,constrained,3,benchmark,16.41
Qvalue,PIP.Q.Value,PIP.Q.Value,1,TRUE,TRUE,FALSE,0.98,TRUE,1,deepseek-r1-14b,metamorpheus,constrained,3,benchmark,16.41
ProteinName,Protein.Group,Protein.Group,1,TRUE,TRUE,FALSE,1,TRUE,1,deepseek-r1-14b,metamorpheus,filter_aware,1,benchmark,25.71
PeptideSequence,Full.Sequence,Full.Sequence,1,TRUE,TRUE,FALSE,0.85,TRUE,1,deepseek-r1-14b,metamorpheus,filter_aware,1,benchmark,25.71
PrecursorCharge,Precursor.Charge,Precursor.Charge,1,TRUE,TRUE,FALSE,1,TRUE,1,deepseek-r1-14b,metamorpheus,filter_aware,1,benchmark,25.71
FragmentIon,,,0,TRUE,TRUE,FALSE,0,TRUE,1,deepseek-r1-14b,metamorpheus,filter_aware,1,benchmark,25.71
ProductCharge,,,0,TRUE,TRUE,FALSE,0,TRUE,1,deepseek-r1-14b,metamorpheus,filter_aware,1,benchmark,25.71
Run,File.Name,File.Name,1,TRUE,TRUE,FALSE,1,TRUE,1,deepseek-r1-14b,metamorpheus,filter_aware,1,benchmark,25.71
Intensity,Peak.intensity,Peak.intensity,1,TRUE,TRUE,FALSE,1,TRUE,1,deepseek-r1-14b,metamorpheus,filter_aware,1,benchmark,25.71
Qvalue,PIP.Q.Value,PIP.Q.Value,1,TRUE,TRUE,FALSE,0.9,TRUE,1,deepseek-r1-14b,metamorpheus,filter_aware,1,benchmark,25.71
ProteinName,Protein.Group,Protein.Group,1,TRUE,TRUE,FALSE,1,TRUE,1,deepseek-r1-14b,metamorpheus,filter_aware,2,benchmark,26.68
PeptideSequence,Full.Sequence,Full.Sequence,1,TRUE,TRUE,FALSE,0.85,TRUE,1,deepseek-r1-14b,metamorpheus,filter_aware,2,benchmark,26.68
PrecursorCharge,Precursor.Charge,Precursor.Charge,1,TRUE,TRUE,FALSE,1,TRUE,1,deepseek-r1-14b,metamorpheus,filter_aware,2,benchmark,26.68
FragmentIon,,,0,TRUE,TRUE,FALSE,0,TRUE,1,deepseek-r1-14b,metamorpheus,filter_aware,2,benchmark,26.68
ProductCharge,,,0,TRUE,TRUE,FALSE,0,TRUE,1,deepseek-r1-14b,metamorpheus,filter_aware,2,benchmark,26.68
Run,File.Name,File.Name,1,TRUE,TRUE,FALSE,1,TRUE,1,deepseek-r1-14b,metamorpheus,filter_aware,2,benchmark,26.68
Intensity,Peak.intensity,Peak.intensity,1,TRUE,TRUE,FALSE,1,TRUE,1,deepseek-r1-14b,metamorpheus,filter_aware,2,benchmark,26.68
Qvalue,PIP.Q.Value,PIP.Q.Value,1,TRUE,TRUE,FALSE,0.9,TRUE,1,deepseek-r1-14b,metamorpheus,filter_aware,2,benchmark,26.68
ProteinName,Protein.Group,Protein.Group,1,TRUE,TRUE,FALSE,1,TRUE,1,deepseek-r1-14b,metamorpheus,filter_aware,3,benchmark,26.91
PeptideSequence,Full.Sequence,Full.Sequence,1,TRUE,TRUE,FALSE,0.85,TRUE,1,deepseek-r1-14b,metamorpheus,filter_aware,3,benchmark,26.91
PrecursorCharge,Precursor.Charge,Precursor.Charge,1,TRUE,TRUE,FALSE,1,TRUE,1,deepseek-r1-14b,metamorpheus,filter_aware,3,benchmark,26.91
FragmentIon,,,0,TRUE,TRUE,FALSE,0,TRUE,1,deepseek-r1-14b,metamorpheus,filter_aware,3,benchmark,26.91
ProductCharge,,,0,TRUE,TRUE,FALSE,0,TRUE,1,deepseek-r1-14b,metamorpheus,filter_aware,3,benchmark,26.91
Run,File.Name,File.Name,1,TRUE,TRUE,FALSE,1,TRUE,1,deepseek-r1-14b,metamorpheus,filter_aware,3,benchmark,26.91
Intensity,Peak.intensity,Peak.intensity,1,TRUE,TRUE,FALSE,1,TRUE,1,deepseek-r1-14b,metamorpheus,filter_aware,3,benchmark,26.91
Qvalue,PIP.Q.Value,PIP.Q.Value,1,TRUE,TRUE,FALSE,0.9,TRUE,1,deepseek-r1-14b,metamorpheus,filter_aware,3,benchmark,26.91
ProteinName,Protein.Group,Protein.Group,1,TRUE,TRUE,FALSE,0.98,TRUE,1,deepseek-r1-14b,metamorpheus,constrained_filter,1,benchmark,27.62
PeptideSequence,Base.Sequence,Full.Sequence,1,FALSE,FALSE,FALSE,0.98,TRUE,1,deepseek-r1-14b,metamorpheus,constrained_filter,1,benchmark,27.62
PrecursorCharge,Precursor.Charge,Precursor.Charge,1,TRUE,TRUE,FALSE,0.98,TRUE,1,deepseek-r1-14b,metamorpheus,constrained_filter,1,benchmark,27.62
FragmentIon,,,0,TRUE,TRUE,FALSE,0,TRUE,1,deepseek-r1-14b,metamorpheus,constrained_filter,1,benchmark,27.62
ProductCharge,,,0,TRUE,TRUE,FALSE,0,TRUE,1,deepseek-r1-14b,metamorpheus,constrained_filter,1,benchmark,27.62
Run,File.Name,File.Name,1,TRUE,TRUE,FALSE,0.98,TRUE,1,deepseek-r1-14b,metamorpheus,constrained_filter,1,benchmark,27.62
Intensity,Peak.intensity,Peak.intensity,1,TRUE,TRUE,FALSE,0.98,TRUE,1,deepseek-r1-14b,metamorpheus,constrained_filter,1,benchmark,27.62
Qvalue,PIP.Q.Value,PIP.Q.Value,1,TRUE,TRUE,FALSE,0.98,TRUE,1,deepseek-r1-14b,metamorpheus,constrained_filter,1,benchmark,27.62
ProteinName,Protein.Group,Protein.Group,1,TRUE,TRUE,FALSE,0.98,TRUE,1,deepseek-r1-14b,metamorpheus,constrained_filter,2,benchmark,27.18
PeptideSequence,Base.Sequence,Full.Sequence,1,FALSE,FALSE,FALSE,0.98,TRUE,1,deepseek-r1-14b,metamorpheus,constrained_filter,2,benchmark,27.18
PrecursorCharge,Precursor.Charge,Precursor.Charge,1,TRUE,TRUE,FALSE,0.98,TRUE,1,deepseek-r1-14b,metamorpheus,constrained_filter,2,benchmark,27.18
FragmentIon,,,0,TRUE,TRUE,FALSE,0,TRUE,1,deepseek-r1-14b,metamorpheus,constrained_filter,2,benchmark,27.18
ProductCharge,,,0,TRUE,TRUE,FALSE,0,TRUE,1,deepseek-r1-14b,metamorpheus,constrained_filter,2,benchmark,27.18
Run,File.Name,File.Name,1,TRUE,TRUE,FALSE,0.98,TRUE,1,deepseek-r1-14b,metamorpheus,constrained_filter,2,benchmark,27.18
Intensity,Peak.intensity,Peak.intensity,1,TRUE,TRUE,FALSE,0.98,TRUE,1,deepseek-r1-14b,metamorpheus,constrained_filter,2,benchmark,27.18
Qvalue,PIP.Q.Value,PIP.Q.Value,1,TRUE,TRUE,FALSE,0.98,TRUE,1,deepseek-r1-14b,metamorpheus,constrained_filter,2,benchmark,27.18
ProteinName,Protein.Group,Protein.Group,1,TRUE,TRUE,FALSE,0.98,TRUE,1,deepseek-r1-14b,metamorpheus,constrained_filter,3,benchmark,27.58
PeptideSequence,Base.Sequence,Full.Sequence,1,FALSE,FALSE,FALSE,0.98,TRUE,1,deepseek-r1-14b,metamorpheus,constrained_filter,3,benchmark,27.58
PrecursorCharge,Precursor.Charge,Precursor.Charge,1,TRUE,TRUE,FALSE,0.98,TRUE,1,deepseek-r1-14b,metamorpheus,constrained_filter,3,benchmark,27.58
FragmentIon,,,0,TRUE,TRUE,FALSE,0,TRUE,1,deepseek-r1-14b,metamorpheus,constrained_filter,3,benchmark,27.58
ProductCharge,,,0,TRUE,TRUE,FALSE,0,TRUE,1,deepseek-r1-14b,metamorpheus,constrained_filter,3,benchmark,27.58
Run,File.Name,File.Name,1,TRUE,TRUE,FALSE,0.98,TRUE,1,deepseek-r1-14b,metamorpheus,constrained_filter,3,benchmark,27.58
Intensity,Peak.intensity,Peak.intensity,1,TRUE,TRUE,FALSE,0.98,TRUE,1,deepseek-r1-14b,metamorpheus,constrained_filter,3,benchmark,27.58
Qvalue,PIP.Q.Value,PIP.Q.Value,1,TRUE,TRUE,FALSE,0.98,TRUE,1,deepseek-r1-14b,metamorpheus,constrained_filter,3,benchmark,27.58
ProteinName,Protein.Group,Protein.Group,1,TRUE,TRUE,FALSE,0.98,TRUE,1,deepseek-r1-14b,metamorpheus,constrained_v2,1,benchmark,21.47
PeptideSequence,Full.Sequence,Full.Sequence,1,TRUE,TRUE,FALSE,0.98,TRUE,1,deepseek-r1-14b,metamorpheus,constrained_v2,1,benchmark,21.47
PrecursorCharge,Precursor.Charge,Precursor.Charge,1,TRUE,TRUE,FALSE,0.98,TRUE,1,deepseek-r1-14b,metamorpheus,constrained_v2,1,benchmark,21.47
FragmentIon,,,0,TRUE,TRUE,FALSE,0,TRUE,1,deepseek-r1-14b,metamorpheus,constrained_v2,1,benchmark,21.47
ProductCharge,,,0,TRUE,TRUE,FALSE,0,TRUE,1,deepseek-r1-14b,metamorpheus,constrained_v2,1,benchmark,21.47
Run,File.Name,File.Name,1,TRUE,TRUE,FALSE,0.98,TRUE,1,deepseek-r1-14b,metamorpheus,constrained_v2,1,benchmark,21.47
Intensity,Peak.intensity,Peak.intensity,1,TRUE,TRUE,FALSE,0.98,TRUE,1,deepseek-r1-14b,metamorpheus,constrained_v2,1,benchmark,21.47
Qvalue,PIP.Q.Value,PIP.Q.Value,1,TRUE,TRUE,FALSE,0.98,TRUE,1,deepseek-r1-14b,metamorpheus,constrained_v2,1,benchmark,21.47
ProteinName,Protein.Group,Protein.Group,1,TRUE,TRUE,FALSE,0.98,TRUE,1,deepseek-r1-14b,metamorpheus,constrained_v2,2,benchmark,20.65
PeptideSequence,Full.Sequence,Full.Sequence,1,TRUE,TRUE,FALSE,0.98,TRUE,1,deepseek-r1-14b,metamorpheus,constrained_v2,2,benchmark,20.65
PrecursorCharge,Precursor.Charge,Precursor.Charge,1,TRUE,TRUE,FALSE,0.98,TRUE,1,deepseek-r1-14b,metamorpheus,constrained_v2,2,benchmark,20.65
FragmentIon,,,0,TRUE,TRUE,FALSE,0,TRUE,1,deepseek-r1-14b,metamorpheus,constrained_v2,2,benchmark,20.65
ProductCharge,,,0,TRUE,TRUE,FALSE,0,TRUE,1,deepseek-r1-14b,metamorpheus,constrained_v2,2,benchmark,20.65
Run,File.Name,File.Name,1,TRUE,TRUE,FALSE,0.98,TRUE,1,deepseek-r1-14b,metamorpheus,constrained_v2,2,benchmark,20.65
Intensity,Peak.intensity,Peak.intensity,1,TRUE,TRUE,FALSE,0.98,TRUE,1,deepseek-r1-14b,metamorpheus,constrained_v2,2,benchmark,20.65
Qvalue,PIP.Q.Value,PIP.Q.Value,1,TRUE,TRUE,FALSE,0.98,TRUE,1,deepseek-r1-14b,metamorpheus,constrained_v2,2,benchmark,20.65
ProteinName,Protein.Group,Protein.Group,1,TRUE,TRUE,FALSE,0.98,TRUE,1,deepseek-r1-14b,metamorpheus,constrained_v2,3,benchmark,21.6
PeptideSequence,Full.Sequence,Full.Sequence,1,TRUE,TRUE,FALSE,0.98,TRUE,1,deepseek-r1-14b,metamorpheus,constrained_v2,3,benchmark,21.6
PrecursorCharge,Precursor.Charge,Precursor.Charge,1,TRUE,TRUE,FALSE,0.98,TRUE,1,deepseek-r1-14b,metamorpheus,constrained_v2,3,benchmark,21.6
FragmentIon,,,0,TRUE,TRUE,FALSE,0,TRUE,1,deepseek-r1-14b,metamorpheus,constrained_v2,3,benchmark,21.6
ProductCharge,,,0,TRUE,TRUE,FALSE,0,TRUE,1,deepseek-r1-14b,metamorpheus,constrained_v2,3,benchmark,21.6
Run,File.Name,File.Name,1,TRUE,TRUE,FALSE,0.98,TRUE,1,deepseek-r1-14b,metamorpheus,constrained_v2,3,benchmark,21.6
Intensity,Peak.intensity,Peak.intensity,1,TRUE,TRUE,FALSE,0.98,TRUE,1,deepseek-r1-14b,metamorpheus,constrained_v2,3,benchmark,21.6
Qvalue,PIP.Q.Value,PIP.Q.Value,1,TRUE,TRUE,FALSE,0.98,TRUE,1,deepseek-r1-14b,metamorpheus,constrained_v2,3,benchmark,21.6
ProteinName,Protein.Group,Protein.Group,1,TRUE,TRUE,FALSE,0.98,TRUE,1,deepseek-r1-14b,metamorpheus,constrained_filter_v2,1,benchmark,26.44
PeptideSequence,Full.Sequence,Full.Sequence,1,TRUE,TRUE,FALSE,0.98,TRUE,1,deepseek-r1-14b,metamorpheus,constrained_filter_v2,1,benchmark,26.44
PrecursorCharge,Precursor.Charge,Precursor.Charge,1,TRUE,TRUE,FALSE,0.98,TRUE,1,deepseek-r1-14b,metamorpheus,constrained_filter_v2,1,benchmark,26.44
FragmentIon,,,0,TRUE,TRUE,FALSE,0,TRUE,1,deepseek-r1-14b,metamorpheus,constrained_filter_v2,1,benchmark,26.44
ProductCharge,,,0,TRUE,TRUE,FALSE,0,TRUE,1,deepseek-r1-14b,metamorpheus,constrained_filter_v2,1,benchmark,26.44
Run,File.Name,File.Name,1,TRUE,TRUE,FALSE,0.98,TRUE,1,deepseek-r1-14b,metamorpheus,constrained_filter_v2,1,benchmark,26.44
Intensity,Peak.intensity,Peak.intensity,1,TRUE,TRUE,FALSE,0.98,TRUE,1,deepseek-r1-14b,metamorpheus,constrained_filter_v2,1,benchmark,26.44
Qvalue,PIP.Q.Value,PIP.Q.Value,1,TRUE,TRUE,FALSE,0.98,TRUE,1,deepseek-r1-14b,metamorpheus,constrained_filter_v2,1,benchmark,26.44
ProteinName,Protein.Group,Protein.Group,1,TRUE,TRUE,FALSE,0.98,TRUE,1,deepseek-r1-14b,metamorpheus,constrained_filter_v2,2,benchmark,24.92
PeptideSequence,Full.Sequence,Full.Sequence,1,TRUE,TRUE,FALSE,0.98,TRUE,1,deepseek-r1-14b,metamorpheus,constrained_filter_v2,2,benchmark,24.92
PrecursorCharge,Precursor.Charge,Precursor.Charge,1,TRUE,TRUE,FALSE,0.98,TRUE,1,deepseek-r1-14b,metamorpheus,constrained_filter_v2,2,benchmark,24.92
FragmentIon,,,0,TRUE,TRUE,FALSE,0,TRUE,1,deepseek-r1-14b,metamorpheus,constrained_filter_v2,2,benchmark,24.92
ProductCharge,,,0,TRUE,TRUE,FALSE,0,TRUE,1,deepseek-r1-14b,metamorpheus,constrained_filter_v2,2,benchmark,24.92
Run,File.Name,File.Name,1,TRUE,TRUE,FALSE,0.98,TRUE,1,deepseek-r1-14b,metamorpheus,constrained_filter_v2,2,benchmark,24.92
Intensity,Peak.intensity,Peak.intensity,1,TRUE,TRUE,FALSE,0.98,TRUE,1,deepseek-r1-14b,metamorpheus,constrained_filter_v2,2,benchmark,24.92
Qvalue,PIP.Q.Value,PIP.Q.Value,1,TRUE,TRUE,FALSE,0.98,TRUE,1,deepseek-r1-14b,metamorpheus,constrained_filter_v2,2,benchmark,24.92
ProteinName,Protein.Group,Protein.Group,1,TRUE,TRUE,FALSE,0.98,TRUE,1,deepseek-r1-14b,metamorpheus,constrained_filter_v2,3,benchmark,25.03
PeptideSequence,Full.Sequence,Full.Sequence,1,TRUE,TRUE,FALSE,0.98,TRUE,1,deepseek-r1-14b,metamorpheus,constrained_filter_v2,3,benchmark,25.03
PrecursorCharge,Precursor.Charge,Precursor.Charge,1,TRUE,TRUE,FALSE,0.98,TRUE,1,deepseek-r1-14b,metamorpheus,constrained_filter_v2,3,benchmark,25.03
FragmentIon,,,0,TRUE,TRUE,FALSE,0,TRUE,1,deepseek-r1-14b,metamorpheus,constrained_filter_v2,3,benchmark,25.03
ProductCharge,,,0,TRUE,TRUE,FALSE,0,TRUE,1,deepseek-r1-14b,metamorpheus,constrained_filter_v2,3,benchmark,25.03
Run,File.Name,File.Name,1,TRUE,TRUE,FALSE,0.98,TRUE,1,deepseek-r1-14b,metamorpheus,constrained_filter_v2,3,benchmark,25.03
Intensity,Peak.intensity,Peak.intensity,1,TRUE,TRUE,FALSE,0.98,TRUE,1,deepseek-r1-14b,metamorpheus,constrained_filter_v2,3,benchmark,25.03
Qvalue,PIP.Q.Value,PIP.Q.Value,1,TRUE,TRUE,FALSE,0.98,TRUE,1,deepseek-r1-14b,metamorpheus,constrained_filter_v2,3,benchmark,25.03
ProteinName,Protein.Group,Protein.Group,1,TRUE,TRUE,FALSE,0.98,TRUE,1,deepseek-r1-14b,metamorpheus,constrained_v3,1,benchmark,18.21
PeptideSequence,Full.Sequence,Full.Sequence,1,TRUE,TRUE,FALSE,0.98,TRUE,1,deepseek-r1-14b,metamorpheus,constrained_v3,1,benchmark,18.21
PrecursorCharge,Precursor.Charge,Precursor.Charge,1,TRUE,TRUE,FALSE,0.98,TRUE,1,deepseek-r1-14b,metamorpheus,constrained_v3,1,benchmark,18.21
FragmentIon,,,0,TRUE,TRUE,FALSE,0,TRUE,1,deepseek-r1-14b,metamorpheus,constrained_v3,1,benchmark,18.21
ProductCharge,,,0,TRUE,TRUE,FALSE,0,TRUE,1,deepseek-r1-14b,metamorpheus,constrained_v3,1,benchmark,18.21
Run,File.Name,File.Name,1,TRUE,TRUE,FALSE,0.98,TRUE,1,deepseek-r1-14b,metamorpheus,constrained_v3,1,benchmark,18.21
Intensity,Peak.intensity,Peak.intensity,1,TRUE,TRUE,FALSE,0.98,TRUE,1,deepseek-r1-14b,metamorpheus,constrained_v3,1,benchmark,18.21
Qvalue,PIP.Q.Value,PIP.Q.Value,1,TRUE,TRUE,FALSE,0.8,TRUE,1,deepseek-r1-14b,metamorpheus,constrained_v3,1,benchmark,18.21
ProteinName,Protein.Group,Protein.Group,1,TRUE,TRUE,FALSE,0.98,TRUE,1,deepseek-r1-14b,metamorpheus,constrained_v3,2,benchmark,17.76
PeptideSequence,Full.Sequence,Full.Sequence,1,TRUE,TRUE,FALSE,0.98,TRUE,1,deepseek-r1-14b,metamorpheus,constrained_v3,2,benchmark,17.76
PrecursorCharge,Precursor.Charge,Precursor.Charge,1,TRUE,TRUE,FALSE,0.98,TRUE,1,deepseek-r1-14b,metamorpheus,constrained_v3,2,benchmark,17.76
FragmentIon,,,0,TRUE,TRUE,FALSE,0,TRUE,1,deepseek-r1-14b,metamorpheus,constrained_v3,2,benchmark,17.76
ProductCharge,,,0,TRUE,TRUE,FALSE,0,TRUE,1,deepseek-r1-14b,metamorpheus,constrained_v3,2,benchmark,17.76
Run,File.Name,File.Name,1,TRUE,TRUE,FALSE,0.98,TRUE,1,deepseek-r1-14b,metamorpheus,constrained_v3,2,benchmark,17.76
Intensity,Peak.intensity,Peak.intensity,1,TRUE,TRUE,FALSE,0.98,TRUE,1,deepseek-r1-14b,metamorpheus,constrained_v3,2,benchmark,17.76
Qvalue,PIP.Q.Value,PIP.Q.Value,1,TRUE,TRUE,FALSE,0.8,TRUE,1,deepseek-r1-14b,metamorpheus,constrained_v3,2,benchmark,17.76
ProteinName,Protein.Group,Protein.Group,1,TRUE,TRUE,FALSE,0.98,TRUE,1,deepseek-r1-14b,metamorpheus,constrained_v3,3,benchmark,18.66
PeptideSequence,Full.Sequence,Full.Sequence,1,TRUE,TRUE,FALSE,0.98,TRUE,1,deepseek-r1-14b,metamorpheus,constrained_v3,3,benchmark,18.66
PrecursorCharge,Precursor.Charge,Precursor.Charge,1,TRUE,TRUE,FALSE,0.98,TRUE,1,deepseek-r1-14b,metamorpheus,constrained_v3,3,benchmark,18.66
FragmentIon,,,0,TRUE,TRUE,FALSE,0,TRUE,1,deepseek-r1-14b,metamorpheus,constrained_v3,3,benchmark,18.66
ProductCharge,,,0,TRUE,TRUE,FALSE,0,TRUE,1,deepseek-r1-14b,metamorpheus,constrained_v3,3,benchmark,18.66
Run,File.Name,File.Name,1,TRUE,TRUE,FALSE,0.98,TRUE,1,deepseek-r1-14b,metamorpheus,constrained_v3,3,benchmark,18.66
Intensity,Peak.intensity,Peak.intensity,1,TRUE,TRUE,FALSE,0.98,TRUE,1,deepseek-r1-14b,metamorpheus,constrained_v3,3,benchmark,18.66
Qvalue,PIP.Q.Value,PIP.Q.Value,1,TRUE,TRUE,FALSE,0.8,TRUE,1,deepseek-r1-14b,metamorpheus,constrained_v3,3,benchmark,18.66
ProteinName,Protein.Group,Protein.Group,1,TRUE,TRUE,FALSE,0.98,TRUE,1,deepseek-r1-14b,metamorpheus,constrained_filter_v3,1,benchmark,26.06
PeptideSequence,Full.Sequence,Full.Sequence,1,TRUE,TRUE,FALSE,0.92,TRUE,1,deepseek-r1-14b,metamorpheus,constrained_filter_v3,1,benchmark,26.06
PrecursorCharge,Precursor.Charge,Precursor.Charge,1,TRUE,TRUE,FALSE,0.98,TRUE,1,deepseek-r1-14b,metamorpheus,constrained_filter_v3,1,benchmark,26.06
FragmentIon,,,0,TRUE,TRUE,FALSE,0,TRUE,1,deepseek-r1-14b,metamorpheus,constrained_filter_v3,1,benchmark,26.06
ProductCharge,,,0,TRUE,TRUE,FALSE,0,TRUE,1,deepseek-r1-14b,metamorpheus,constrained_filter_v3,1,benchmark,26.06
Run,File.Name,File.Name,1,TRUE,TRUE,FALSE,0.98,TRUE,1,deepseek-r1-14b,metamorpheus,constrained_filter_v3,1,benchmark,26.06
Intensity,Peak.intensity,Peak.intensity,1,TRUE,TRUE,FALSE,0.98,TRUE,1,deepseek-r1-14b,metamorpheus,constrained_filter_v3,1,benchmark,26.06
Qvalue,PIP.Q.Value,PIP.Q.Value,1,TRUE,TRUE,FALSE,0.92,TRUE,1,deepseek-r1-14b,metamorpheus,constrained_filter_v3,1,benchmark,26.06
ProteinName,Protein.Group,Protein.Group,1,TRUE,TRUE,FALSE,0.98,TRUE,1,deepseek-r1-14b,metamorpheus,constrained_filter_v3,2,benchmark,24.1
PeptideSequence,Full.Sequence,Full.Sequence,1,TRUE,TRUE,FALSE,0.92,TRUE,1,deepseek-r1-14b,metamorpheus,constrained_filter_v3,2,benchmark,24.1
PrecursorCharge,Precursor.Charge,Precursor.Charge,1,TRUE,TRUE,FALSE,0.98,TRUE,1,deepseek-r1-14b,metamorpheus,constrained_filter_v3,2,benchmark,24.1
FragmentIon,,,0,TRUE,TRUE,FALSE,0,TRUE,1,deepseek-r1-14b,metamorpheus,constrained_filter_v3,2,benchmark,24.1
ProductCharge,,,0,TRUE,TRUE,FALSE,0,TRUE,1,deepseek-r1-14b,metamorpheus,constrained_filter_v3,2,benchmark,24.1
Run,File.Name,File.Name,1,TRUE,TRUE,FALSE,0.98,TRUE,1,deepseek-r1-14b,metamorpheus,constrained_filter_v3,2,benchmark,24.1
Intensity,Peak.intensity,Peak.intensity,1,TRUE,TRUE,FALSE,0.98,TRUE,1,deepseek-r1-14b,metamorpheus,constrained_filter_v3,2,benchmark,24.1
Qvalue,PIP.Q.Value,PIP.Q.Value,1,TRUE,TRUE,FALSE,0.92,TRUE,1,deepseek-r1-14b,metamorpheus,constrained_filter_v3,2,benchmark,24.1
ProteinName,Protein.Group,Protein.Group,1,TRUE,TRUE,FALSE,0.98,TRUE,1,deepseek-r1-14b,metamorpheus,constrained_filter_v3,3,benchmark,26.46
PeptideSequence,Full.Sequence,Full.Sequence,1,TRUE,TRUE,FALSE,0.92,TRUE,1,deepseek-r1-14b,metamorpheus,constrained_filter_v3,3,benchmark,26.46
PrecursorCharge,Precursor.Charge,Precursor.Charge,1,TRUE,TRUE,FALSE,0.98,TRUE,1,deepseek-r1-14b,metamorpheus,constrained_filter_v3,3,benchmark,26.46
FragmentIon,,,0,TRUE,TRUE,FALSE,0,TRUE,1,deepseek-r1-14b,metamorpheus,constrained_filter_v3,3,benchmark,26.46
ProductCharge,,,0,TRUE,TRUE,FALSE,0,TRUE,1,deepseek-r1-14b,metamorpheus,constrained_filter_v3,3,benchmark,26.46
Run,File.Name,File.Name,1,TRUE,TRUE,FALSE,0.98,TRUE,1,deepseek-r1-14b,metamorpheus,constrained_filter_v3,3,benchmark,26.46
Intensity,Peak.intensity,Peak.intensity,1,TRUE,TRUE,FALSE,0.98,TRUE,1,deepseek-r1-14b,metamorpheus,constrained_filter_v3,3,benchmark,26.46
Qvalue,PIP.Q.Value,PIP.Q.Value,1,TRUE,TRUE,FALSE,0.92,TRUE,1,deepseek-r1-14b,metamorpheus,constrained_filter_v3,3,benchmark,26.46
ProteinName,PG.ProteinAccessions,PG.ProteinGroups,2,FALSE,TRUE,FALSE,0.9,TRUE,1,claude-sonnet,spectronaut,lean,1,benchmark,8.65
PeptideSequence,EG.ModifiedSequence,EG.ModifiedSequence,1,TRUE,TRUE,FALSE,0.9,TRUE,1,claude-sonnet,spectronaut,lean,1,benchmark,8.65
PrecursorCharge,FG.Charge,FG.Charge,1,TRUE,TRUE,FALSE,0.95,TRUE,1,claude-sonnet,spectronaut,lean,1,benchmark,8.65
FragmentIon,F.FrgIon,F.FrgIon,1,TRUE,TRUE,FALSE,0.95,TRUE,1,claude-sonnet,spectronaut,lean,1,benchmark,8.65
ProductCharge,F.Charge,F.Charge,2,TRUE,TRUE,FALSE,0.95,TRUE,1,claude-sonnet,spectronaut,lean,1,benchmark,8.65
Run,R.FileName,R.FileName,1,TRUE,TRUE,FALSE,0.9,TRUE,1,claude-sonnet,spectronaut,lean,1,benchmark,8.65
Intensity,F.PeakArea,F.PeakArea,4,TRUE,TRUE,FALSE,0.85,TRUE,1,claude-sonnet,spectronaut,lean,1,benchmark,8.65
Qvalue,EG.Qvalue,EG.Qvalue,1,TRUE,TRUE,FALSE,0.9,TRUE,1,claude-sonnet,spectronaut,lean,1,benchmark,8.65
ProteinName,PG.ProteinAccessions,PG.ProteinGroups,2,FALSE,TRUE,FALSE,0.9,TRUE,1,claude-sonnet,spectronaut,lean,2,benchmark,8.74
PeptideSequence,EG.ModifiedSequence,EG.ModifiedSequence,1,TRUE,TRUE,FALSE,0.85,TRUE,1,claude-sonnet,spectronaut,lean,2,benchmark,8.74
PrecursorCharge,FG.Charge,FG.Charge,1,TRUE,TRUE,FALSE,0.9,TRUE,1,claude-sonnet,spectronaut,lean,2,benchmark,8.74
FragmentIon,F.FrgIon,F.FrgIon,1,TRUE,TRUE,FALSE,0.9,TRUE,1,claude-sonnet,spectronaut,lean,2,benchmark,8.74
ProductCharge,F.Charge,F.Charge,2,TRUE,TRUE,FALSE,0.9,TRUE,1,claude-sonnet,spectronaut,lean,2,benchmark,8.74
Run,R.FileName,R.FileName,1,TRUE,TRUE,FALSE,0.9,TRUE,1,claude-sonnet,spectronaut,lean,2,benchmark,8.74
Intensity,F.PeakArea,F.PeakArea,4,TRUE,TRUE,FALSE,0.8,TRUE,1,claude-sonnet,spectronaut,lean,2,benchmark,8.74
Qvalue,EG.Qvalue,EG.Qvalue,1,TRUE,TRUE,FALSE,0.85,TRUE,1,claude-sonnet,spectronaut,lean,2,benchmark,8.74
ProteinName,PG.ProteinAccessions,PG.ProteinGroups,2,FALSE,TRUE,FALSE,0.9,TRUE,1,claude-sonnet,spectronaut,lean,3,benchmark,8.62
PeptideSequence,EG.ModifiedSequence,EG.ModifiedSequence,1,TRUE,TRUE,FALSE,0.9,TRUE,1,claude-sonnet,spectronaut,lean,3,benchmark,8.62
PrecursorCharge,FG.Charge,FG.Charge,1,TRUE,TRUE,FALSE,0.95,TRUE,1,claude-sonnet,spectronaut,lean,3,benchmark,8.62
FragmentIon,F.FrgIon,F.FrgIon,1,TRUE,TRUE,FALSE,0.95,TRUE,1,claude-sonnet,spectronaut,lean,3,benchmark,8.62
ProductCharge,F.Charge,F.Charge,2,TRUE,TRUE,FALSE,0.9,TRUE,1,claude-sonnet,spectronaut,lean,3,benchmark,8.62
Run,R.FileName,R.FileName,1,TRUE,TRUE,FALSE,0.9,TRUE,1,claude-sonnet,spectronaut,lean,3,benchmark,8.62
Intensity,F.PeakArea,F.PeakArea,4,TRUE,TRUE,FALSE,0.85,TRUE,1,claude-sonnet,spectronaut,lean,3,benchmark,8.62
Qvalue,EG.Qvalue,EG.Qvalue,1,TRUE,TRUE,FALSE,0.85,TRUE,1,claude-sonnet,spectronaut,lean,3,benchmark,8.62
ProteinName,PG.ProteinAccessions,PG.ProteinGroups,2,FALSE,TRUE,FALSE,0.98,TRUE,1,claude-sonnet,spectronaut,constrained,1,benchmark,8.98
PeptideSequence,EG.ModifiedSequence,EG.ModifiedSequence,1,TRUE,TRUE,FALSE,0.98,TRUE,1,claude-sonnet,spectronaut,constrained,1,benchmark,8.98
PrecursorCharge,FG.Charge,FG.Charge,1,TRUE,TRUE,FALSE,0.98,TRUE,1,claude-sonnet,spectronaut,constrained,1,benchmark,8.98
FragmentIon,F.FrgIon,F.FrgIon,1,TRUE,TRUE,FALSE,0.98,TRUE,1,claude-sonnet,spectronaut,constrained,1,benchmark,8.98
ProductCharge,F.Charge,F.Charge,2,TRUE,TRUE,FALSE,0.92,TRUE,1,claude-sonnet,spectronaut,constrained,1,benchmark,8.98
Run,R.FileName,R.FileName,1,TRUE,TRUE,FALSE,0.98,TRUE,1,claude-sonnet,spectronaut,constrained,1,benchmark,8.98
Intensity,F.PeakArea,F.PeakArea,4,TRUE,TRUE,FALSE,0.92,TRUE,1,claude-sonnet,spectronaut,constrained,1,benchmark,8.98
Qvalue,EG.Qvalue,EG.Qvalue,1,TRUE,TRUE,FALSE,0.98,TRUE,1,claude-sonnet,spectronaut,constrained,1,benchmark,8.98
ProteinName,PG.ProteinAccessions,PG.ProteinGroups,2,FALSE,TRUE,FALSE,0.98,TRUE,1,claude-sonnet,spectronaut,constrained,2,benchmark,8.48
PeptideSequence,EG.ModifiedSequence,EG.ModifiedSequence,1,TRUE,TRUE,FALSE,0.98,TRUE,1,claude-sonnet,spectronaut,constrained,2,benchmark,8.48
PrecursorCharge,FG.Charge,FG.Charge,1,TRUE,TRUE,FALSE,0.98,TRUE,1,claude-sonnet,spectronaut,constrained,2,benchmark,8.48
FragmentIon,F.FrgIon,F.FrgIon,1,TRUE,TRUE,FALSE,0.98,TRUE,1,claude-sonnet,spectronaut,constrained,2,benchmark,8.48
ProductCharge,F.Charge,F.Charge,2,TRUE,TRUE,FALSE,0.92,TRUE,1,claude-sonnet,spectronaut,constrained,2,benchmark,8.48
Run,R.FileName,R.FileName,1,TRUE,TRUE,FALSE,0.98,TRUE,1,claude-sonnet,spectronaut,constrained,2,benchmark,8.48
Intensity,F.PeakArea,F.PeakArea,4,TRUE,TRUE,FALSE,0.92,TRUE,1,claude-sonnet,spectronaut,constrained,2,benchmark,8.48
Qvalue,EG.Qvalue,EG.Qvalue,1,TRUE,TRUE,FALSE,0.98,TRUE,1,claude-sonnet,spectronaut,constrained,2,benchmark,8.48
ProteinName,PG.ProteinAccessions,PG.ProteinGroups,2,FALSE,TRUE,FALSE,0.98,TRUE,1,claude-sonnet,spectronaut,constrained,3,benchmark,8.95
PeptideSequence,EG.ModifiedSequence,EG.ModifiedSequence,1,TRUE,TRUE,FALSE,0.98,TRUE,1,claude-sonnet,spectronaut,constrained,3,benchmark,8.95
PrecursorCharge,FG.Charge,FG.Charge,1,TRUE,TRUE,FALSE,0.98,TRUE,1,claude-sonnet,spectronaut,constrained,3,benchmark,8.95
FragmentIon,F.FrgIon,F.FrgIon,1,TRUE,TRUE,FALSE,0.98,TRUE,1,claude-sonnet,spectronaut,constrained,3,benchmark,8.95
ProductCharge,F.Charge,F.Charge,2,TRUE,TRUE,FALSE,0.98,TRUE,1,claude-sonnet,spectronaut,constrained,3,benchmark,8.95
Run,R.FileName,R.FileName,1,TRUE,TRUE,FALSE,0.98,TRUE,1,claude-sonnet,spectronaut,constrained,3,benchmark,8.95
Intensity,F.PeakArea,F.PeakArea,4,TRUE,TRUE,FALSE,0.92,TRUE,1,claude-sonnet,spectronaut,constrained,3,benchmark,8.95
Qvalue,EG.Qvalue,EG.Qvalue,1,TRUE,TRUE,FALSE,0.98,TRUE,1,claude-sonnet,spectronaut,constrained,3,benchmark,8.95
ProteinName,PG.ProteinAccessions,PG.ProteinGroups,2,FALSE,TRUE,FALSE,0.9,TRUE,1,claude-sonnet,spectronaut,filter_aware,1,benchmark,13.83
PeptideSequence,EG.ModifiedSequence,EG.ModifiedSequence,1,TRUE,TRUE,FALSE,0.85,TRUE,1,claude-sonnet,spectronaut,filter_aware,1,benchmark,13.83
PrecursorCharge,FG.Charge,FG.Charge,1,TRUE,TRUE,FALSE,0.9,TRUE,1,claude-sonnet,spectronaut,filter_aware,1,benchmark,13.83
FragmentIon,F.FrgIon,F.FrgIon,1,TRUE,TRUE,FALSE,0.95,TRUE,1,claude-sonnet,spectronaut,filter_aware,1,benchmark,13.83
ProductCharge,F.Charge,F.Charge,2,TRUE,TRUE,FALSE,0.9,TRUE,1,claude-sonnet,spectronaut,filter_aware,1,benchmark,13.83
Run,R.FileName,R.FileName,1,TRUE,TRUE,FALSE,0.9,TRUE,1,claude-sonnet,spectronaut,filter_aware,1,benchmark,13.83
Intensity,F.PeakArea,F.PeakArea,4,TRUE,TRUE,FALSE,0.75,TRUE,1,claude-sonnet,spectronaut,filter_aware,1,benchmark,13.83
Qvalue,EG.Qvalue,EG.Qvalue,1,TRUE,TRUE,FALSE,0.9,TRUE,1,claude-sonnet,spectronaut,filter_aware,1,benchmark,13.83
ProteinName,PG.ProteinAccessions,PG.ProteinGroups,2,FALSE,TRUE,FALSE,0.9,TRUE,1,claude-sonnet,spectronaut,filter_aware,2,benchmark,12.21
PeptideSequence,EG.ModifiedSequence,EG.ModifiedSequence,1,TRUE,TRUE,FALSE,0.85,TRUE,1,claude-sonnet,spectronaut,filter_aware,2,benchmark,12.21
PrecursorCharge,FG.Charge,FG.Charge,1,TRUE,TRUE,FALSE,0.9,TRUE,1,claude-sonnet,spectronaut,filter_aware,2,benchmark,12.21
FragmentIon,F.FrgIon,F.FrgIon,1,TRUE,TRUE,FALSE,0.95,TRUE,1,claude-sonnet,spectronaut,filter_aware,2,benchmark,12.21
ProductCharge,F.Charge,F.Charge,2,TRUE,TRUE,FALSE,0.9,TRUE,1,claude-sonnet,spectronaut,filter_aware,2,benchmark,12.21
Run,R.FileName,R.FileName,1,TRUE,TRUE,FALSE,0.9,TRUE,1,claude-sonnet,spectronaut,filter_aware,2,benchmark,12.21
Intensity,F.PeakArea,F.PeakArea,4,TRUE,TRUE,FALSE,0.8,TRUE,1,claude-sonnet,spectronaut,filter_aware,2,benchmark,12.21
Qvalue,EG.Qvalue,EG.Qvalue,1,TRUE,TRUE,FALSE,0.85,TRUE,1,claude-sonnet,spectronaut,filter_aware,2,benchmark,12.21
ProteinName,PG.ProteinAccessions,PG.ProteinGroups,2,FALSE,TRUE,FALSE,0.9,TRUE,1,claude-sonnet,spectronaut,filter_aware,3,benchmark,11.77
PeptideSequence,EG.ModifiedSequence,EG.ModifiedSequence,1,TRUE,TRUE,FALSE,0.9,TRUE,1,claude-sonnet,spectronaut,filter_aware,3,benchmark,11.77
PrecursorCharge,FG.Charge,FG.Charge,1,TRUE,TRUE,FALSE,0.95,TRUE,1,claude-sonnet,spectronaut,filter_aware,3,benchmark,11.77
FragmentIon,F.FrgIon,F.FrgIon,1,TRUE,TRUE,FALSE,0.95,TRUE,1,claude-sonnet,spectronaut,filter_aware,3,benchmark,11.77
ProductCharge,F.Charge,F.Charge,2,TRUE,TRUE,FALSE,0.9,TRUE,1,claude-sonnet,spectronaut,filter_aware,3,benchmark,11.77
Run,R.FileName,R.FileName,1,TRUE,TRUE,FALSE,0.95,TRUE,1,claude-sonnet,spectronaut,filter_aware,3,benchmark,11.77
Intensity,F.PeakArea,F.PeakArea,4,TRUE,TRUE,FALSE,0.8,TRUE,1,claude-sonnet,spectronaut,filter_aware,3,benchmark,11.77
Qvalue,EG.Qvalue,EG.Qvalue,1,TRUE,TRUE,FALSE,0.85,TRUE,1,claude-sonnet,spectronaut,filter_aware,3,benchmark,11.77
ProteinName,PG.ProteinAccessions,PG.ProteinGroups,2,FALSE,TRUE,FALSE,0.98,TRUE,1,claude-sonnet,spectronaut,constrained_filter,1,benchmark,12.22
PeptideSequence,EG.ModifiedSequence,EG.ModifiedSequence,1,TRUE,TRUE,FALSE,0.98,TRUE,1,claude-sonnet,spectronaut,constrained_filter,1,benchmark,12.22
PrecursorCharge,FG.Charge,FG.Charge,1,TRUE,TRUE,FALSE,0.98,TRUE,1,claude-sonnet,spectronaut,constrained_filter,1,benchmark,12.22
FragmentIon,F.FrgIon,F.FrgIon,1,TRUE,TRUE,FALSE,0.98,TRUE,1,claude-sonnet,spectronaut,constrained_filter,1,benchmark,12.22
ProductCharge,F.Charge,F.Charge,2,TRUE,TRUE,FALSE,0.95,TRUE,1,claude-sonnet,spectronaut,constrained_filter,1,benchmark,12.22
Run,R.FileName,R.FileName,1,TRUE,TRUE,FALSE,0.98,TRUE,1,claude-sonnet,spectronaut,constrained_filter,1,benchmark,12.22
Intensity,F.PeakArea,F.PeakArea,4,TRUE,TRUE,FALSE,0.9,TRUE,1,claude-sonnet,spectronaut,constrained_filter,1,benchmark,12.22
Qvalue,EG.Qvalue,EG.Qvalue,1,TRUE,TRUE,FALSE,0.95,TRUE,1,claude-sonnet,spectronaut,constrained_filter,1,benchmark,12.22
ProteinName,PG.ProteinAccessions,PG.ProteinGroups,2,FALSE,TRUE,FALSE,0.98,TRUE,1,claude-sonnet,spectronaut,constrained_filter,2,benchmark,12.81
PeptideSequence,EG.ModifiedSequence,EG.ModifiedSequence,1,TRUE,TRUE,FALSE,0.98,TRUE,1,claude-sonnet,spectronaut,constrained_filter,2,benchmark,12.81
PrecursorCharge,FG.Charge,FG.Charge,1,TRUE,TRUE,FALSE,0.98,TRUE,1,claude-sonnet,spectronaut,constrained_filter,2,benchmark,12.81
FragmentIon,F.FrgIon,F.FrgIon,1,TRUE,TRUE,FALSE,0.98,TRUE,1,claude-sonnet,spectronaut,constrained_filter,2,benchmark,12.81
ProductCharge,F.Charge,F.Charge,2,TRUE,TRUE,FALSE,0.95,TRUE,1,claude-sonnet,spectronaut,constrained_filter,2,benchmark,12.81
Run,R.FileName,R.FileName,1,TRUE,TRUE,FALSE,0.98,TRUE,1,claude-sonnet,spectronaut,constrained_filter,2,benchmark,12.81
Intensity,F.NormalizedPeakArea,F.PeakArea,4,FALSE,TRUE,FALSE,0.95,TRUE,1,claude-sonnet,spectronaut,constrained_filter,2,benchmark,12.81
Qvalue,EG.Qvalue,EG.Qvalue,1,TRUE,TRUE,FALSE,0.98,TRUE,1,claude-sonnet,spectronaut,constrained_filter,2,benchmark,12.81
ProteinName,PG.ProteinAccessions,PG.ProteinGroups,2,FALSE,TRUE,FALSE,0.92,TRUE,1,claude-sonnet,spectronaut,constrained_filter,3,benchmark,12.54
PeptideSequence,EG.ModifiedSequence,EG.ModifiedSequence,1,TRUE,TRUE,FALSE,0.98,TRUE,1,claude-sonnet,spectronaut,constrained_filter,3,benchmark,12.54
PrecursorCharge,FG.Charge,FG.Charge,1,TRUE,TRUE,FALSE,0.98,TRUE,1,claude-sonnet,spectronaut,constrained_filter,3,benchmark,12.54
FragmentIon,F.FrgIon,F.FrgIon,1,TRUE,TRUE,FALSE,0.98,TRUE,1,claude-sonnet,spectronaut,constrained_filter,3,benchmark,12.54
ProductCharge,F.Charge,F.Charge,2,TRUE,TRUE,FALSE,0.92,TRUE,1,claude-sonnet,spectronaut,constrained_filter,3,benchmark,12.54
Run,R.FileName,R.FileName,1,TRUE,TRUE,FALSE,0.98,TRUE,1,claude-sonnet,spectronaut,constrained_filter,3,benchmark,12.54
Intensity,F.PeakArea,F.PeakArea,4,TRUE,TRUE,FALSE,0.92,TRUE,1,claude-sonnet,spectronaut,constrained_filter,3,benchmark,12.54
Qvalue,EG.Qvalue,EG.Qvalue,1,TRUE,TRUE,FALSE,0.98,TRUE,1,claude-sonnet,spectronaut,constrained_filter,3,benchmark,12.54
ProteinName,PG.ProteinAccessions,PG.ProteinGroups,2,FALSE,TRUE,FALSE,0.98,TRUE,1,claude-sonnet,spectronaut,constrained_v2,1,benchmark,8.64
PeptideSequence,EG.ModifiedSequence,EG.ModifiedSequence,1,TRUE,TRUE,FALSE,0.98,TRUE,1,claude-sonnet,spectronaut,constrained_v2,1,benchmark,8.64
PrecursorCharge,FG.Charge,FG.Charge,1,TRUE,TRUE,FALSE,0.98,TRUE,1,claude-sonnet,spectronaut,constrained_v2,1,benchmark,8.64
FragmentIon,F.FrgIon,F.FrgIon,1,TRUE,TRUE,FALSE,0.98,TRUE,1,claude-sonnet,spectronaut,constrained_v2,1,benchmark,8.64
ProductCharge,F.Charge,F.Charge,2,TRUE,TRUE,FALSE,0.98,TRUE,1,claude-sonnet,spectronaut,constrained_v2,1,benchmark,8.64
Run,R.FileName,R.FileName,1,TRUE,TRUE,FALSE,0.98,TRUE,1,claude-sonnet,spectronaut,constrained_v2,1,benchmark,8.64
Intensity,F.PeakArea,F.PeakArea,4,TRUE,TRUE,FALSE,0.92,TRUE,1,claude-sonnet,spectronaut,constrained_v2,1,benchmark,8.64
Qvalue,EG.Qvalue,EG.Qvalue,1,TRUE,TRUE,FALSE,0.98,TRUE,1,claude-sonnet,spectronaut,constrained_v2,1,benchmark,8.64
ProteinName,PG.ProteinAccessions,PG.ProteinGroups,2,FALSE,TRUE,FALSE,0.98,TRUE,1,claude-sonnet,spectronaut,constrained_v2,2,benchmark,8.09
PeptideSequence,EG.ModifiedSequence,EG.ModifiedSequence,1,TRUE,TRUE,FALSE,0.98,TRUE,1,claude-sonnet,spectronaut,constrained_v2,2,benchmark,8.09
PrecursorCharge,FG.Charge,FG.Charge,1,TRUE,TRUE,FALSE,0.98,TRUE,1,claude-sonnet,spectronaut,constrained_v2,2,benchmark,8.09
FragmentIon,F.FrgIon,F.FrgIon,1,TRUE,TRUE,FALSE,0.98,TRUE,1,claude-sonnet,spectronaut,constrained_v2,2,benchmark,8.09
ProductCharge,F.Charge,F.Charge,2,TRUE,TRUE,FALSE,0.98,TRUE,1,claude-sonnet,spectronaut,constrained_v2,2,benchmark,8.09
Run,R.FileName,R.FileName,1,TRUE,TRUE,FALSE,0.98,TRUE,1,claude-sonnet,spectronaut,constrained_v2,2,benchmark,8.09
Intensity,F.PeakArea,F.PeakArea,4,TRUE,TRUE,FALSE,0.92,TRUE,1,claude-sonnet,spectronaut,constrained_v2,2,benchmark,8.09
Qvalue,EG.Qvalue,EG.Qvalue,1,TRUE,TRUE,FALSE,0.98,TRUE,1,claude-sonnet,spectronaut,constrained_v2,2,benchmark,8.09
ProteinName,PG.ProteinAccessions,PG.ProteinGroups,2,FALSE,TRUE,FALSE,0.98,TRUE,1,claude-sonnet,spectronaut,constrained_v2,3,benchmark,8.16
PeptideSequence,EG.ModifiedSequence,EG.ModifiedSequence,1,TRUE,TRUE,FALSE,0.98,TRUE,1,claude-sonnet,spectronaut,constrained_v2,3,benchmark,8.16
PrecursorCharge,FG.Charge,FG.Charge,1,TRUE,TRUE,FALSE,0.98,TRUE,1,claude-sonnet,spectronaut,constrained_v2,3,benchmark,8.16
FragmentIon,F.FrgIon,F.FrgIon,1,TRUE,TRUE,FALSE,0.98,TRUE,1,claude-sonnet,spectronaut,constrained_v2,3,benchmark,8.16
ProductCharge,F.Charge,F.Charge,2,TRUE,TRUE,FALSE,0.98,TRUE,1,claude-sonnet,spectronaut,constrained_v2,3,benchmark,8.16
Run,R.FileName,R.FileName,1,TRUE,TRUE,FALSE,0.98,TRUE,1,claude-sonnet,spectronaut,constrained_v2,3,benchmark,8.16
Intensity,F.PeakArea,F.PeakArea,4,TRUE,TRUE,FALSE,0.92,TRUE,1,claude-sonnet,spectronaut,constrained_v2,3,benchmark,8.16
Qvalue,EG.Qvalue,EG.Qvalue,1,TRUE,TRUE,FALSE,0.98,TRUE,1,claude-sonnet,spectronaut,constrained_v2,3,benchmark,8.16
ProteinName,PG.ProteinAccessions,PG.ProteinGroups,2,FALSE,TRUE,FALSE,0.98,TRUE,1,claude-sonnet,spectronaut,constrained_filter_v2,1,benchmark,13.52
PeptideSequence,EG.ModifiedSequence,EG.ModifiedSequence,1,TRUE,TRUE,FALSE,0.98,TRUE,1,claude-sonnet,spectronaut,constrained_filter_v2,1,benchmark,13.52
PrecursorCharge,FG.Charge,FG.Charge,1,TRUE,TRUE,FALSE,0.98,TRUE,1,claude-sonnet,spectronaut,constrained_filter_v2,1,benchmark,13.52
FragmentIon,F.FrgIon,F.FrgIon,1,TRUE,TRUE,FALSE,0.98,TRUE,1,claude-sonnet,spectronaut,constrained_filter_v2,1,benchmark,13.52
ProductCharge,F.Charge,F.Charge,2,TRUE,TRUE,FALSE,0.98,TRUE,1,claude-sonnet,spectronaut,constrained_filter_v2,1,benchmark,13.52
Run,R.FileName,R.FileName,1,TRUE,TRUE,FALSE,0.98,TRUE,1,claude-sonnet,spectronaut,constrained_filter_v2,1,benchmark,13.52
Intensity,F.PeakArea,F.PeakArea,4,TRUE,TRUE,FALSE,0.92,TRUE,1,claude-sonnet,spectronaut,constrained_filter_v2,1,benchmark,13.52
Qvalue,EG.Qvalue,EG.Qvalue,1,TRUE,TRUE,FALSE,0.98,TRUE,1,claude-sonnet,spectronaut,constrained_filter_v2,1,benchmark,13.52
ProteinName,PG.ProteinAccessions,PG.ProteinGroups,2,FALSE,TRUE,FALSE,0.98,TRUE,1,claude-sonnet,spectronaut,constrained_filter_v2,2,benchmark,13.38
PeptideSequence,EG.ModifiedSequence,EG.ModifiedSequence,1,TRUE,TRUE,FALSE,0.98,TRUE,1,claude-sonnet,spectronaut,constrained_filter_v2,2,benchmark,13.38
PrecursorCharge,FG.Charge,FG.Charge,1,TRUE,TRUE,FALSE,0.98,TRUE,1,claude-sonnet,spectronaut,constrained_filter_v2,2,benchmark,13.38
FragmentIon,F.FrgIon,F.FrgIon,1,TRUE,TRUE,FALSE,0.98,TRUE,1,claude-sonnet,spectronaut,constrained_filter_v2,2,benchmark,13.38
ProductCharge,F.Charge,F.Charge,2,TRUE,TRUE,FALSE,0.92,TRUE,1,claude-sonnet,spectronaut,constrained_filter_v2,2,benchmark,13.38
Run,R.FileName,R.FileName,1,TRUE,TRUE,FALSE,0.98,TRUE,1,claude-sonnet,spectronaut,constrained_filter_v2,2,benchmark,13.38
Intensity,F.NormalizedPeakArea,F.PeakArea,4,FALSE,TRUE,FALSE,0.92,TRUE,1,claude-sonnet,spectronaut,constrained_filter_v2,2,benchmark,13.38
Qvalue,EG.Qvalue,EG.Qvalue,1,TRUE,TRUE,FALSE,0.98,TRUE,1,claude-sonnet,spectronaut,constrained_filter_v2,2,benchmark,13.38
ProteinName,PG.ProteinAccessions,PG.ProteinGroups,2,FALSE,TRUE,FALSE,0.92,TRUE,1,claude-sonnet,spectronaut,constrained_filter_v2,3,benchmark,13.03
PeptideSequence,EG.ModifiedSequence,EG.ModifiedSequence,1,TRUE,TRUE,FALSE,0.98,TRUE,1,claude-sonnet,spectronaut,constrained_filter_v2,3,benchmark,13.03
PrecursorCharge,FG.Charge,FG.Charge,1,TRUE,TRUE,FALSE,0.98,TRUE,1,claude-sonnet,spectronaut,constrained_filter_v2,3,benchmark,13.03
FragmentIon,F.FrgIon,F.FrgIon,1,TRUE,TRUE,FALSE,0.98,TRUE,1,claude-sonnet,spectronaut,constrained_filter_v2,3,benchmark,13.03
ProductCharge,F.Charge,F.Charge,2,TRUE,TRUE,FALSE,0.92,TRUE,1,claude-sonnet,spectronaut,constrained_filter_v2,3,benchmark,13.03
Run,R.FileName,R.FileName,1,TRUE,TRUE,FALSE,0.98,TRUE,1,claude-sonnet,spectronaut,constrained_filter_v2,3,benchmark,13.03
Intensity,F.NormalizedPeakArea,F.PeakArea,4,FALSE,TRUE,FALSE,0.92,TRUE,1,claude-sonnet,spectronaut,constrained_filter_v2,3,benchmark,13.03
Qvalue,EG.Qvalue,EG.Qvalue,1,TRUE,TRUE,FALSE,0.98,TRUE,1,claude-sonnet,spectronaut,constrained_filter_v2,3,benchmark,13.03
ProteinName,PG.ProteinAccessions,PG.ProteinGroups,2,FALSE,TRUE,FALSE,0.98,TRUE,1,claude-sonnet,spectronaut,constrained_v3,1,benchmark,8.86
PeptideSequence,EG.ModifiedSequence,EG.ModifiedSequence,1,TRUE,TRUE,FALSE,0.98,TRUE,1,claude-sonnet,spectronaut,constrained_v3,1,benchmark,8.86
PrecursorCharge,FG.Charge,FG.Charge,1,TRUE,TRUE,FALSE,0.98,TRUE,1,claude-sonnet,spectronaut,constrained_v3,1,benchmark,8.86
FragmentIon,F.FrgIon,F.FrgIon,1,TRUE,TRUE,FALSE,0.98,TRUE,1,claude-sonnet,spectronaut,constrained_v3,1,benchmark,8.86
ProductCharge,F.Charge,F.Charge,2,TRUE,TRUE,FALSE,0.98,TRUE,1,claude-sonnet,spectronaut,constrained_v3,1,benchmark,8.86
Run,R.FileName,R.FileName,1,TRUE,TRUE,FALSE,0.98,TRUE,1,claude-sonnet,spectronaut,constrained_v3,1,benchmark,8.86
Intensity,F.NormalizedPeakArea,F.PeakArea,4,FALSE,TRUE,FALSE,0.92,TRUE,1,claude-sonnet,spectronaut,constrained_v3,1,benchmark,8.86
Qvalue,EG.Qvalue,EG.Qvalue,1,TRUE,TRUE,FALSE,0.98,TRUE,1,claude-sonnet,spectronaut,constrained_v3,1,benchmark,8.86
ProteinName,PG.ProteinAccessions,PG.ProteinGroups,2,FALSE,TRUE,FALSE,0.98,TRUE,1,claude-sonnet,spectronaut,constrained_v3,2,benchmark,9.22
PeptideSequence,EG.ModifiedSequence,EG.ModifiedSequence,1,TRUE,TRUE,FALSE,0.98,TRUE,1,claude-sonnet,spectronaut,constrained_v3,2,benchmark,9.22
PrecursorCharge,FG.Charge,FG.Charge,1,TRUE,TRUE,FALSE,0.98,TRUE,1,claude-sonnet,spectronaut,constrained_v3,2,benchmark,9.22
FragmentIon,F.FrgIon,F.FrgIon,1,TRUE,TRUE,FALSE,0.98,TRUE,1,claude-sonnet,spectronaut,constrained_v3,2,benchmark,9.22
ProductCharge,F.Charge,F.Charge,2,TRUE,TRUE,FALSE,0.98,TRUE,1,claude-sonnet,spectronaut,constrained_v3,2,benchmark,9.22
Run,R.FileName,R.FileName,1,TRUE,TRUE,FALSE,0.98,TRUE,1,claude-sonnet,spectronaut,constrained_v3,2,benchmark,9.22
Intensity,F.NormalizedPeakArea,F.PeakArea,4,FALSE,TRUE,FALSE,0.92,TRUE,1,claude-sonnet,spectronaut,constrained_v3,2,benchmark,9.22
Qvalue,EG.Qvalue,EG.Qvalue,1,TRUE,TRUE,FALSE,0.98,TRUE,1,claude-sonnet,spectronaut,constrained_v3,2,benchmark,9.22
ProteinName,PG.ProteinAccessions,PG.ProteinGroups,2,FALSE,TRUE,FALSE,0.98,TRUE,1,claude-sonnet,spectronaut,constrained_v3,3,benchmark,9.98
PeptideSequence,EG.ModifiedSequence,EG.ModifiedSequence,1,TRUE,TRUE,FALSE,0.98,TRUE,1,claude-sonnet,spectronaut,constrained_v3,3,benchmark,9.98
PrecursorCharge,FG.Charge,FG.Charge,1,TRUE,TRUE,FALSE,0.98,TRUE,1,claude-sonnet,spectronaut,constrained_v3,3,benchmark,9.98
FragmentIon,F.FrgIon,F.FrgIon,1,TRUE,TRUE,FALSE,0.98,TRUE,1,claude-sonnet,spectronaut,constrained_v3,3,benchmark,9.98
ProductCharge,F.Charge,F.Charge,2,TRUE,TRUE,FALSE,0.98,TRUE,1,claude-sonnet,spectronaut,constrained_v3,3,benchmark,9.98
Run,R.FileName,R.FileName,1,TRUE,TRUE,FALSE,0.98,TRUE,1,claude-sonnet,spectronaut,constrained_v3,3,benchmark,9.98
Intensity,F.NormalizedPeakArea,F.PeakArea,4,FALSE,TRUE,FALSE,0.92,TRUE,1,claude-sonnet,spectronaut,constrained_v3,3,benchmark,9.98
Qvalue,EG.Qvalue,EG.Qvalue,1,TRUE,TRUE,FALSE,0.98,TRUE,1,claude-sonnet,spectronaut,constrained_v3,3,benchmark,9.98
ProteinName,PG.ProteinAccessions,PG.ProteinGroups,2,FALSE,TRUE,FALSE,0.98,TRUE,1,claude-sonnet,spectronaut,constrained_filter_v3,1,benchmark,11.96
PeptideSequence,EG.ModifiedSequence,EG.ModifiedSequence,1,TRUE,TRUE,FALSE,0.98,TRUE,1,claude-sonnet,spectronaut,constrained_filter_v3,1,benchmark,11.96
PrecursorCharge,FG.Charge,FG.Charge,1,TRUE,TRUE,FALSE,0.98,TRUE,1,claude-sonnet,spectronaut,constrained_filter_v3,1,benchmark,11.96
FragmentIon,F.FrgIon,F.FrgIon,1,TRUE,TRUE,FALSE,0.98,TRUE,1,claude-sonnet,spectronaut,constrained_filter_v3,1,benchmark,11.96
ProductCharge,F.Charge,F.Charge,2,TRUE,TRUE,FALSE,0.98,TRUE,1,claude-sonnet,spectronaut,constrained_filter_v3,1,benchmark,11.96
Run,R.FileName,R.FileName,1,TRUE,TRUE,FALSE,0.98,TRUE,1,claude-sonnet,spectronaut,constrained_filter_v3,1,benchmark,11.96
Intensity,F.NormalizedPeakArea,F.PeakArea,4,FALSE,TRUE,FALSE,0.92,TRUE,1,claude-sonnet,spectronaut,constrained_filter_v3,1,benchmark,11.96
Qvalue,EG.Qvalue,EG.Qvalue,1,TRUE,TRUE,FALSE,0.98,TRUE,1,claude-sonnet,spectronaut,constrained_filter_v3,1,benchmark,11.96
ProteinName,PG.ProteinAccessions,PG.ProteinGroups,2,FALSE,TRUE,FALSE,0.98,TRUE,1,claude-sonnet,spectronaut,constrained_filter_v3,2,benchmark,11.52
PeptideSequence,EG.ModifiedSequence,EG.ModifiedSequence,1,TRUE,TRUE,FALSE,0.98,TRUE,1,claude-sonnet,spectronaut,constrained_filter_v3,2,benchmark,11.52
PrecursorCharge,FG.Charge,FG.Charge,1,TRUE,TRUE,FALSE,0.98,TRUE,1,claude-sonnet,spectronaut,constrained_filter_v3,2,benchmark,11.52
FragmentIon,F.FrgIon,F.FrgIon,1,TRUE,TRUE,FALSE,0.98,TRUE,1,claude-sonnet,spectronaut,constrained_filter_v3,2,benchmark,11.52
ProductCharge,F.Charge,F.Charge,2,TRUE,TRUE,FALSE,0.98,TRUE,1,claude-sonnet,spectronaut,constrained_filter_v3,2,benchmark,11.52
Run,R.FileName,R.FileName,1,TRUE,TRUE,FALSE,0.98,TRUE,1,claude-sonnet,spectronaut,constrained_filter_v3,2,benchmark,11.52
Intensity,F.NormalizedPeakArea,F.PeakArea,4,FALSE,TRUE,FALSE,0.92,TRUE,1,claude-sonnet,spectronaut,constrained_filter_v3,2,benchmark,11.52
Qvalue,EG.Qvalue,EG.Qvalue,1,TRUE,TRUE,FALSE,0.98,TRUE,1,claude-sonnet,spectronaut,constrained_filter_v3,2,benchmark,11.52
ProteinName,PG.ProteinAccessions,PG.ProteinGroups,2,FALSE,TRUE,FALSE,0.98,TRUE,1,claude-sonnet,spectronaut,constrained_filter_v3,3,benchmark,11.66
PeptideSequence,EG.ModifiedSequence,EG.ModifiedSequence,1,TRUE,TRUE,FALSE,0.98,TRUE,1,claude-sonnet,spectronaut,constrained_filter_v3,3,benchmark,11.66
PrecursorCharge,FG.Charge,FG.Charge,1,TRUE,TRUE,FALSE,0.98,TRUE,1,claude-sonnet,spectronaut,constrained_filter_v3,3,benchmark,11.66
FragmentIon,F.FrgIon,F.FrgIon,1,TRUE,TRUE,FALSE,0.98,TRUE,1,claude-sonnet,spectronaut,constrained_filter_v3,3,benchmark,11.66
ProductCharge,F.Charge,F.Charge,2,TRUE,TRUE,FALSE,0.98,TRUE,1,claude-sonnet,spectronaut,constrained_filter_v3,3,benchmark,11.66
Run,R.FileName,R.FileName,1,TRUE,TRUE,FALSE,0.98,TRUE,1,claude-sonnet,spectronaut,constrained_filter_v3,3,benchmark,11.66
Intensity,F.NormalizedPeakArea,F.PeakArea,4,FALSE,TRUE,FALSE,0.92,TRUE,1,claude-sonnet,spectronaut,constrained_filter_v3,3,benchmark,11.66
Qvalue,EG.Qvalue,EG.Qvalue,1,TRUE,TRUE,FALSE,0.98,TRUE,1,claude-sonnet,spectronaut,constrained_filter_v3,3,benchmark,11.66
ProteinName,Protein.Group.Accessions,Protein.Group.Accessions,1,TRUE,TRUE,FALSE,0.9,TRUE,1,claude-sonnet,proteome_discoverer,lean,1,benchmark,7.64
PeptideSequence,Sequence,Sequence,1,TRUE,TRUE,FALSE,0.95,TRUE,1,claude-sonnet,proteome_discoverer,lean,1,benchmark,7.64
PrecursorCharge,Charge,Charge,1,TRUE,TRUE,FALSE,0.9,TRUE,1,claude-sonnet,proteome_discoverer,lean,1,benchmark,7.64
FragmentIon,,,0,TRUE,TRUE,FALSE,1,TRUE,1,claude-sonnet,proteome_discoverer,lean,1,benchmark,7.64
ProductCharge,,,0,TRUE,TRUE,FALSE,1,TRUE,1,claude-sonnet,proteome_discoverer,lean,1,benchmark,7.64
Run,Spectrum.File,Spectrum.File,1,TRUE,TRUE,FALSE,0.9,TRUE,1,claude-sonnet,proteome_discoverer,lean,1,benchmark,7.64
Intensity,Precursor.Area,Precursor.Area,3,TRUE,TRUE,FALSE,0.8,TRUE,1,claude-sonnet,proteome_discoverer,lean,1,benchmark,7.64
Qvalue,,,0,TRUE,TRUE,FALSE,0.3,TRUE,1,claude-sonnet,proteome_discoverer,lean,1,benchmark,7.64
ProteinName,Protein.Group.Accessions,Protein.Group.Accessions,1,TRUE,TRUE,FALSE,0.9,TRUE,1,claude-sonnet,proteome_discoverer,lean,2,benchmark,8.05
PeptideSequence,Sequence,Sequence,1,TRUE,TRUE,FALSE,0.95,TRUE,1,claude-sonnet,proteome_discoverer,lean,2,benchmark,8.05
PrecursorCharge,Charge,Charge,1,TRUE,TRUE,FALSE,0.9,TRUE,1,claude-sonnet,proteome_discoverer,lean,2,benchmark,8.05
FragmentIon,,,0,TRUE,TRUE,FALSE,1,TRUE,1,claude-sonnet,proteome_discoverer,lean,2,benchmark,8.05
ProductCharge,,,0,TRUE,TRUE,FALSE,1,TRUE,1,claude-sonnet,proteome_discoverer,lean,2,benchmark,8.05
Run,Spectrum.File,Spectrum.File,1,TRUE,TRUE,FALSE,0.9,TRUE,1,claude-sonnet,proteome_discoverer,lean,2,benchmark,8.05
Intensity,Precursor.Area,Precursor.Area,3,TRUE,TRUE,FALSE,0.75,TRUE,1,claude-sonnet,proteome_discoverer,lean,2,benchmark,8.05
Qvalue,,,0,TRUE,TRUE,FALSE,0.3,TRUE,1,claude-sonnet,proteome_discoverer,lean,2,benchmark,8.05
ProteinName,Protein.Group.Accessions,Protein.Group.Accessions,1,TRUE,TRUE,FALSE,0.9,TRUE,1,claude-sonnet,proteome_discoverer,lean,3,benchmark,7.87
PeptideSequence,Sequence,Sequence,1,TRUE,TRUE,FALSE,0.95,TRUE,1,claude-sonnet,proteome_discoverer,lean,3,benchmark,7.87
PrecursorCharge,Charge,Charge,1,TRUE,TRUE,FALSE,0.9,TRUE,1,claude-sonnet,proteome_discoverer,lean,3,benchmark,7.87
FragmentIon,,,0,TRUE,TRUE,FALSE,1,TRUE,1,claude-sonnet,proteome_discoverer,lean,3,benchmark,7.87
ProductCharge,,,0,TRUE,TRUE,FALSE,1,TRUE,1,claude-sonnet,proteome_discoverer,lean,3,benchmark,7.87
Run,Spectrum.File,Spectrum.File,1,TRUE,TRUE,FALSE,0.9,TRUE,1,claude-sonnet,proteome_discoverer,lean,3,benchmark,7.87
Intensity,Precursor.Area,Precursor.Area,3,TRUE,TRUE,FALSE,0.8,TRUE,1,claude-sonnet,proteome_discoverer,lean,3,benchmark,7.87
Qvalue,,,0,TRUE,TRUE,FALSE,0.3,TRUE,1,claude-sonnet,proteome_discoverer,lean,3,benchmark,7.87
ProteinName,Protein.Group.Accessions,Protein.Group.Accessions,1,TRUE,TRUE,FALSE,0.98,TRUE,1,claude-sonnet,proteome_discoverer,constrained,1,benchmark,6.23
PeptideSequence,Sequence,Sequence,1,TRUE,TRUE,FALSE,0.98,TRUE,1,claude-sonnet,proteome_discoverer,constrained,1,benchmark,6.23
PrecursorCharge,Charge,Charge,1,TRUE,TRUE,FALSE,0.92,TRUE,1,claude-sonnet,proteome_discoverer,constrained,1,benchmark,6.23
FragmentIon,,,0,TRUE,TRUE,FALSE,0,TRUE,1,claude-sonnet,proteome_discoverer,constrained,1,benchmark,6.23
ProductCharge,,,0,TRUE,TRUE,FALSE,0,TRUE,1,claude-sonnet,proteome_discoverer,constrained,1,benchmark,6.23
Run,Spectrum.File,Spectrum.File,1,TRUE,TRUE,FALSE,0.98,TRUE,1,claude-sonnet,proteome_discoverer,constrained,1,benchmark,6.23
Intensity,Intensity,Precursor.Area,3,FALSE,TRUE,FALSE,0.98,TRUE,1,claude-sonnet,proteome_discoverer,constrained,1,benchmark,6.23
Qvalue,,,0,TRUE,TRUE,FALSE,0,TRUE,1,claude-sonnet,proteome_discoverer,constrained,1,benchmark,6.23
ProteinName,Protein.Group.Accessions,Protein.Group.Accessions,1,TRUE,TRUE,FALSE,0.98,TRUE,1,claude-sonnet,proteome_discoverer,constrained,2,benchmark,7.12
PeptideSequence,Sequence,Sequence,1,TRUE,TRUE,FALSE,0.98,TRUE,1,claude-sonnet,proteome_discoverer,constrained,2,benchmark,7.12
PrecursorCharge,Charge,Charge,1,TRUE,TRUE,FALSE,0.92,TRUE,1,claude-sonnet,proteome_discoverer,constrained,2,benchmark,7.12
FragmentIon,,,0,TRUE,TRUE,FALSE,0,TRUE,1,claude-sonnet,proteome_discoverer,constrained,2,benchmark,7.12
ProductCharge,,,0,TRUE,TRUE,FALSE,0,TRUE,1,claude-sonnet,proteome_discoverer,constrained,2,benchmark,7.12
Run,Spectrum.File,Spectrum.File,1,TRUE,TRUE,FALSE,0.98,TRUE,1,claude-sonnet,proteome_discoverer,constrained,2,benchmark,7.12
Intensity,Precursor.Area,Precursor.Area,3,TRUE,TRUE,FALSE,0.92,TRUE,1,claude-sonnet,proteome_discoverer,constrained,2,benchmark,7.12
Qvalue,,,0,TRUE,TRUE,FALSE,0,TRUE,1,claude-sonnet,proteome_discoverer,constrained,2,benchmark,7.12
ProteinName,Protein.Group.Accessions,Protein.Group.Accessions,1,TRUE,TRUE,FALSE,0.98,TRUE,1,claude-sonnet,proteome_discoverer,constrained,3,benchmark,5.88
PeptideSequence,Sequence,Sequence,1,TRUE,TRUE,FALSE,0.98,TRUE,1,claude-sonnet,proteome_discoverer,constrained,3,benchmark,5.88
PrecursorCharge,Charge,Charge,1,TRUE,TRUE,FALSE,0.98,TRUE,1,claude-sonnet,proteome_discoverer,constrained,3,benchmark,5.88
FragmentIon,,,0,TRUE,TRUE,FALSE,0,TRUE,1,claude-sonnet,proteome_discoverer,constrained,3,benchmark,5.88
ProductCharge,,,0,TRUE,TRUE,FALSE,0,TRUE,1,claude-sonnet,proteome_discoverer,constrained,3,benchmark,5.88
Run,Spectrum.File,Spectrum.File,1,TRUE,TRUE,FALSE,0.98,TRUE,1,claude-sonnet,proteome_discoverer,constrained,3,benchmark,5.88
Intensity,Intensity,Precursor.Area,3,FALSE,TRUE,FALSE,0.98,TRUE,1,claude-sonnet,proteome_discoverer,constrained,3,benchmark,5.88
Qvalue,,,0,TRUE,TRUE,FALSE,0,TRUE,1,claude-sonnet,proteome_discoverer,constrained,3,benchmark,5.88
ProteinName,Protein.Group.Accessions,Protein.Group.Accessions,1,TRUE,TRUE,FALSE,0.9,TRUE,1,claude-sonnet,proteome_discoverer,filter_aware,1,benchmark,14.33
PeptideSequence,Sequence,Sequence,1,TRUE,TRUE,FALSE,0.95,TRUE,1,claude-sonnet,proteome_discoverer,filter_aware,1,benchmark,14.33
PrecursorCharge,Charge,Charge,1,TRUE,TRUE,FALSE,0.95,TRUE,1,claude-sonnet,proteome_discoverer,filter_aware,1,benchmark,14.33
FragmentIon,,,0,TRUE,TRUE,FALSE,1,TRUE,1,claude-sonnet,proteome_discoverer,filter_aware,1,benchmark,14.33
ProductCharge,,,0,TRUE,TRUE,FALSE,1,TRUE,1,claude-sonnet,proteome_discoverer,filter_aware,1,benchmark,14.33
Run,Spectrum.File,Spectrum.File,1,TRUE,TRUE,FALSE,0.95,TRUE,1,claude-sonnet,proteome_discoverer,filter_aware,1,benchmark,14.33
Intensity,Precursor.Area,Precursor.Area,3,TRUE,TRUE,FALSE,0.85,TRUE,1,claude-sonnet,proteome_discoverer,filter_aware,1,benchmark,14.33
Qvalue,Exp.Value,,0,FALSE,FALSE,FALSE,0.5,TRUE,1,claude-sonnet,proteome_discoverer,filter_aware,1,benchmark,14.33
ProteinName,Protein.Group.Accessions,Protein.Group.Accessions,1,TRUE,TRUE,FALSE,0.9,TRUE,1,claude-sonnet,proteome_discoverer,filter_aware,2,benchmark,19.02
PeptideSequence,Sequence,Sequence,1,TRUE,TRUE,FALSE,0.95,TRUE,1,claude-sonnet,proteome_discoverer,filter_aware,2,benchmark,19.02
PrecursorCharge,Charge,Charge,1,TRUE,TRUE,FALSE,0.95,TRUE,1,claude-sonnet,proteome_discoverer,filter_aware,2,benchmark,19.02
FragmentIon,,,0,TRUE,TRUE,FALSE,1,TRUE,1,claude-sonnet,proteome_discoverer,filter_aware,2,benchmark,19.02
ProductCharge,,,0,TRUE,TRUE,FALSE,1,TRUE,1,claude-sonnet,proteome_discoverer,filter_aware,2,benchmark,19.02
Run,Spectrum.File,Spectrum.File,1,TRUE,TRUE,FALSE,0.9,TRUE,1,claude-sonnet,proteome_discoverer,filter_aware,2,benchmark,19.02
Intensity,Precursor.Area,Precursor.Area,3,TRUE,TRUE,FALSE,0.75,TRUE,1,claude-sonnet,proteome_discoverer,filter_aware,2,benchmark,19.02
Qvalue,Exp.Value,,0,FALSE,FALSE,FALSE,0.5,TRUE,1,claude-sonnet,proteome_discoverer,filter_aware,2,benchmark,19.02
ProteinName,Protein.Group.Accessions,Protein.Group.Accessions,1,TRUE,TRUE,FALSE,0.9,TRUE,1,claude-sonnet,proteome_discoverer,filter_aware,3,benchmark,15.54
PeptideSequence,Sequence,Sequence,1,TRUE,TRUE,FALSE,0.95,TRUE,1,claude-sonnet,proteome_discoverer,filter_aware,3,benchmark,15.54
PrecursorCharge,Charge,Charge,1,TRUE,TRUE,FALSE,0.95,TRUE,1,claude-sonnet,proteome_discoverer,filter_aware,3,benchmark,15.54
FragmentIon,,,0,TRUE,TRUE,FALSE,1,TRUE,1,claude-sonnet,proteome_discoverer,filter_aware,3,benchmark,15.54
ProductCharge,,,0,TRUE,TRUE,FALSE,1,TRUE,1,claude-sonnet,proteome_discoverer,filter_aware,3,benchmark,15.54
Run,Spectrum.File,Spectrum.File,1,TRUE,TRUE,FALSE,0.9,TRUE,1,claude-sonnet,proteome_discoverer,filter_aware,3,benchmark,15.54
Intensity,Precursor.Area,Precursor.Area,3,TRUE,TRUE,FALSE,0.75,TRUE,1,claude-sonnet,proteome_discoverer,filter_aware,3,benchmark,15.54
Qvalue,Exp.Value,,0,FALSE,FALSE,FALSE,0.4,TRUE,1,claude-sonnet,proteome_discoverer,filter_aware,3,benchmark,15.54
ProteinName,Protein.Group.Accessions,Protein.Group.Accessions,1,TRUE,TRUE,FALSE,0.92,TRUE,1,claude-sonnet,proteome_discoverer,constrained_filter,1,benchmark,12.4
PeptideSequence,Sequence,Sequence,1,TRUE,TRUE,FALSE,0.98,TRUE,1,claude-sonnet,proteome_discoverer,constrained_filter,1,benchmark,12.4
PrecursorCharge,Charge,Charge,1,TRUE,TRUE,FALSE,0.92,TRUE,1,claude-sonnet,proteome_discoverer,constrained_filter,1,benchmark,12.4
FragmentIon,,,0,TRUE,TRUE,FALSE,0,TRUE,1,claude-sonnet,proteome_discoverer,constrained_filter,1,benchmark,12.4
ProductCharge,,,0,TRUE,TRUE,FALSE,0,TRUE,1,claude-sonnet,proteome_discoverer,constrained_filter,1,benchmark,12.4
Run,Spectrum.File,Spectrum.File,1,TRUE,TRUE,FALSE,0.98,TRUE,1,claude-sonnet,proteome_discoverer,constrained_filter,1,benchmark,12.4
Intensity,Precursor.Area,Precursor.Area,3,TRUE,TRUE,FALSE,0.92,TRUE,1,claude-sonnet,proteome_discoverer,constrained_filter,1,benchmark,12.4
Qvalue,,,0,TRUE,TRUE,FALSE,0,TRUE,1,claude-sonnet,proteome_discoverer,constrained_filter,1,benchmark,12.4
ProteinName,Protein.Group.Accessions,Protein.Group.Accessions,1,TRUE,TRUE,FALSE,0.92,TRUE,1,claude-sonnet,proteome_discoverer,constrained_filter,2,benchmark,13.26
PeptideSequence,Sequence,Sequence,1,TRUE,TRUE,FALSE,0.98,TRUE,1,claude-sonnet,proteome_discoverer,constrained_filter,2,benchmark,13.26
PrecursorCharge,Charge,Charge,1,TRUE,TRUE,FALSE,0.98,TRUE,1,claude-sonnet,proteome_discoverer,constrained_filter,2,benchmark,13.26
FragmentIon,,,0,TRUE,TRUE,FALSE,0,TRUE,1,claude-sonnet,proteome_discoverer,constrained_filter,2,benchmark,13.26
ProductCharge,,,0,TRUE,TRUE,FALSE,0,TRUE,1,claude-sonnet,proteome_discoverer,constrained_filter,2,benchmark,13.26
Run,Spectrum.File,Spectrum.File,1,TRUE,TRUE,FALSE,0.98,TRUE,1,claude-sonnet,proteome_discoverer,constrained_filter,2,benchmark,13.26
Intensity,Intensity,Precursor.Area,3,FALSE,TRUE,FALSE,0.98,TRUE,1,claude-sonnet,proteome_discoverer,constrained_filter,2,benchmark,13.26
Qvalue,,,0,TRUE,TRUE,FALSE,0,TRUE,1,claude-sonnet,proteome_discoverer,constrained_filter,2,benchmark,13.26
ProteinName,Protein.Group.Accessions,Protein.Group.Accessions,1,TRUE,TRUE,FALSE,0.92,TRUE,1,claude-sonnet,proteome_discoverer,constrained_filter,3,benchmark,12.12
PeptideSequence,Sequence,Sequence,1,TRUE,TRUE,FALSE,0.92,TRUE,1,claude-sonnet,proteome_discoverer,constrained_filter,3,benchmark,12.12
PrecursorCharge,Charge,Charge,1,TRUE,TRUE,FALSE,0.92,TRUE,1,claude-sonnet,proteome_discoverer,constrained_filter,3,benchmark,12.12
FragmentIon,,,0,TRUE,TRUE,FALSE,0,TRUE,1,claude-sonnet,proteome_discoverer,constrained_filter,3,benchmark,12.12
ProductCharge,,,0,TRUE,TRUE,FALSE,0,TRUE,1,claude-sonnet,proteome_discoverer,constrained_filter,3,benchmark,12.12
Run,Spectrum.File,Spectrum.File,1,TRUE,TRUE,FALSE,0.98,TRUE,1,claude-sonnet,proteome_discoverer,constrained_filter,3,benchmark,12.12
Intensity,Precursor.Area,Precursor.Area,3,TRUE,TRUE,FALSE,0.92,TRUE,1,claude-sonnet,proteome_discoverer,constrained_filter,3,benchmark,12.12
Qvalue,,,0,TRUE,TRUE,FALSE,0,TRUE,1,claude-sonnet,proteome_discoverer,constrained_filter,3,benchmark,12.12
ProteinName,Protein.Group.Accessions,Protein.Group.Accessions,1,TRUE,TRUE,FALSE,0.98,TRUE,1,claude-sonnet,proteome_discoverer,constrained_v2,1,benchmark,5.83
PeptideSequence,Sequence,Sequence,1,TRUE,TRUE,FALSE,0.92,TRUE,1,claude-sonnet,proteome_discoverer,constrained_v2,1,benchmark,5.83
PrecursorCharge,Charge,Charge,1,TRUE,TRUE,FALSE,0.98,TRUE,1,claude-sonnet,proteome_discoverer,constrained_v2,1,benchmark,5.83
FragmentIon,,,0,TRUE,TRUE,FALSE,0,TRUE,1,claude-sonnet,proteome_discoverer,constrained_v2,1,benchmark,5.83
ProductCharge,,,0,TRUE,TRUE,FALSE,0,TRUE,1,claude-sonnet,proteome_discoverer,constrained_v2,1,benchmark,5.83
Run,Spectrum.File,Spectrum.File,1,TRUE,TRUE,FALSE,0.98,TRUE,1,claude-sonnet,proteome_discoverer,constrained_v2,1,benchmark,5.83
Intensity,Intensity,Precursor.Area,3,FALSE,TRUE,FALSE,0.98,TRUE,1,claude-sonnet,proteome_discoverer,constrained_v2,1,benchmark,5.83
Qvalue,,,0,TRUE,TRUE,FALSE,0,TRUE,1,claude-sonnet,proteome_discoverer,constrained_v2,1,benchmark,5.83
ProteinName,Protein.Group.Accessions,Protein.Group.Accessions,1,TRUE,TRUE,FALSE,0.98,TRUE,1,claude-sonnet,proteome_discoverer,constrained_v2,2,benchmark,6.72
PeptideSequence,Sequence,Sequence,1,TRUE,TRUE,FALSE,0.92,TRUE,1,claude-sonnet,proteome_discoverer,constrained_v2,2,benchmark,6.72
PrecursorCharge,Charge,Charge,1,TRUE,TRUE,FALSE,0.92,TRUE,1,claude-sonnet,proteome_discoverer,constrained_v2,2,benchmark,6.72
FragmentIon,,,0,TRUE,TRUE,FALSE,0,TRUE,1,claude-sonnet,proteome_discoverer,constrained_v2,2,benchmark,6.72
ProductCharge,,,0,TRUE,TRUE,FALSE,0,TRUE,1,claude-sonnet,proteome_discoverer,constrained_v2,2,benchmark,6.72
Run,Spectrum.File,Spectrum.File,1,TRUE,TRUE,FALSE,0.98,TRUE,1,claude-sonnet,proteome_discoverer,constrained_v2,2,benchmark,6.72
Intensity,Intensity,Precursor.Area,3,FALSE,TRUE,FALSE,0.98,TRUE,1,claude-sonnet,proteome_discoverer,constrained_v2,2,benchmark,6.72
Qvalue,,,0,TRUE,TRUE,FALSE,0,TRUE,1,claude-sonnet,proteome_discoverer,constrained_v2,2,benchmark,6.72
ProteinName,Protein.Group.Accessions,Protein.Group.Accessions,1,TRUE,TRUE,FALSE,0.98,TRUE,1,claude-sonnet,proteome_discoverer,constrained_v2,3,benchmark,6.07
PeptideSequence,Sequence,Sequence,1,TRUE,TRUE,FALSE,0.98,TRUE,1,claude-sonnet,proteome_discoverer,constrained_v2,3,benchmark,6.07
PrecursorCharge,Charge,Charge,1,TRUE,TRUE,FALSE,0.98,TRUE,1,claude-sonnet,proteome_discoverer,constrained_v2,3,benchmark,6.07
FragmentIon,,,0,TRUE,TRUE,FALSE,0,TRUE,1,claude-sonnet,proteome_discoverer,constrained_v2,3,benchmark,6.07
ProductCharge,,,0,TRUE,TRUE,FALSE,0,TRUE,1,claude-sonnet,proteome_discoverer,constrained_v2,3,benchmark,6.07
Run,Spectrum.File,Spectrum.File,1,TRUE,TRUE,FALSE,0.98,TRUE,1,claude-sonnet,proteome_discoverer,constrained_v2,3,benchmark,6.07
Intensity,Intensity,Precursor.Area,3,FALSE,TRUE,FALSE,0.98,TRUE,1,claude-sonnet,proteome_discoverer,constrained_v2,3,benchmark,6.07
Qvalue,,,0,TRUE,TRUE,FALSE,0,TRUE,1,claude-sonnet,proteome_discoverer,constrained_v2,3,benchmark,6.07
ProteinName,Protein.Group.Accessions,Protein.Group.Accessions,1,TRUE,TRUE,FALSE,0.98,TRUE,1,claude-sonnet,proteome_discoverer,constrained_filter_v2,1,benchmark,11.59
PeptideSequence,Sequence,Sequence,1,TRUE,TRUE,FALSE,0.92,TRUE,1,claude-sonnet,proteome_discoverer,constrained_filter_v2,1,benchmark,11.59
PrecursorCharge,Charge,Charge,1,TRUE,TRUE,FALSE,0.92,TRUE,1,claude-sonnet,proteome_discoverer,constrained_filter_v2,1,benchmark,11.59
FragmentIon,,,0,TRUE,TRUE,FALSE,0,TRUE,1,claude-sonnet,proteome_discoverer,constrained_filter_v2,1,benchmark,11.59
ProductCharge,,,0,TRUE,TRUE,FALSE,0,TRUE,1,claude-sonnet,proteome_discoverer,constrained_filter_v2,1,benchmark,11.59
Run,Spectrum.File,Spectrum.File,1,TRUE,TRUE,FALSE,0.98,TRUE,1,claude-sonnet,proteome_discoverer,constrained_filter_v2,1,benchmark,11.59
Intensity,Intensity,Precursor.Area,3,FALSE,TRUE,FALSE,0.98,TRUE,1,claude-sonnet,proteome_discoverer,constrained_filter_v2,1,benchmark,11.59
Qvalue,,,0,TRUE,TRUE,FALSE,0,TRUE,1,claude-sonnet,proteome_discoverer,constrained_filter_v2,1,benchmark,11.59
ProteinName,Protein.Group.Accessions,Protein.Group.Accessions,1,TRUE,TRUE,FALSE,0.92,TRUE,1,claude-sonnet,proteome_discoverer,constrained_filter_v2,2,benchmark,11.52
PeptideSequence,Sequence,Sequence,1,TRUE,TRUE,FALSE,0.92,TRUE,1,claude-sonnet,proteome_discoverer,constrained_filter_v2,2,benchmark,11.52
PrecursorCharge,Charge,Charge,1,TRUE,TRUE,FALSE,0.92,TRUE,1,claude-sonnet,proteome_discoverer,constrained_filter_v2,2,benchmark,11.52
FragmentIon,,,0,TRUE,TRUE,FALSE,0,TRUE,1,claude-sonnet,proteome_discoverer,constrained_filter_v2,2,benchmark,11.52
ProductCharge,,,0,TRUE,TRUE,FALSE,0,TRUE,1,claude-sonnet,proteome_discoverer,constrained_filter_v2,2,benchmark,11.52
Run,Spectrum.File,Spectrum.File,1,TRUE,TRUE,FALSE,0.98,TRUE,1,claude-sonnet,proteome_discoverer,constrained_filter_v2,2,benchmark,11.52
Intensity,Precursor.Area,Precursor.Area,3,TRUE,TRUE,FALSE,0.92,TRUE,1,claude-sonnet,proteome_discoverer,constrained_filter_v2,2,benchmark,11.52
Qvalue,,,0,TRUE,TRUE,FALSE,0,TRUE,1,claude-sonnet,proteome_discoverer,constrained_filter_v2,2,benchmark,11.52
ProteinName,Protein.Group.Accessions,Protein.Group.Accessions,1,TRUE,TRUE,FALSE,0.98,TRUE,1,claude-sonnet,proteome_discoverer,constrained_filter_v2,3,benchmark,14.54
PeptideSequence,Sequence,Sequence,1,TRUE,TRUE,FALSE,0.92,TRUE,1,claude-sonnet,proteome_discoverer,constrained_filter_v2,3,benchmark,14.54
PrecursorCharge,Charge,Charge,1,TRUE,TRUE,FALSE,0.92,TRUE,1,claude-sonnet,proteome_discoverer,constrained_filter_v2,3,benchmark,14.54
FragmentIon,,,0,TRUE,TRUE,FALSE,0,TRUE,1,claude-sonnet,proteome_discoverer,constrained_filter_v2,3,benchmark,14.54
ProductCharge,,,0,TRUE,TRUE,FALSE,0,TRUE,1,claude-sonnet,proteome_discoverer,constrained_filter_v2,3,benchmark,14.54
Run,Spectrum.File,Spectrum.File,1,TRUE,TRUE,FALSE,0.98,TRUE,1,claude-sonnet,proteome_discoverer,constrained_filter_v2,3,benchmark,14.54
Intensity,Intensity,Precursor.Area,3,FALSE,TRUE,FALSE,0.98,TRUE,1,claude-sonnet,proteome_discoverer,constrained_filter_v2,3,benchmark,14.54
Qvalue,,,0,TRUE,TRUE,FALSE,0,TRUE,1,claude-sonnet,proteome_discoverer,constrained_filter_v2,3,benchmark,14.54
ProteinName,Protein.Group.Accessions,Protein.Group.Accessions,1,TRUE,TRUE,FALSE,0.98,TRUE,1,claude-sonnet,proteome_discoverer,constrained_v3,1,benchmark,5.01
PeptideSequence,Sequence,Sequence,1,TRUE,TRUE,FALSE,0.98,TRUE,1,claude-sonnet,proteome_discoverer,constrained_v3,1,benchmark,5.01
PrecursorCharge,Charge,Charge,1,TRUE,TRUE,FALSE,0.92,TRUE,1,claude-sonnet,proteome_discoverer,constrained_v3,1,benchmark,5.01
FragmentIon,,,0,TRUE,TRUE,FALSE,0,TRUE,1,claude-sonnet,proteome_discoverer,constrained_v3,1,benchmark,5.01
ProductCharge,,,0,TRUE,TRUE,FALSE,0,TRUE,1,claude-sonnet,proteome_discoverer,constrained_v3,1,benchmark,5.01
Run,Spectrum.File,Spectrum.File,1,TRUE,TRUE,FALSE,0.98,TRUE,1,claude-sonnet,proteome_discoverer,constrained_v3,1,benchmark,5.01
Intensity,Intensity,Precursor.Area,3,FALSE,TRUE,FALSE,0.98,TRUE,1,claude-sonnet,proteome_discoverer,constrained_v3,1,benchmark,5.01
Qvalue,,,0,TRUE,TRUE,FALSE,0,TRUE,1,claude-sonnet,proteome_discoverer,constrained_v3,1,benchmark,5.01
ProteinName,Protein.Group.Accessions,Protein.Group.Accessions,1,TRUE,TRUE,FALSE,0.98,TRUE,1,claude-sonnet,proteome_discoverer,constrained_v3,2,benchmark,5.25
PeptideSequence,Sequence,Sequence,1,TRUE,TRUE,FALSE,0.98,TRUE,1,claude-sonnet,proteome_discoverer,constrained_v3,2,benchmark,5.25
PrecursorCharge,Charge,Charge,1,TRUE,TRUE,FALSE,0.92,TRUE,1,claude-sonnet,proteome_discoverer,constrained_v3,2,benchmark,5.25
FragmentIon,,,0,TRUE,TRUE,FALSE,0,TRUE,1,claude-sonnet,proteome_discoverer,constrained_v3,2,benchmark,5.25
ProductCharge,,,0,TRUE,TRUE,FALSE,0,TRUE,1,claude-sonnet,proteome_discoverer,constrained_v3,2,benchmark,5.25
Run,Spectrum.File,Spectrum.File,1,TRUE,TRUE,FALSE,0.98,TRUE,1,claude-sonnet,proteome_discoverer,constrained_v3,2,benchmark,5.25
Intensity,Intensity,Precursor.Area,3,FALSE,TRUE,FALSE,0.98,TRUE,1,claude-sonnet,proteome_discoverer,constrained_v3,2,benchmark,5.25
Qvalue,,,0,TRUE,TRUE,FALSE,0,TRUE,1,claude-sonnet,proteome_discoverer,constrained_v3,2,benchmark,5.25
ProteinName,Protein.Group.Accessions,Protein.Group.Accessions,1,TRUE,TRUE,FALSE,0.98,TRUE,1,claude-sonnet,proteome_discoverer,constrained_v3,3,benchmark,5.46
PeptideSequence,Sequence,Sequence,1,TRUE,TRUE,FALSE,0.92,TRUE,1,claude-sonnet,proteome_discoverer,constrained_v3,3,benchmark,5.46
PrecursorCharge,Charge,Charge,1,TRUE,TRUE,FALSE,0.92,TRUE,1,claude-sonnet,proteome_discoverer,constrained_v3,3,benchmark,5.46
FragmentIon,,,0,TRUE,TRUE,FALSE,0,TRUE,1,claude-sonnet,proteome_discoverer,constrained_v3,3,benchmark,5.46
ProductCharge,,,0,TRUE,TRUE,FALSE,0,TRUE,1,claude-sonnet,proteome_discoverer,constrained_v3,3,benchmark,5.46
Run,Spectrum.File,Spectrum.File,1,TRUE,TRUE,FALSE,0.98,TRUE,1,claude-sonnet,proteome_discoverer,constrained_v3,3,benchmark,5.46
Intensity,Intensity,Precursor.Area,3,FALSE,TRUE,FALSE,0.98,TRUE,1,claude-sonnet,proteome_discoverer,constrained_v3,3,benchmark,5.46
Qvalue,,,0,TRUE,TRUE,FALSE,0,TRUE,1,claude-sonnet,proteome_discoverer,constrained_v3,3,benchmark,5.46
ProteinName,Protein.Group.Accessions,Protein.Group.Accessions,1,TRUE,TRUE,FALSE,0.92,TRUE,1,claude-sonnet,proteome_discoverer,constrained_filter_v3,1,benchmark,11.42
PeptideSequence,Sequence,Sequence,1,TRUE,TRUE,FALSE,0.9,TRUE,1,claude-sonnet,proteome_discoverer,constrained_filter_v3,1,benchmark,11.42
PrecursorCharge,Charge,Charge,1,TRUE,TRUE,FALSE,0.92,TRUE,1,claude-sonnet,proteome_discoverer,constrained_filter_v3,1,benchmark,11.42
FragmentIon,,,0,TRUE,TRUE,FALSE,0,TRUE,1,claude-sonnet,proteome_discoverer,constrained_filter_v3,1,benchmark,11.42
ProductCharge,,,0,TRUE,TRUE,FALSE,0,TRUE,1,claude-sonnet,proteome_discoverer,constrained_filter_v3,1,benchmark,11.42
Run,Spectrum.File,Spectrum.File,1,TRUE,TRUE,FALSE,0.98,TRUE,1,claude-sonnet,proteome_discoverer,constrained_filter_v3,1,benchmark,11.42
Intensity,Intensity,Precursor.Area,3,FALSE,TRUE,FALSE,0.98,TRUE,1,claude-sonnet,proteome_discoverer,constrained_filter_v3,1,benchmark,11.42
Qvalue,,,0,TRUE,TRUE,FALSE,0,TRUE,1,claude-sonnet,proteome_discoverer,constrained_filter_v3,1,benchmark,11.42
ProteinName,Protein.Group.Accessions,Protein.Group.Accessions,1,TRUE,TRUE,FALSE,0.92,TRUE,1,claude-sonnet,proteome_discoverer,constrained_filter_v3,2,benchmark,11.79
PeptideSequence,Sequence,Sequence,1,TRUE,TRUE,FALSE,0.92,TRUE,1,claude-sonnet,proteome_discoverer,constrained_filter_v3,2,benchmark,11.79
PrecursorCharge,Charge,Charge,1,TRUE,TRUE,FALSE,0.92,TRUE,1,claude-sonnet,proteome_discoverer,constrained_filter_v3,2,benchmark,11.79
FragmentIon,,,0,TRUE,TRUE,FALSE,0,TRUE,1,claude-sonnet,proteome_discoverer,constrained_filter_v3,2,benchmark,11.79
ProductCharge,,,0,TRUE,TRUE,FALSE,0,TRUE,1,claude-sonnet,proteome_discoverer,constrained_filter_v3,2,benchmark,11.79
Run,Spectrum.File,Spectrum.File,1,TRUE,TRUE,FALSE,0.98,TRUE,1,claude-sonnet,proteome_discoverer,constrained_filter_v3,2,benchmark,11.79
Intensity,Intensity,Precursor.Area,3,FALSE,TRUE,FALSE,0.98,TRUE,1,claude-sonnet,proteome_discoverer,constrained_filter_v3,2,benchmark,11.79
Qvalue,,,0,TRUE,TRUE,FALSE,0,TRUE,1,claude-sonnet,proteome_discoverer,constrained_filter_v3,2,benchmark,11.79
ProteinName,Protein.Group.Accessions,Protein.Group.Accessions,1,TRUE,TRUE,FALSE,0.92,TRUE,1,claude-sonnet,proteome_discoverer,constrained_filter_v3,3,benchmark,11.24
PeptideSequence,Sequence,Sequence,1,TRUE,TRUE,FALSE,0.92,TRUE,1,claude-sonnet,proteome_discoverer,constrained_filter_v3,3,benchmark,11.24
PrecursorCharge,Charge,Charge,1,TRUE,TRUE,FALSE,0.92,TRUE,1,claude-sonnet,proteome_discoverer,constrained_filter_v3,3,benchmark,11.24
FragmentIon,,,0,TRUE,TRUE,FALSE,0,TRUE,1,claude-sonnet,proteome_discoverer,constrained_filter_v3,3,benchmark,11.24
ProductCharge,,,0,TRUE,TRUE,FALSE,0,TRUE,1,claude-sonnet,proteome_discoverer,constrained_filter_v3,3,benchmark,11.24
Run,Spectrum.File,Spectrum.File,1,TRUE,TRUE,FALSE,0.98,TRUE,1,claude-sonnet,proteome_discoverer,constrained_filter_v3,3,benchmark,11.24
Intensity,Intensity,Precursor.Area,3,FALSE,TRUE,FALSE,0.98,TRUE,1,claude-sonnet,proteome_discoverer,constrained_filter_v3,3,benchmark,11.24
Qvalue,,,0,TRUE,TRUE,FALSE,0,TRUE,1,claude-sonnet,proteome_discoverer,constrained_filter_v3,3,benchmark,11.24
ProteinName,Protein.Group,Protein.Group,1,TRUE,TRUE,FALSE,0.9,TRUE,1,claude-sonnet,metamorpheus,lean,1,benchmark,6.34
PeptideSequence,Full.Sequence,Full.Sequence,1,TRUE,TRUE,FALSE,0.85,TRUE,1,claude-sonnet,metamorpheus,lean,1,benchmark,6.34
PrecursorCharge,Precursor.Charge,Precursor.Charge,1,TRUE,TRUE,FALSE,0.9,TRUE,1,claude-sonnet,metamorpheus,lean,1,benchmark,6.34
FragmentIon,,,0,TRUE,TRUE,FALSE,1,TRUE,1,claude-sonnet,metamorpheus,lean,1,benchmark,6.34
ProductCharge,,,0,TRUE,TRUE,FALSE,1,TRUE,1,claude-sonnet,metamorpheus,lean,1,benchmark,6.34
Run,File.Name,File.Name,1,TRUE,TRUE,FALSE,0.85,TRUE,1,claude-sonnet,metamorpheus,lean,1,benchmark,6.34
Intensity,Peak.intensity,Peak.intensity,1,TRUE,TRUE,FALSE,0.9,TRUE,1,claude-sonnet,metamorpheus,lean,1,benchmark,6.34
Qvalue,PIP.Q.Value,PIP.Q.Value,1,TRUE,TRUE,FALSE,0.7,TRUE,1,claude-sonnet,metamorpheus,lean,1,benchmark,6.34
ProteinName,Protein.Group,Protein.Group,1,TRUE,TRUE,FALSE,0.9,TRUE,1,claude-sonnet,metamorpheus,lean,2,benchmark,6.42
PeptideSequence,Full.Sequence,Full.Sequence,1,TRUE,TRUE,FALSE,0.85,TRUE,1,claude-sonnet,metamorpheus,lean,2,benchmark,6.42
PrecursorCharge,Precursor.Charge,Precursor.Charge,1,TRUE,TRUE,FALSE,0.95,TRUE,1,claude-sonnet,metamorpheus,lean,2,benchmark,6.42
FragmentIon,,,0,TRUE,TRUE,FALSE,1,TRUE,1,claude-sonnet,metamorpheus,lean,2,benchmark,6.42
ProductCharge,,,0,TRUE,TRUE,FALSE,1,TRUE,1,claude-sonnet,metamorpheus,lean,2,benchmark,6.42
Run,File.Name,File.Name,1,TRUE,TRUE,FALSE,0.9,TRUE,1,claude-sonnet,metamorpheus,lean,2,benchmark,6.42
Intensity,Peak.intensity,Peak.intensity,1,TRUE,TRUE,FALSE,0.9,TRUE,1,claude-sonnet,metamorpheus,lean,2,benchmark,6.42
Qvalue,PIP.Q.Value,PIP.Q.Value,1,TRUE,TRUE,FALSE,0.8,TRUE,1,claude-sonnet,metamorpheus,lean,2,benchmark,6.42
ProteinName,Protein.Group,Protein.Group,1,TRUE,TRUE,FALSE,0.9,TRUE,1,claude-sonnet,metamorpheus,lean,3,benchmark,7.52
PeptideSequence,Full.Sequence,Full.Sequence,1,TRUE,TRUE,FALSE,0.85,TRUE,1,claude-sonnet,metamorpheus,lean,3,benchmark,7.52
PrecursorCharge,Precursor.Charge,Precursor.Charge,1,TRUE,TRUE,FALSE,0.9,TRUE,1,claude-sonnet,metamorpheus,lean,3,benchmark,7.52
FragmentIon,,,0,TRUE,TRUE,FALSE,1,TRUE,1,claude-sonnet,metamorpheus,lean,3,benchmark,7.52
ProductCharge,,,0,TRUE,TRUE,FALSE,1,TRUE,1,claude-sonnet,metamorpheus,lean,3,benchmark,7.52
Run,File.Name,File.Name,1,TRUE,TRUE,FALSE,0.85,TRUE,1,claude-sonnet,metamorpheus,lean,3,benchmark,7.52
Intensity,Peak.intensity,Peak.intensity,1,TRUE,TRUE,FALSE,0.9,TRUE,1,claude-sonnet,metamorpheus,lean,3,benchmark,7.52
Qvalue,PIP.Q.Value,PIP.Q.Value,1,TRUE,TRUE,FALSE,0.7,TRUE,1,claude-sonnet,metamorpheus,lean,3,benchmark,7.52
ProteinName,Protein.Group,Protein.Group,1,TRUE,TRUE,FALSE,0.98,TRUE,1,claude-sonnet,metamorpheus,constrained,1,benchmark,6.42
PeptideSequence,Full.Sequence,Full.Sequence,1,TRUE,TRUE,FALSE,0.92,TRUE,1,claude-sonnet,metamorpheus,constrained,1,benchmark,6.42
PrecursorCharge,Precursor.Charge,Precursor.Charge,1,TRUE,TRUE,FALSE,0.98,TRUE,1,claude-sonnet,metamorpheus,constrained,1,benchmark,6.42
FragmentIon,,,0,TRUE,TRUE,FALSE,0,TRUE,1,claude-sonnet,metamorpheus,constrained,1,benchmark,6.42
ProductCharge,,,0,TRUE,TRUE,FALSE,0,TRUE,1,claude-sonnet,metamorpheus,constrained,1,benchmark,6.42
Run,File.Name,File.Name,1,TRUE,TRUE,FALSE,0.98,TRUE,1,claude-sonnet,metamorpheus,constrained,1,benchmark,6.42
Intensity,Peak.intensity,Peak.intensity,1,TRUE,TRUE,FALSE,0.98,TRUE,1,claude-sonnet,metamorpheus,constrained,1,benchmark,6.42
Qvalue,PIP.Q.Value,PIP.Q.Value,1,TRUE,TRUE,FALSE,0.8,TRUE,1,claude-sonnet,metamorpheus,constrained,1,benchmark,6.42
ProteinName,Protein.Group,Protein.Group,1,TRUE,TRUE,FALSE,0.92,TRUE,1,claude-sonnet,metamorpheus,constrained,2,benchmark,6.99
PeptideSequence,Full.Sequence,Full.Sequence,1,TRUE,TRUE,FALSE,0.92,TRUE,1,claude-sonnet,metamorpheus,constrained,2,benchmark,6.99
PrecursorCharge,Precursor.Charge,Precursor.Charge,1,TRUE,TRUE,FALSE,0.98,TRUE,1,claude-sonnet,metamorpheus,constrained,2,benchmark,6.99
FragmentIon,,,0,TRUE,TRUE,FALSE,0,TRUE,1,claude-sonnet,metamorpheus,constrained,2,benchmark,6.99
ProductCharge,,,0,TRUE,TRUE,FALSE,0,TRUE,1,claude-sonnet,metamorpheus,constrained,2,benchmark,6.99
Run,File.Name,File.Name,1,TRUE,TRUE,FALSE,0.98,TRUE,1,claude-sonnet,metamorpheus,constrained,2,benchmark,6.99
Intensity,Peak.intensity,Peak.intensity,1,TRUE,TRUE,FALSE,0.92,TRUE,1,claude-sonnet,metamorpheus,constrained,2,benchmark,6.99
Qvalue,PIP.Q.Value,PIP.Q.Value,1,TRUE,TRUE,FALSE,0.8,TRUE,1,claude-sonnet,metamorpheus,constrained,2,benchmark,6.99
ProteinName,Protein.Group,Protein.Group,1,TRUE,TRUE,FALSE,0.92,TRUE,1,claude-sonnet,metamorpheus,constrained,3,benchmark,7.55
PeptideSequence,Full.Sequence,Full.Sequence,1,TRUE,TRUE,FALSE,0.92,TRUE,1,claude-sonnet,metamorpheus,constrained,3,benchmark,7.55
PrecursorCharge,Precursor.Charge,Precursor.Charge,1,TRUE,TRUE,FALSE,0.98,TRUE,1,claude-sonnet,metamorpheus,constrained,3,benchmark,7.55
FragmentIon,,,0,TRUE,TRUE,FALSE,0,TRUE,1,claude-sonnet,metamorpheus,constrained,3,benchmark,7.55
ProductCharge,,,0,TRUE,TRUE,FALSE,0,TRUE,1,claude-sonnet,metamorpheus,constrained,3,benchmark,7.55
Run,File.Name,File.Name,1,TRUE,TRUE,FALSE,0.98,TRUE,1,claude-sonnet,metamorpheus,constrained,3,benchmark,7.55
Intensity,Peak.intensity,Peak.intensity,1,TRUE,TRUE,FALSE,0.98,TRUE,1,claude-sonnet,metamorpheus,constrained,3,benchmark,7.55
Qvalue,PIP.Q.Value,PIP.Q.Value,1,TRUE,TRUE,FALSE,0.8,TRUE,1,claude-sonnet,metamorpheus,constrained,3,benchmark,7.55
ProteinName,Protein.Group,Protein.Group,1,TRUE,TRUE,FALSE,0.9,TRUE,1,claude-sonnet,metamorpheus,filter_aware,1,benchmark,11.85
PeptideSequence,Full.Sequence,Full.Sequence,1,TRUE,TRUE,FALSE,0.85,TRUE,1,claude-sonnet,metamorpheus,filter_aware,1,benchmark,11.85
PrecursorCharge,Precursor.Charge,Precursor.Charge,1,TRUE,TRUE,FALSE,0.9,TRUE,1,claude-sonnet,metamorpheus,filter_aware,1,benchmark,11.85
FragmentIon,,,0,TRUE,TRUE,FALSE,1,TRUE,1,claude-sonnet,metamorpheus,filter_aware,1,benchmark,11.85
ProductCharge,,,0,TRUE,TRUE,FALSE,1,TRUE,1,claude-sonnet,metamorpheus,filter_aware,1,benchmark,11.85
Run,File.Name,File.Name,1,TRUE,TRUE,FALSE,0.9,TRUE,1,claude-sonnet,metamorpheus,filter_aware,1,benchmark,11.85
Intensity,Peak.intensity,Peak.intensity,1,TRUE,TRUE,FALSE,0.9,TRUE,1,claude-sonnet,metamorpheus,filter_aware,1,benchmark,11.85
Qvalue,PIP.Q.Value,PIP.Q.Value,1,TRUE,TRUE,FALSE,0.75,TRUE,1,claude-sonnet,metamorpheus,filter_aware,1,benchmark,11.85
ProteinName,Protein.Group,Protein.Group,1,TRUE,TRUE,FALSE,0.9,TRUE,1,claude-sonnet,metamorpheus,filter_aware,2,benchmark,11.71
PeptideSequence,Full.Sequence,Full.Sequence,1,TRUE,TRUE,FALSE,0.85,TRUE,1,claude-sonnet,metamorpheus,filter_aware,2,benchmark,11.71
PrecursorCharge,Precursor.Charge,Precursor.Charge,1,TRUE,TRUE,FALSE,0.9,TRUE,1,claude-sonnet,metamorpheus,filter_aware,2,benchmark,11.71
FragmentIon,,,0,TRUE,TRUE,FALSE,1,TRUE,1,claude-sonnet,metamorpheus,filter_aware,2,benchmark,11.71
ProductCharge,,,0,TRUE,TRUE,FALSE,1,TRUE,1,claude-sonnet,metamorpheus,filter_aware,2,benchmark,11.71
Run,File.Name,File.Name,1,TRUE,TRUE,FALSE,0.85,TRUE,1,claude-sonnet,metamorpheus,filter_aware,2,benchmark,11.71
Intensity,Peak.intensity,Peak.intensity,1,TRUE,TRUE,FALSE,0.9,TRUE,1,claude-sonnet,metamorpheus,filter_aware,2,benchmark,11.71
Qvalue,PIP.Q.Value,PIP.Q.Value,1,TRUE,TRUE,FALSE,0.8,TRUE,1,claude-sonnet,metamorpheus,filter_aware,2,benchmark,11.71
ProteinName,Protein.Group,Protein.Group,1,TRUE,TRUE,FALSE,0.9,TRUE,1,claude-sonnet,metamorpheus,filter_aware,3,benchmark,11.05
PeptideSequence,Full.Sequence,Full.Sequence,1,TRUE,TRUE,FALSE,0.85,TRUE,1,claude-sonnet,metamorpheus,filter_aware,3,benchmark,11.05
PrecursorCharge,Precursor.Charge,Precursor.Charge,1,TRUE,TRUE,FALSE,0.9,TRUE,1,claude-sonnet,metamorpheus,filter_aware,3,benchmark,11.05
FragmentIon,,,0,TRUE,TRUE,FALSE,1,TRUE,1,claude-sonnet,metamorpheus,filter_aware,3,benchmark,11.05
ProductCharge,,,0,TRUE,TRUE,FALSE,1,TRUE,1,claude-sonnet,metamorpheus,filter_aware,3,benchmark,11.05
Run,File.Name,File.Name,1,TRUE,TRUE,FALSE,0.9,TRUE,1,claude-sonnet,metamorpheus,filter_aware,3,benchmark,11.05
Intensity,Peak.intensity,Peak.intensity,1,TRUE,TRUE,FALSE,0.9,TRUE,1,claude-sonnet,metamorpheus,filter_aware,3,benchmark,11.05
Qvalue,PIP.Q.Value,PIP.Q.Value,1,TRUE,TRUE,FALSE,0.85,TRUE,1,claude-sonnet,metamorpheus,filter_aware,3,benchmark,11.05
ProteinName,Protein.Group,Protein.Group,1,TRUE,TRUE,FALSE,0.98,TRUE,1,claude-sonnet,metamorpheus,constrained_filter,1,benchmark,11.46
PeptideSequence,Full.Sequence,Full.Sequence,1,TRUE,TRUE,FALSE,0.92,TRUE,1,claude-sonnet,metamorpheus,constrained_filter,1,benchmark,11.46
PrecursorCharge,Precursor.Charge,Precursor.Charge,1,TRUE,TRUE,FALSE,0.98,TRUE,1,claude-sonnet,metamorpheus,constrained_filter,1,benchmark,11.46
FragmentIon,,,0,TRUE,TRUE,FALSE,0,TRUE,1,claude-sonnet,metamorpheus,constrained_filter,1,benchmark,11.46
ProductCharge,,,0,TRUE,TRUE,FALSE,0,TRUE,1,claude-sonnet,metamorpheus,constrained_filter,1,benchmark,11.46
Run,File.Name,File.Name,1,TRUE,TRUE,FALSE,0.98,TRUE,1,claude-sonnet,metamorpheus,constrained_filter,1,benchmark,11.46
Intensity,Peak.intensity,Peak.intensity,1,TRUE,TRUE,FALSE,0.98,TRUE,1,claude-sonnet,metamorpheus,constrained_filter,1,benchmark,11.46
Qvalue,PIP.Q.Value,PIP.Q.Value,1,TRUE,TRUE,FALSE,0.98,TRUE,1,claude-sonnet,metamorpheus,constrained_filter,1,benchmark,11.46
ProteinName,Protein.Group,Protein.Group,1,TRUE,TRUE,FALSE,0.98,TRUE,1,claude-sonnet,metamorpheus,constrained_filter,2,benchmark,10.74
PeptideSequence,Full.Sequence,Full.Sequence,1,TRUE,TRUE,FALSE,0.92,TRUE,1,claude-sonnet,metamorpheus,constrained_filter,2,benchmark,10.74
PrecursorCharge,Precursor.Charge,Precursor.Charge,1,TRUE,TRUE,FALSE,0.98,TRUE,1,claude-sonnet,metamorpheus,constrained_filter,2,benchmark,10.74
FragmentIon,,,0,TRUE,TRUE,FALSE,0,TRUE,1,claude-sonnet,metamorpheus,constrained_filter,2,benchmark,10.74
ProductCharge,,,0,TRUE,TRUE,FALSE,0,TRUE,1,claude-sonnet,metamorpheus,constrained_filter,2,benchmark,10.74
Run,File.Name,File.Name,1,TRUE,TRUE,FALSE,0.92,TRUE,1,claude-sonnet,metamorpheus,constrained_filter,2,benchmark,10.74
Intensity,Peak.intensity,Peak.intensity,1,TRUE,TRUE,FALSE,0.92,TRUE,1,claude-sonnet,metamorpheus,constrained_filter,2,benchmark,10.74
Qvalue,PIP.Q.Value,PIP.Q.Value,1,TRUE,TRUE,FALSE,0.98,TRUE,1,claude-sonnet,metamorpheus,constrained_filter,2,benchmark,10.74
ProteinName,Protein.Group,Protein.Group,1,TRUE,TRUE,FALSE,0.92,TRUE,1,claude-sonnet,metamorpheus,constrained_filter,3,benchmark,9.67
PeptideSequence,Full.Sequence,Full.Sequence,1,TRUE,TRUE,FALSE,0.92,TRUE,1,claude-sonnet,metamorpheus,constrained_filter,3,benchmark,9.67
PrecursorCharge,Precursor.Charge,Precursor.Charge,1,TRUE,TRUE,FALSE,0.98,TRUE,1,claude-sonnet,metamorpheus,constrained_filter,3,benchmark,9.67
FragmentIon,,,0,TRUE,TRUE,FALSE,0,TRUE,1,claude-sonnet,metamorpheus,constrained_filter,3,benchmark,9.67
ProductCharge,,,0,TRUE,TRUE,FALSE,0,TRUE,1,claude-sonnet,metamorpheus,constrained_filter,3,benchmark,9.67
Run,File.Name,File.Name,1,TRUE,TRUE,FALSE,0.98,TRUE,1,claude-sonnet,metamorpheus,constrained_filter,3,benchmark,9.67
Intensity,Peak.intensity,Peak.intensity,1,TRUE,TRUE,FALSE,0.98,TRUE,1,claude-sonnet,metamorpheus,constrained_filter,3,benchmark,9.67
Qvalue,PIP.Q.Value,PIP.Q.Value,1,TRUE,TRUE,FALSE,0.98,TRUE,1,claude-sonnet,metamorpheus,constrained_filter,3,benchmark,9.67
ProteinName,Protein.Group,Protein.Group,1,TRUE,TRUE,FALSE,0.98,TRUE,1,claude-sonnet,metamorpheus,constrained_v2,1,benchmark,7.02
PeptideSequence,Full.Sequence,Full.Sequence,1,TRUE,TRUE,FALSE,0.98,TRUE,1,claude-sonnet,metamorpheus,constrained_v2,1,benchmark,7.02
PrecursorCharge,Precursor.Charge,Precursor.Charge,1,TRUE,TRUE,FALSE,0.98,TRUE,1,claude-sonnet,metamorpheus,constrained_v2,1,benchmark,7.02
FragmentIon,,,0,TRUE,TRUE,FALSE,0,TRUE,1,claude-sonnet,metamorpheus,constrained_v2,1,benchmark,7.02
ProductCharge,,,0,TRUE,TRUE,FALSE,0,TRUE,1,claude-sonnet,metamorpheus,constrained_v2,1,benchmark,7.02
Run,File.Name,File.Name,1,TRUE,TRUE,FALSE,0.98,TRUE,1,claude-sonnet,metamorpheus,constrained_v2,1,benchmark,7.02
Intensity,Peak.intensity,Peak.intensity,1,TRUE,TRUE,FALSE,0.98,TRUE,1,claude-sonnet,metamorpheus,constrained_v2,1,benchmark,7.02
Qvalue,PIP.Q.Value,PIP.Q.Value,1,TRUE,TRUE,FALSE,0.92,TRUE,1,claude-sonnet,metamorpheus,constrained_v2,1,benchmark,7.02
ProteinName,Protein.Group,Protein.Group,1,TRUE,TRUE,FALSE,0.92,TRUE,1,claude-sonnet,metamorpheus,constrained_v2,2,benchmark,6.73
PeptideSequence,Full.Sequence,Full.Sequence,1,TRUE,TRUE,FALSE,0.98,TRUE,1,claude-sonnet,metamorpheus,constrained_v2,2,benchmark,6.73
PrecursorCharge,Precursor.Charge,Precursor.Charge,1,TRUE,TRUE,FALSE,0.98,TRUE,1,claude-sonnet,metamorpheus,constrained_v2,2,benchmark,6.73
FragmentIon,,,0,TRUE,TRUE,FALSE,0,TRUE,1,claude-sonnet,metamorpheus,constrained_v2,2,benchmark,6.73
ProductCharge,,,0,TRUE,TRUE,FALSE,0,TRUE,1,claude-sonnet,metamorpheus,constrained_v2,2,benchmark,6.73
Run,File.Name,File.Name,1,TRUE,TRUE,FALSE,0.98,TRUE,1,claude-sonnet,metamorpheus,constrained_v2,2,benchmark,6.73
Intensity,Peak.intensity,Peak.intensity,1,TRUE,TRUE,FALSE,0.98,TRUE,1,claude-sonnet,metamorpheus,constrained_v2,2,benchmark,6.73
Qvalue,PIP.Q.Value,PIP.Q.Value,1,TRUE,TRUE,FALSE,0.8,TRUE,1,claude-sonnet,metamorpheus,constrained_v2,2,benchmark,6.73
ProteinName,Protein.Group,Protein.Group,1,TRUE,TRUE,FALSE,0.98,TRUE,1,claude-sonnet,metamorpheus,constrained_v2,3,benchmark,6.71
PeptideSequence,Full.Sequence,Full.Sequence,1,TRUE,TRUE,FALSE,0.98,TRUE,1,claude-sonnet,metamorpheus,constrained_v2,3,benchmark,6.71
PrecursorCharge,Precursor.Charge,Precursor.Charge,1,TRUE,TRUE,FALSE,0.98,TRUE,1,claude-sonnet,metamorpheus,constrained_v2,3,benchmark,6.71
FragmentIon,,,0,TRUE,TRUE,FALSE,0,TRUE,1,claude-sonnet,metamorpheus,constrained_v2,3,benchmark,6.71
ProductCharge,,,0,TRUE,TRUE,FALSE,0,TRUE,1,claude-sonnet,metamorpheus,constrained_v2,3,benchmark,6.71
Run,File.Name,File.Name,1,TRUE,TRUE,FALSE,0.98,TRUE,1,claude-sonnet,metamorpheus,constrained_v2,3,benchmark,6.71
Intensity,Peak.intensity,Peak.intensity,1,TRUE,TRUE,FALSE,0.98,TRUE,1,claude-sonnet,metamorpheus,constrained_v2,3,benchmark,6.71
Qvalue,PIP.Q.Value,PIP.Q.Value,1,TRUE,TRUE,FALSE,0.8,TRUE,1,claude-sonnet,metamorpheus,constrained_v2,3,benchmark,6.71
ProteinName,Protein.Group,Protein.Group,1,TRUE,TRUE,FALSE,0.98,TRUE,1,claude-sonnet,metamorpheus,constrained_filter_v2,1,benchmark,10.52
PeptideSequence,Full.Sequence,Full.Sequence,1,TRUE,TRUE,FALSE,0.98,TRUE,1,claude-sonnet,metamorpheus,constrained_filter_v2,1,benchmark,10.52
PrecursorCharge,Precursor.Charge,Precursor.Charge,1,TRUE,TRUE,FALSE,0.98,TRUE,1,claude-sonnet,metamorpheus,constrained_filter_v2,1,benchmark,10.52
FragmentIon,,,0,TRUE,TRUE,FALSE,0,TRUE,1,claude-sonnet,metamorpheus,constrained_filter_v2,1,benchmark,10.52
ProductCharge,,,0,TRUE,TRUE,FALSE,0,TRUE,1,claude-sonnet,metamorpheus,constrained_filter_v2,1,benchmark,10.52
Run,File.Name,File.Name,1,TRUE,TRUE,FALSE,0.92,TRUE,1,claude-sonnet,metamorpheus,constrained_filter_v2,1,benchmark,10.52
Intensity,Peak.intensity,Peak.intensity,1,TRUE,TRUE,FALSE,0.92,TRUE,1,claude-sonnet,metamorpheus,constrained_filter_v2,1,benchmark,10.52
Qvalue,PIP.Q.Value,PIP.Q.Value,1,TRUE,TRUE,FALSE,0.92,TRUE,1,claude-sonnet,metamorpheus,constrained_filter_v2,1,benchmark,10.52
ProteinName,Protein.Group,Protein.Group,1,TRUE,TRUE,FALSE,0.92,TRUE,1,claude-sonnet,metamorpheus,constrained_filter_v2,2,benchmark,10.95
PeptideSequence,Full.Sequence,Full.Sequence,1,TRUE,TRUE,FALSE,0.98,TRUE,1,claude-sonnet,metamorpheus,constrained_filter_v2,2,benchmark,10.95
PrecursorCharge,Precursor.Charge,Precursor.Charge,1,TRUE,TRUE,FALSE,0.98,TRUE,1,claude-sonnet,metamorpheus,constrained_filter_v2,2,benchmark,10.95
FragmentIon,,,0,TRUE,TRUE,FALSE,0,TRUE,1,claude-sonnet,metamorpheus,constrained_filter_v2,2,benchmark,10.95
ProductCharge,,,0,TRUE,TRUE,FALSE,0,TRUE,1,claude-sonnet,metamorpheus,constrained_filter_v2,2,benchmark,10.95
Run,File.Name,File.Name,1,TRUE,TRUE,FALSE,0.92,TRUE,1,claude-sonnet,metamorpheus,constrained_filter_v2,2,benchmark,10.95
Intensity,Peak.intensity,Peak.intensity,1,TRUE,TRUE,FALSE,0.98,TRUE,1,claude-sonnet,metamorpheus,constrained_filter_v2,2,benchmark,10.95
Qvalue,PIP.Q.Value,PIP.Q.Value,1,TRUE,TRUE,FALSE,0.98,TRUE,1,claude-sonnet,metamorpheus,constrained_filter_v2,2,benchmark,10.95
ProteinName,Protein.Group,Protein.Group,1,TRUE,TRUE,FALSE,0.98,TRUE,1,claude-sonnet,metamorpheus,constrained_filter_v2,3,benchmark,10.7
PeptideSequence,Full.Sequence,Full.Sequence,1,TRUE,TRUE,FALSE,0.98,TRUE,1,claude-sonnet,metamorpheus,constrained_filter_v2,3,benchmark,10.7
PrecursorCharge,Precursor.Charge,Precursor.Charge,1,TRUE,TRUE,FALSE,0.98,TRUE,1,claude-sonnet,metamorpheus,constrained_filter_v2,3,benchmark,10.7
FragmentIon,,,0,TRUE,TRUE,FALSE,0,TRUE,1,claude-sonnet,metamorpheus,constrained_filter_v2,3,benchmark,10.7
ProductCharge,,,0,TRUE,TRUE,FALSE,0,TRUE,1,claude-sonnet,metamorpheus,constrained_filter_v2,3,benchmark,10.7
Run,File.Name,File.Name,1,TRUE,TRUE,FALSE,0.98,TRUE,1,claude-sonnet,metamorpheus,constrained_filter_v2,3,benchmark,10.7
Intensity,Peak.intensity,Peak.intensity,1,TRUE,TRUE,FALSE,0.98,TRUE,1,claude-sonnet,metamorpheus,constrained_filter_v2,3,benchmark,10.7
Qvalue,PIP.Q.Value,PIP.Q.Value,1,TRUE,TRUE,FALSE,0.98,TRUE,1,claude-sonnet,metamorpheus,constrained_filter_v2,3,benchmark,10.7
ProteinName,Protein.Group,Protein.Group,1,TRUE,TRUE,FALSE,0.98,TRUE,1,claude-sonnet,metamorpheus,constrained_v3,1,benchmark,5.51
PeptideSequence,Full.Sequence,Full.Sequence,1,TRUE,TRUE,FALSE,0.98,TRUE,1,claude-sonnet,metamorpheus,constrained_v3,1,benchmark,5.51
PrecursorCharge,Precursor.Charge,Precursor.Charge,1,TRUE,TRUE,FALSE,0.98,TRUE,1,claude-sonnet,metamorpheus,constrained_v3,1,benchmark,5.51
FragmentIon,,,0,TRUE,TRUE,FALSE,0,TRUE,1,claude-sonnet,metamorpheus,constrained_v3,1,benchmark,5.51
ProductCharge,,,0,TRUE,TRUE,FALSE,0,TRUE,1,claude-sonnet,metamorpheus,constrained_v3,1,benchmark,5.51
Run,File.Name,File.Name,1,TRUE,TRUE,FALSE,0.98,TRUE,1,claude-sonnet,metamorpheus,constrained_v3,1,benchmark,5.51
Intensity,Peak.intensity,Peak.intensity,1,TRUE,TRUE,FALSE,0.98,TRUE,1,claude-sonnet,metamorpheus,constrained_v3,1,benchmark,5.51
Qvalue,PIP.Q.Value,PIP.Q.Value,1,TRUE,TRUE,FALSE,0.92,TRUE,1,claude-sonnet,metamorpheus,constrained_v3,1,benchmark,5.51
ProteinName,Protein.Group,Protein.Group,1,TRUE,TRUE,FALSE,0.92,TRUE,1,claude-sonnet,metamorpheus,constrained_v3,2,benchmark,6.67
PeptideSequence,Full.Sequence,Full.Sequence,1,TRUE,TRUE,FALSE,0.98,TRUE,1,claude-sonnet,metamorpheus,constrained_v3,2,benchmark,6.67
PrecursorCharge,Precursor.Charge,Precursor.Charge,1,TRUE,TRUE,FALSE,0.98,TRUE,1,claude-sonnet,metamorpheus,constrained_v3,2,benchmark,6.67
FragmentIon,,,0,TRUE,TRUE,FALSE,0,TRUE,1,claude-sonnet,metamorpheus,constrained_v3,2,benchmark,6.67
ProductCharge,,,0,TRUE,TRUE,FALSE,0,TRUE,1,claude-sonnet,metamorpheus,constrained_v3,2,benchmark,6.67
Run,File.Name,File.Name,1,TRUE,TRUE,FALSE,0.98,TRUE,1,claude-sonnet,metamorpheus,constrained_v3,2,benchmark,6.67
Intensity,Peak.intensity,Peak.intensity,1,TRUE,TRUE,FALSE,0.98,TRUE,1,claude-sonnet,metamorpheus,constrained_v3,2,benchmark,6.67
Qvalue,PIP.Q.Value,PIP.Q.Value,1,TRUE,TRUE,FALSE,0.8,TRUE,1,claude-sonnet,metamorpheus,constrained_v3,2,benchmark,6.67
ProteinName,Protein.Group,Protein.Group,1,TRUE,TRUE,FALSE,0.98,TRUE,1,claude-sonnet,metamorpheus,constrained_v3,3,benchmark,6.19
PeptideSequence,Full.Sequence,Full.Sequence,1,TRUE,TRUE,FALSE,0.98,TRUE,1,claude-sonnet,metamorpheus,constrained_v3,3,benchmark,6.19
PrecursorCharge,Precursor.Charge,Precursor.Charge,1,TRUE,TRUE,FALSE,0.98,TRUE,1,claude-sonnet,metamorpheus,constrained_v3,3,benchmark,6.19
FragmentIon,,,0,TRUE,TRUE,FALSE,0,TRUE,1,claude-sonnet,metamorpheus,constrained_v3,3,benchmark,6.19
ProductCharge,,,0,TRUE,TRUE,FALSE,0,TRUE,1,claude-sonnet,metamorpheus,constrained_v3,3,benchmark,6.19
Run,File.Name,File.Name,1,TRUE,TRUE,FALSE,0.98,TRUE,1,claude-sonnet,metamorpheus,constrained_v3,3,benchmark,6.19
Intensity,Peak.intensity,Peak.intensity,1,TRUE,TRUE,FALSE,0.98,TRUE,1,claude-sonnet,metamorpheus,constrained_v3,3,benchmark,6.19
Qvalue,PIP.Q.Value,PIP.Q.Value,1,TRUE,TRUE,FALSE,0.8,TRUE,1,claude-sonnet,metamorpheus,constrained_v3,3,benchmark,6.19
ProteinName,Protein.Group,Protein.Group,1,TRUE,TRUE,FALSE,0.98,TRUE,1,claude-sonnet,metamorpheus,constrained_filter_v3,1,benchmark,12.05
PeptideSequence,Full.Sequence,Full.Sequence,1,TRUE,TRUE,FALSE,0.98,TRUE,1,claude-sonnet,metamorpheus,constrained_filter_v3,1,benchmark,12.05
PrecursorCharge,Precursor.Charge,Precursor.Charge,1,TRUE,TRUE,FALSE,0.98,TRUE,1,claude-sonnet,metamorpheus,constrained_filter_v3,1,benchmark,12.05
FragmentIon,,,0,TRUE,TRUE,FALSE,0,TRUE,1,claude-sonnet,metamorpheus,constrained_filter_v3,1,benchmark,12.05
ProductCharge,,,0,TRUE,TRUE,FALSE,0,TRUE,1,claude-sonnet,metamorpheus,constrained_filter_v3,1,benchmark,12.05
Run,File.Name,File.Name,1,TRUE,TRUE,FALSE,0.98,TRUE,1,claude-sonnet,metamorpheus,constrained_filter_v3,1,benchmark,12.05
Intensity,Peak.intensity,Peak.intensity,1,TRUE,TRUE,FALSE,0.98,TRUE,1,claude-sonnet,metamorpheus,constrained_filter_v3,1,benchmark,12.05
Qvalue,PIP.Q.Value,PIP.Q.Value,1,TRUE,TRUE,FALSE,0.98,TRUE,1,claude-sonnet,metamorpheus,constrained_filter_v3,1,benchmark,12.05
ProteinName,Protein.Group,Protein.Group,1,TRUE,TRUE,FALSE,0.98,TRUE,1,claude-sonnet,metamorpheus,constrained_filter_v3,2,benchmark,10.49
PeptideSequence,Full.Sequence,Full.Sequence,1,TRUE,TRUE,FALSE,0.98,TRUE,1,claude-sonnet,metamorpheus,constrained_filter_v3,2,benchmark,10.49
PrecursorCharge,Precursor.Charge,Precursor.Charge,1,TRUE,TRUE,FALSE,0.98,TRUE,1,claude-sonnet,metamorpheus,constrained_filter_v3,2,benchmark,10.49
FragmentIon,,,0,TRUE,TRUE,FALSE,0,TRUE,1,claude-sonnet,metamorpheus,constrained_filter_v3,2,benchmark,10.49
ProductCharge,,,0,TRUE,TRUE,FALSE,0,TRUE,1,claude-sonnet,metamorpheus,constrained_filter_v3,2,benchmark,10.49
Run,File.Name,File.Name,1,TRUE,TRUE,FALSE,0.92,TRUE,1,claude-sonnet,metamorpheus,constrained_filter_v3,2,benchmark,10.49
Intensity,Peak.intensity,Peak.intensity,1,TRUE,TRUE,FALSE,0.98,TRUE,1,claude-sonnet,metamorpheus,constrained_filter_v3,2,benchmark,10.49
Qvalue,PIP.Q.Value,PIP.Q.Value,1,TRUE,TRUE,FALSE,0.98,TRUE,1,claude-sonnet,metamorpheus,constrained_filter_v3,2,benchmark,10.49
ProteinName,Protein.Group,Protein.Group,1,TRUE,TRUE,FALSE,0.92,TRUE,1,claude-sonnet,metamorpheus,constrained_filter_v3,3,benchmark,10.62
PeptideSequence,Full.Sequence,Full.Sequence,1,TRUE,TRUE,FALSE,0.98,TRUE,1,claude-sonnet,metamorpheus,constrained_filter_v3,3,benchmark,10.62
PrecursorCharge,Precursor.Charge,Precursor.Charge,1,TRUE,TRUE,FALSE,0.98,TRUE,1,claude-sonnet,metamorpheus,constrained_filter_v3,3,benchmark,10.62
FragmentIon,,,0,TRUE,TRUE,FALSE,0,TRUE,1,claude-sonnet,metamorpheus,constrained_filter_v3,3,benchmark,10.62
ProductCharge,,,0,TRUE,TRUE,FALSE,0,TRUE,1,claude-sonnet,metamorpheus,constrained_filter_v3,3,benchmark,10.62
Run,File.Name,File.Name,1,TRUE,TRUE,FALSE,0.92,TRUE,1,claude-sonnet,metamorpheus,constrained_filter_v3,3,benchmark,10.62
Intensity,Peak.intensity,Peak.intensity,1,TRUE,TRUE,FALSE,0.92,TRUE,1,claude-sonnet,metamorpheus,constrained_filter_v3,3,benchmark,10.62
Qvalue,PIP.Q.Value,PIP.Q.Value,1,TRUE,TRUE,FALSE,0.98,TRUE,1,claude-sonnet,metamorpheus,constrained_filter_v3,3,benchmark,10.62
